gt_match_id,order_id,expected_amount,currency,status,anomaly_flags
GM000000,ORDGM000000,336.22,INR,pending,
GM000001,ORDGM000001,3633.01,INR,pending,
GM000002,ORDGM000002,1543.91,INR,pending,
GM000003,ORDGM000003,103.39,INR,pending,
GM000004,ORDGM000004,108.52,INR,pending,
GM000005,ORDGM000005,689.85,INR,pending,
GM000006,ORDGM000006,2261.08,INR,pending,
GM000007,ORDGM000007,1498.45,INR,pending,
GM000008,ORDGM000008,880.52,INR,pending,
GM000009,ORDGM000009,3065.61,INR,pending,
GM000010,ORDGM000010,580.47,INR,pending,
GM000011,ORDGM000011,2717.13,INR,pending,
GM000012,ORDGM000012,194.74,INR,pending,
GM000013,ORDGM000013,3370.33,INR,pending,
GM000014,ORDGM000014,1158.30,INR,pending,
GM000015,ORDGM000015,2030.34,INR,pending,
GM000016,ORDGM000016,2026.12,INR,pending,
GM000017,ORDGM000017,2758.20,INR,pending,
GM000018,ORDGM000018,886.37,INR,pending,
GM000019,ORDGM000019,910.75,INR,pending,
GM000021,ORDGM000021,1284.94,INR,pending,
GM000022,ORDGM000022,1345.19,INR,pending,
GM000023,ORDGM000023,1108.07,INR,pending,
GM000024,ORDGM000024,1523.90,INR,pending,
GM000025,ORDGM000025,2703.05,INR,pending,
GM000026,ORDGM000026,732.65,INR,pending,
GM000027,ORDGM000027,5730.08,INR,pending,
GM000029,ORDGM000029,1723.07,INR,pending,
GM000030,ORDGM000030,3516.61,INR,pending,
GM000031,ORDGM000031,573.64,INR,pending,
GM000032,ORDGM000032,2539.85,INR,pending,
GM000033,ORDGM000033,429.20,INR,pending,
GM000034,ORDGM000034,426.64,INR,pending,
GM000035,ORDGM000035,1014.19,INR,pending,
GM000036,ORDGM000036,5727.60,INR,pending,
GM000037,ORDGM000037,46.37,INR,pending,
GM000038,ORDGM000038,3322.00,INR,pending,
GM000039,ORDGM000039,1120.90,INR,pending,
GM000040,ORDGM000040,800.21,INR,pending,
GM000041,ORDGM000041,4293.48,INR,pending,
GM000042,ORDGM000042,6688.47,INR,pending,
GM000043,ORDGM000043,826.43,INR,pending,
GM000044,ORDGM000044,315.54,INR,pending,
GM000045,ORDGM000045,825.19,INR,pending,
GM000046,ORDGM000046,1672.32,INR,pending,
GM000047,ORDGM000047,503.65,INR,pending,
GM000048,ORDGM000048,4741.28,INR,pending,
GM000049,ORDGM000049,1083.55,INR,pending,
GM000050,ORDGM000050,501.75,INR,pending,
GM000051,ORDGM000051,3469.75,INR,pending,
GM000052,ORDGM000052,3279.46,INR,pending,
GM000053,ORDGM000053,1630.13,INR,pending,
GM000055,ORDGM000055,4833.73,INR,pending,
GM000056,ORDGM000056,2282.46,INR,pending,
GM000057,ORDGM000057,1217.71,INR,pending,
GM000059,ORDGM000059,906.40,INR,pending,
GM000060,ORDGM000060,3183.65,INR,pending,
GM000061,ORDGM000061,321.51,INR,pending,
GM000062,ORDGM000062,2095.85,INR,pending,
GM000063,ORDGM000063,1528.08,INR,pending,
GM000064,ORDGM000064,1119.89,INR,pending,
GM000065,ORDGM000065,1705.45,INR,pending,
GM000066,ORDGM000066,694.32,INR,pending,
GM000067,ORDGM000067,854.05,INR,pending,
GM000068,ORDGM000068,6873.59,INR,pending,
GM000069,ORDGM000069,579.34,INR,pending,
GM000070,ORDGM000070,8617.76,INR,pending,
GM000071,ORDGM000071,3187.59,INR,pending,
GM000072,ORDGM000072,189.61,INR,pending,
GM000073,ORDGM000073,2030.49,INR,pending,
GM000074,ORDGM000074,4218.81,INR,pending,
GM000075,ORDGM000075,277.46,INR,pending,
GM000076,ORDGM000076,469.98,INR,pending,
GM000077,ORDGM000077,594.87,INR,pending,
GM000078,ORDGM000078,300.85,INR,pending,
GM000079,ORDGM000079,477.20,INR,pending,
GM000080,ORDGM000080,4576.90,INR,pending,
GM000081,ORDGM000081,213.24,INR,pending,
GM000082,ORDGM000082,267.19,INR,pending,
GM000083,ORDGM000083,1961.11,INR,pending,
GM000084,ORDGM000084,2587.83,INR,pending,
GM000085,ORDGM000085,528.94,INR,pending,
GM000086,ORDGM000086,1244.45,INR,pending,
GM000087,ORDGM000087,2975.18,INR,pending,
GM000088,ORDGM000088,917.15,INR,pending,
GM000089,ORDGM000089,2211.40,INR,pending,
GM000090,ORDGM000090,218.90,INR,pending,
GM000091,ORDGM000091,2417.26,INR,pending,
GM000092,ORDGM000092,6661.38,INR,pending,
GM000093,ORDGM000093,846.53,INR,pending,
GM000094,ORDGM000094,2689.45,INR,pending,
GM000097,ORDGM000097,3046.59,INR,pending,
GM000098,ORDGM000098,1785.87,INR,pending,
GM000099,ORDGM000099,5128.63,INR,pending,
GM000100,ORDGM000100,7163.25,INR,pending,
GM000101,ORDGM000101,2167.34,INR,pending,
GM000102,ORDGM000102,1389.90,INR,pending,
GM000103,ORDGM000103,11700.50,INR,pending,
GM000104,ORDGM000104,602.20,INR,pending,
GM000105,ORDGM000105,3742.51,INR,pending,
GM000106,ORDGM000106,2745.06,INR,pending,
GM000107,ORDGM000107,3967.20,INR,pending,
GM000108,ORDGM000108,33.09,INR,pending,
GM000109,ORDGM000109,499.52,INR,pending,
GM000110,ORDGM000110,97.91,INR,pending,
GM000111,ORDGM000111,955.53,INR,pending,
GM000112,ORDGM000112,1130.09,INR,pending,
GM000113,ORDGM000113,30.51,INR,pending,
GM000114,ORDGM000114,628.73,INR,pending,
GM000115,ORDGM000115,777.64,INR,pending,
GM000116,ORDGM000116,52.61,INR,pending,
GM000117,ORDGM000117,5093.45,INR,pending,
GM000118,ORDGM000118,1987.72,INR,pending,
GM000119,ORDGM000119,379.21,INR,pending,
GM000120,ORDGM000120,6761.00,INR,pending,
GM000121,ORDGM000121,88.96,INR,pending,
GM000122,ORDGM000122,2678.89,INR,pending,
GM000123,ORDGM000123,604.53,INR,pending,
GM000124,ORDGM000124,303.83,INR,pending,
GM000125,ORDGM000125,223.40,INR,pending,
GM000126,ORDGM000126,491.33,INR,pending,
GM000127,ORDGM000127,878.23,INR,pending,
GM000128,ORDGM000128,2200.17,INR,pending,
GM000129,ORDGM000129,1563.04,INR,pending,
GM000130,ORDGM000130,4381.58,INR,pending,
GM000131,ORDGM000131,580.68,INR,pending,
GM000132,ORDGM000132,2861.77,INR,pending,
GM000133,ORDGM000133,3793.09,INR,pending,
GM000134,ORDGM000134,2746.88,INR,pending,
GM000135,ORDGM000135,116.99,INR,pending,
GM000136,ORDGM000136,976.85,INR,pending,
GM000137,ORDGM000137,8.74,INR,pending,
GM000138,ORDGM000138,1144.90,INR,pending,
GM000139,ORDGM000139,319.81,INR,pending,
GM000140,ORDGM000140,1218.61,INR,pending,
GM000141,ORDGM000141,2768.46,INR,pending,
GM000142,ORDGM000142,2243.32,INR,pending,
GM000143,ORDGM000143,1785.19,INR,pending,
GM000144,ORDGM000144,52.02,INR,pending,
GM000145,ORDGM000145,2037.09,INR,pending,
GM000146,ORDGM000146,1074.05,INR,pending,
GM000147,ORDGM000147,522.56,INR,pending,
GM000148,ORDGM000148,577.58,INR,pending,
GM000149,ORDGM000149,10694.80,INR,pending,
GM000150,ORDGM000150,1504.62,INR,pending,
GM000151,ORDGM000151,996.51,INR,pending,
GM000152,ORDGM000152,862.78,INR,pending,
GM000153,ORDGM000153,3460.94,INR,pending,
GM000154,ORDGM000154,186.41,INR,pending,
GM000155,ORDGM000155,4704.56,INR,pending,
GM000156,ORDGM000156,4224.67,INR,pending,
GM000157,ORDGM000157,646.18,INR,pending,
GM000158,ORDGM000158,4346.01,INR,pending,
GM000159,ORDGM000159,2140.84,INR,pending,
GM000160,ORDGM000160,2228.29,INR,pending,
GM000161,ORDGM000161,2191.27,INR,pending,
GM000162,ORDGM000162,17.91,INR,pending,
GM000163,ORDGM000163,1067.18,INR,pending,
GM000164,ORDGM000164,1871.87,INR,pending,
GM000165,ORDGM000165,301.42,INR,pending,
GM000166,ORDGM000166,2202.35,INR,pending,
GM000167,ORDGM000167,1897.14,INR,pending,
GM000168,ORDGM000168,3365.26,INR,pending,
GM000169,ORDGM000169,3319.27,INR,pending,
GM000170,ORDGM000170,3940.95,INR,pending,
GM000171,ORDGM000171,283.35,INR,pending,
GM000172,ORDGM000172,805.48,INR,pending,
GM000173,ORDGM000173,1129.16,INR,pending,
GM000174,ORDGM000174,1672.21,INR,pending,
GM000175,ORDGM000175,2961.01,INR,pending,
GM000176,ORDGM000176,1848.21,INR,pending,
GM000177,ORDGM000177,3693.66,INR,pending,
GM000178,ORDGM000178,1473.76,INR,pending,
GM000179,ORDGM000179,3426.94,INR,pending,
GM000180,ORDGM000180,2944.23,INR,pending,
GM000181,ORDGM000181,1567.09,INR,pending,
GM000182,ORDGM000182,3675.14,INR,pending,
GM000183,ORDGM000183,205.01,INR,pending,
GM000184,ORDGM000184,9339.43,INR,pending,
GM000185,ORDGM000185,4042.14,INR,pending,
GM000186,ORDGM000186,3803.26,INR,pending,
GM000187,ORDGM000187,304.33,INR,pending,
GM000188,ORDGM000188,123.05,INR,pending,
GM000189,ORDGM000189,588.18,INR,pending,
GM000190,ORDGM000190,662.16,INR,pending,
GM000191,ORDGM000191,411.87,INR,pending,
GM000192,ORDGM000192,228.98,INR,pending,
GM000193,ORDGM000193,4609.83,INR,pending,
GM000194,ORDGM000194,2834.60,INR,pending,
GM000195,ORDGM000195,2228.11,INR,pending,
GM000196,ORDGM000196,294.29,INR,pending,
GM000197,ORDGM000197,1034.00,INR,pending,
GM000198,ORDGM000198,872.87,INR,pending,
GM000199,ORDGM000199,485.82,INR,pending,
GM000201,ORDGM000201,2897.37,INR,pending,
GM000202,ORDGM000202,1862.73,INR,pending,
GM000203,ORDGM000203,1125.75,INR,pending,
GM000204,ORDGM000204,29.84,INR,pending,
GM000205,ORDGM000205,674.44,INR,pending,
GM000206,ORDGM000206,1670.34,INR,pending,
GM000207,ORDGM000207,1517.60,INR,pending,
GM000208,ORDGM000208,1685.40,INR,pending,
GM000209,ORDGM000209,283.04,INR,pending,
GM000210,ORDGM000210,2452.28,INR,pending,
GM000211,ORDGM000211,5930.14,INR,pending,
GM000213,ORDGM000213,28.77,INR,pending,
GM000214,ORDGM000214,959.70,INR,pending,
GM000215,ORDGM000215,1283.46,INR,pending,
GM000216,ORDGM000216,3244.86,INR,pending,
GM000217,ORDGM000217,9038.15,INR,pending,
GM000218,ORDGM000218,2351.09,INR,pending,
GM000219,ORDGM000219,1049.56,INR,pending,
GM000220,ORDGM000220,1489.27,INR,pending,
GM000221,ORDGM000221,3453.74,INR,pending,
GM000222,ORDGM000222,552.10,INR,pending,
GM000223,ORDGM000223,3351.82,INR,pending,
GM000224,ORDGM000224,2420.94,INR,pending,
GM000225,ORDGM000225,725.76,INR,pending,
GM000226,ORDGM000226,2191.45,INR,pending,
GM000227,ORDGM000227,177.26,INR,pending,
GM000228,ORDGM000228,3516.32,INR,pending,
GM000229,ORDGM000229,446.87,INR,pending,
GM000230,ORDGM000230,2788.36,INR,pending,
GM000231,ORDGM000231,593.56,INR,pending,
GM000232,ORDGM000232,2438.38,INR,pending,
GM000233,ORDGM000233,1941.88,INR,pending,
GM000234,ORDGM000234,6212.67,INR,pending,
GM000235,ORDGM000235,300.68,INR,pending,
GM000236,ORDGM000236,2979.99,INR,pending,
GM000237,ORDGM000237,368.25,INR,pending,
GM000238,ORDGM000238,232.99,INR,pending,
GM000239,ORDGM000239,579.34,INR,pending,
GM000240,ORDGM000240,155.59,INR,pending,
GM000241,ORDGM000241,886.28,INR,pending,
GM000243,ORDGM000243,453.68,INR,pending,
GM000244,ORDGM000244,2646.34,INR,pending,
GM000245,ORDGM000245,1308.00,INR,pending,
GM000246,ORDGM000246,145.54,INR,pending,
GM000247,ORDGM000247,445.54,INR,pending,
GM000248,ORDGM000248,5141.34,INR,pending,
GM000249,ORDGM000249,14.95,INR,pending,
GM000250,ORDGM000250,2038.72,INR,pending,
GM000251,ORDGM000251,23.65,INR,pending,
GM000252,ORDGM000252,632.97,INR,pending,
GM000253,ORDGM000253,107.38,INR,pending,
GM000254,ORDGM000254,936.01,INR,pending,
GM000255,ORDGM000255,3800.46,INR,pending,
GM000256,ORDGM000256,3170.35,INR,pending,
GM000257,ORDGM000257,141.71,INR,pending,
GM000258,ORDGM000258,2732.24,INR,pending,
GM000259,ORDGM000259,2094.65,INR,pending,
GM000260,ORDGM000260,1688.13,INR,pending,
GM000261,ORDGM000261,306.82,INR,pending,
GM000262,ORDGM000262,358.21,INR,pending,
GM000263,ORDGM000263,538.32,INR,pending,
GM000264,ORDGM000264,569.61,INR,pending,
GM000265,ORDGM000265,74.95,INR,pending,
GM000266,ORDGM000266,81.07,INR,pending,
GM000267,ORDGM000267,1043.17,INR,pending,
GM000269,ORDGM000269,1766.65,INR,pending,
GM000270,ORDGM000270,7847.18,INR,pending,
GM000272,ORDGM000272,6883.39,INR,pending,
GM000273,ORDGM000273,1091.82,INR,pending,
GM000274,ORDGM000274,1460.06,INR,pending,
GM000276,ORDGM000276,596.79,INR,pending,
GM000277,ORDGM000277,5548.86,INR,pending,
GM000278,ORDGM000278,482.98,INR,pending,
GM000279,ORDGM000279,1075.31,INR,pending,
GM000280,ORDGM000280,4912.61,INR,pending,
GM000281,ORDGM000281,1295.58,INR,pending,
GM000282,ORDGM000282,148.07,INR,pending,
GM000283,ORDGM000283,2982.92,INR,pending,
GM000284,ORDGM000284,1286.26,INR,pending,
GM000285,ORDGM000285,1248.84,INR,pending,
GM000286,ORDGM000286,1737.69,INR,pending,
GM000287,ORDGM000287,3900.20,INR,pending,
GM000288,ORDGM000288,467.31,INR,pending,
GM000289,ORDGM000289,1737.70,INR,pending,
GM000290,ORDGM000290,646.93,INR,pending,
GM000291,ORDGM000291,1436.12,INR,pending,
GM000293,ORDGM000293,935.11,INR,pending,
GM000294,ORDGM000294,1607.08,INR,pending,
GM000295,ORDGM000295,566.39,INR,pending,
GM000296,ORDGM000296,1075.31,INR,pending,
GM000297,ORDGM000297,183.68,INR,pending,
GM000298,ORDGM000298,365.25,INR,pending,
GM000299,ORDGM000299,1720.26,INR,pending,
GM000300,ORDGM000300,2885.74,INR,pending,
GM000301,ORDGM000301,1581.42,INR,pending,
GM000302,ORDGM000302,4679.57,INR,pending,
GM000303,ORDGM000303,704.52,INR,pending,
GM000304,ORDGM000304,2166.31,INR,pending,
GM000305,ORDGM000305,223.56,INR,pending,
GM000306,ORDGM000306,2313.11,INR,pending,
GM000307,ORDGM000307,1700.16,INR,pending,
GM000308,ORDGM000308,4559.51,INR,pending,
GM000309,ORDGM000309,428.74,INR,pending,
GM000310,ORDGM000310,2603.16,INR,pending,
GM000311,ORDGM000311,3806.03,INR,pending,
GM000312,ORDGM000312,580.71,INR,pending,
GM000313,ORDGM000313,6727.51,INR,pending,
GM000314,ORDGM000314,348.97,INR,pending,
GM000315,ORDGM000315,1300.77,INR,pending,
GM000316,ORDGM000316,1689.78,INR,pending,
GM000317,ORDGM000317,787.63,INR,pending,
GM000318,ORDGM000318,3499.71,INR,pending,
GM000319,ORDGM000319,818.83,INR,pending,
GM000320,ORDGM000320,12.68,INR,pending,
GM000322,ORDGM000322,943.49,INR,pending,
GM000323,ORDGM000323,1191.54,INR,pending,
GM000324,ORDGM000324,3121.23,INR,pending,
GM000325,ORDGM000325,2485.04,INR,pending,
GM000326,ORDGM000326,423.23,INR,pending,
GM000327,ORDGM000327,663.99,INR,pending,
GM000328,ORDGM000328,4793.98,INR,pending,
GM000329,ORDGM000329,1663.38,INR,pending,
GM000330,ORDGM000330,917.79,INR,pending,
GM000331,ORDGM000331,260.59,INR,pending,
GM000332,ORDGM000332,1444.47,INR,pending,
GM000333,ORDGM000333,23.03,INR,pending,
GM000334,ORDGM000334,52.90,INR,pending,
GM000335,ORDGM000335,1644.90,INR,pending,
GM000336,ORDGM000336,4454.05,INR,pending,
GM000337,ORDGM000337,211.74,INR,pending,
GM000338,ORDGM000338,1398.13,INR,pending,
GM000339,ORDGM000339,431.83,INR,pending,
GM000340,ORDGM000340,932.68,INR,pending,
GM000341,ORDGM000341,648.33,INR,pending,
GM000342,ORDGM000342,303.54,INR,pending,
GM000343,ORDGM000343,1700.08,INR,pending,
GM000344,ORDGM000344,893.92,INR,pending,
GM000345,ORDGM000345,895.05,INR,pending,
GM000346,ORDGM000346,1674.22,INR,pending,
GM000347,ORDGM000347,1325.55,INR,pending,
GM000348,ORDGM000348,737.71,INR,pending,
GM000349,ORDGM000349,739.57,INR,pending,
GM000351,ORDGM000351,299.50,INR,pending,
GM000352,ORDGM000352,2557.07,INR,pending,
GM000353,ORDGM000353,3096.28,INR,pending,
GM000354,ORDGM000354,450.52,INR,pending,
GM000355,ORDGM000355,443.02,INR,pending,
GM000356,ORDGM000356,1015.08,INR,pending,
GM000357,ORDGM000357,469.70,INR,pending,
GM000358,ORDGM000358,1812.81,INR,pending,
GM000359,ORDGM000359,5333.82,INR,pending,
GM000360,ORDGM000360,1580.62,INR,pending,
GM000361,ORDGM000361,3073.90,INR,pending,
GM000362,ORDGM000362,3738.64,INR,pending,
GM000363,ORDGM000363,1925.17,INR,pending,
GM000365,ORDGM000365,615.92,INR,pending,
GM000366,ORDGM000366,1538.59,INR,pending,
GM000367,ORDGM000367,1190.93,INR,pending,
GM000368,ORDGM000368,783.26,INR,pending,
GM000369,ORDGM000369,2056.68,INR,pending,
GM000370,ORDGM000370,801.14,INR,pending,
GM000371,ORDGM000371,956.02,INR,pending,
GM000372,ORDGM000372,3705.49,INR,pending,
GM000373,ORDGM000373,2009.03,INR,pending,
GM000374,ORDGM000374,3587.49,INR,pending,
GM000375,ORDGM000375,1627.78,INR,pending,
GM000376,ORDGM000376,960.31,INR,pending,
GM000377,ORDGM000377,1094.33,INR,pending,
GM000378,ORDGM000378,1100.30,INR,pending,
GM000379,ORDGM000379,3552.62,INR,pending,
GM000380,ORDGM000380,738.41,INR,pending,
GM000381,ORDGM000381,254.15,INR,pending,
GM000382,ORDGM000382,688.78,INR,pending,
GM000383,ORDGM000383,92.64,INR,pending,
GM000384,ORDGM000384,1673.24,INR,pending,
GM000385,ORDGM000385,3125.19,INR,pending,
GM000386,ORDGM000386,2534.75,INR,pending,
GM000387,ORDGM000387,1855.23,INR,pending,
GM000388,ORDGM000388,5208.82,INR,pending,
GM000389,ORDGM000389,4194.34,INR,pending,
GM000390,ORDGM000390,1138.90,INR,pending,
GM000391,ORDGM000391,384.23,INR,pending,
GM000392,ORDGM000392,727.05,INR,pending,
GM000393,ORDGM000393,570.16,INR,pending,
GM000394,ORDGM000394,1164.33,INR,pending,
GM000395,ORDGM000395,4750.66,INR,pending,
GM000396,ORDGM000396,227.39,INR,pending,
GM000397,ORDGM000397,2613.91,INR,pending,
GM000398,ORDGM000398,1620.26,INR,pending,
GM000399,ORDGM000399,1120.71,INR,pending,
GM000400,ORDGM000400,3657.46,INR,pending,
GM000401,ORDGM000401,1369.39,INR,pending,
GM000402,ORDGM000402,1232.29,INR,pending,
GM000403,ORDGM000403,1124.65,INR,pending,
GM000404,ORDGM000404,1195.09,INR,pending,
GM000405,ORDGM000405,129.32,INR,pending,
GM000406,ORDGM000406,4288.56,INR,pending,
GM000407,ORDGM000407,3024.37,INR,pending,
GM000408,ORDGM000408,2802.37,INR,pending,
GM000409,ORDGM000409,2050.59,INR,pending,
GM000410,ORDGM000410,5187.96,INR,pending,
GM000411,ORDGM000411,104.94,INR,pending,
GM000412,ORDGM000412,3036.23,INR,pending,
GM000413,ORDGM000413,975.58,INR,pending,
GM000414,ORDGM000414,2040.83,INR,pending,
GM000415,ORDGM000415,1776.01,INR,pending,
GM000416,ORDGM000416,474.41,INR,pending,
GM000417,ORDGM000417,1119.91,INR,pending,
GM000418,ORDGM000418,1055.89,INR,pending,
GM000419,ORDGM000419,6890.59,INR,pending,
GM000420,ORDGM000420,784.06,INR,pending,
GM000421,ORDGM000421,878.22,INR,pending,
GM000422,ORDGM000422,1319.41,INR,pending,
GM000423,ORDGM000423,4073.96,INR,pending,
GM000424,ORDGM000424,1402.78,INR,pending,
GM000425,ORDGM000425,4744.12,INR,pending,
GM000426,ORDGM000426,1213.56,INR,pending,
GM000427,ORDGM000427,292.06,INR,pending,
GM000428,ORDGM000428,397.37,INR,pending,
GM000429,ORDGM000429,4190.10,INR,pending,
GM000430,ORDGM000430,246.72,INR,pending,
GM000431,ORDGM000431,1552.16,INR,pending,
GM000432,ORDGM000432,2836.23,INR,pending,
GM000433,ORDGM000433,698.39,INR,pending,
GM000434,ORDGM000434,2133.57,INR,pending,
GM000435,ORDGM000435,3042.10,INR,pending,
GM000436,ORDGM000436,3496.31,INR,pending,
GM000437,ORDGM000437,346.15,INR,pending,
GM000438,ORDGM000438,223.80,INR,pending,
GM000439,ORDGM000439,2571.57,INR,pending,
GM000440,ORDGM000440,195.16,INR,pending,
GM000441,ORDGM000441,30.31,INR,pending,
GM000442,ORDGM000442,1035.12,INR,pending,
GM000443,ORDGM000443,362.36,INR,pending,
GM000444,ORDGM000444,5379.87,INR,pending,
GM000445,ORDGM000445,285.79,INR,pending,
GM000446,ORDGM000446,2197.28,INR,pending,
GM000447,ORDGM000447,619.76,INR,pending,
GM000448,ORDGM000448,193.65,INR,pending,
GM000449,ORDGM000449,2038.15,INR,pending,
GM000450,ORDGM000450,1199.86,INR,pending,
GM000451,ORDGM000451,2517.77,INR,pending,
GM000452,ORDGM000452,6155.44,INR,pending,
GM000454,ORDGM000454,2243.02,INR,pending,
GM000455,ORDGM000455,3165.71,INR,pending,
GM000456,ORDGM000456,260.19,INR,pending,
GM000458,ORDGM000458,1895.24,INR,pending,
GM000459,ORDGM000459,96.26,INR,pending,
GM000460,ORDGM000460,43.64,INR,pending,
GM000461,ORDGM000461,4417.94,INR,pending,
GM000462,ORDGM000462,3599.31,INR,pending,
GM000463,ORDGM000463,1394.31,INR,pending,
GM000464,ORDGM000464,3348.69,INR,pending,
GM000465,ORDGM000465,3734.86,INR,pending,
GM000466,ORDGM000466,2854.61,INR,pending,
GM000467,ORDGM000467,731.14,INR,pending,
GM000468,ORDGM000468,1243.79,INR,pending,
GM000469,ORDGM000469,142.46,INR,pending,
GM000470,ORDGM000470,928.11,INR,pending,
GM000471,ORDGM000471,55.77,INR,pending,
GM000472,ORDGM000472,1586.88,INR,pending,
GM000473,ORDGM000473,1486.61,INR,pending,
GM000474,ORDGM000474,2782.48,INR,pending,
GM000475,ORDGM000475,3508.03,INR,pending,
GM000476,ORDGM000476,1420.74,INR,pending,
GM000477,ORDGM000477,3367.86,INR,pending,
GM000478,ORDGM000478,4181.93,INR,pending,
GM000479,ORDGM000479,11.04,INR,pending,
GM000480,ORDGM000480,4010.35,INR,pending,
GM000481,ORDGM000481,366.15,INR,pending,
GM000482,ORDGM000482,457.67,INR,pending,
GM000483,ORDGM000483,1512.39,INR,pending,
GM000484,ORDGM000484,555.23,INR,pending,
GM000485,ORDGM000485,539.61,INR,pending,
GM000486,ORDGM000486,2106.06,INR,pending,
GM000488,ORDGM000488,451.54,INR,pending,
GM000489,ORDGM000489,673.79,INR,pending,
GM000490,ORDGM000490,157.07,INR,pending,
GM000491,ORDGM000491,1320.39,INR,pending,
GM000492,ORDGM000492,4213.39,INR,pending,
GM000493,ORDGM000493,1912.08,INR,pending,
GM000494,ORDGM000494,1451.97,INR,pending,
GM000495,ORDGM000495,1576.44,INR,pending,
GM000496,ORDGM000496,3555.69,INR,pending,
GM000497,ORDGM000497,3640.13,INR,pending,
GM000498,ORDGM000498,1445.88,INR,pending,
GM000499,ORDGM000499,1425.55,INR,pending,
GM000500,ORDGM000500,2035.32,INR,pending,
GM000501,ORDGM000501,283.91,INR,pending,
GM000502,ORDGM000502,2362.15,INR,pending,
GM000503,ORDGM000503,13.13,INR,pending,
GM000504,ORDGM000504,666.80,INR,pending,
GM000505,ORDGM000505,1136.93,INR,pending,
GM000506,ORDGM000506,7205.09,INR,pending,
GM000508,ORDGM000508,2208.82,INR,pending,
GM000509,ORDGM000509,565.07,INR,pending,
GM000510,ORDGM000510,27.24,INR,pending,
GM000511,ORDGM000511,1505.24,INR,pending,
GM000512,ORDGM000512,1147.82,INR,pending,
GM000513,ORDGM000513,2177.50,INR,pending,
GM000514,ORDGM000514,3073.77,INR,pending,
GM000515,ORDGM000515,1084.08,INR,pending,
GM000516,ORDGM000516,1540.29,INR,pending,
GM000517,ORDGM000517,8817.03,INR,pending,
GM000518,ORDGM000518,28.17,INR,pending,
GM000519,ORDGM000519,101.94,INR,pending,
GM000521,ORDGM000521,3437.84,INR,pending,
GM000522,ORDGM000522,203.66,INR,pending,
GM000523,ORDGM000523,3476.02,INR,pending,
GM000524,ORDGM000524,128.70,INR,pending,
GM000525,ORDGM000525,1904.79,INR,pending,
GM000526,ORDGM000526,1622.80,INR,pending,
GM000527,ORDGM000527,365.04,INR,pending,
GM000528,ORDGM000528,121.19,INR,pending,
GM000529,ORDGM000529,1606.28,INR,pending,
GM000530,ORDGM000530,2890.50,INR,pending,
GM000531,ORDGM000531,5311.60,INR,pending,
GM000532,ORDGM000532,1627.63,INR,pending,
GM000534,ORDGM000534,654.98,INR,pending,
GM000535,ORDGM000535,1408.72,INR,pending,
GM000536,ORDGM000536,122.53,INR,pending,
GM000537,ORDGM000537,773.71,INR,pending,
GM000538,ORDGM000538,313.79,INR,pending,
GM000539,ORDGM000539,42.79,INR,pending,
GM000540,ORDGM000540,258.42,INR,pending,
GM000541,ORDGM000541,306.52,INR,pending,
GM000542,ORDGM000542,2418.19,INR,pending,
GM000543,ORDGM000543,1237.83,INR,pending,
GM000544,ORDGM000544,4142.31,INR,pending,
GM000545,ORDGM000545,1798.89,INR,pending,
GM000546,ORDGM000546,552.21,INR,pending,
GM000547,ORDGM000547,734.71,INR,pending,
GM000548,ORDGM000548,352.18,INR,pending,
GM000549,ORDGM000549,500.18,INR,pending,
GM000550,ORDGM000550,594.78,INR,pending,
GM000551,ORDGM000551,2393.29,INR,pending,
GM000552,ORDGM000552,448.51,INR,pending,
GM000553,ORDGM000553,2983.99,INR,pending,
GM000554,ORDGM000554,614.16,INR,pending,
GM000555,ORDGM000555,1111.17,INR,pending,
GM000556,ORDGM000556,1654.89,INR,pending,
GM000557,ORDGM000557,491.15,INR,pending,
GM000558,ORDGM000558,3882.13,INR,pending,
GM000559,ORDGM000559,2104.25,INR,pending,
GM000560,ORDGM000560,1279.31,INR,pending,
GM000561,ORDGM000561,6637.48,INR,pending,
GM000562,ORDGM000562,1473.14,INR,pending,
GM000563,ORDGM000563,3040.17,INR,pending,
GM000564,ORDGM000564,22.96,INR,pending,
GM000565,ORDGM000565,154.65,INR,pending,
GM000566,ORDGM000566,1090.61,INR,pending,
GM000567,ORDGM000567,3683.73,INR,pending,
GM000569,ORDGM000569,1677.41,INR,pending,
GM000571,ORDGM000571,2563.66,INR,pending,
GM000572,ORDGM000572,1726.48,INR,pending,
GM000573,ORDGM000573,3804.69,INR,pending,
GM000574,ORDGM000574,851.46,INR,pending,
GM000575,ORDGM000575,625.50,INR,pending,
GM000576,ORDGM000576,310.06,INR,pending,
GM000578,ORDGM000578,336.62,INR,pending,
GM000579,ORDGM000579,624.07,INR,pending,
GM000580,ORDGM000580,921.15,INR,pending,
GM000581,ORDGM000581,279.16,INR,pending,
GM000582,ORDGM000582,1076.25,INR,pending,
GM000583,ORDGM000583,1843.27,INR,pending,
GM000584,ORDGM000584,2995.01,INR,pending,
GM000585,ORDGM000585,41.63,INR,pending,
GM000586,ORDGM000586,305.34,INR,pending,
GM000587,ORDGM000587,5314.38,INR,pending,
GM000588,ORDGM000588,791.18,INR,pending,
GM000589,ORDGM000589,711.21,INR,pending,
GM000590,ORDGM000590,866.97,INR,pending,
GM000591,ORDGM000591,479.22,INR,pending,
GM000592,ORDGM000592,2822.12,INR,pending,
GM000593,ORDGM000593,972.98,INR,pending,
GM000594,ORDGM000594,233.43,INR,pending,
GM000595,ORDGM000595,514.39,INR,pending,
GM000596,ORDGM000596,489.94,INR,pending,
GM000597,ORDGM000597,173.22,INR,pending,
GM000598,ORDGM000598,2929.23,INR,pending,
GM000599,ORDGM000599,113.41,INR,pending,
GM000600,ORDGM000600,4912.66,INR,pending,
GM000601,ORDGM000601,1978.22,INR,pending,
GM000602,ORDGM000602,3739.31,INR,pending,
GM000603,ORDGM000603,385.74,INR,pending,
GM000604,ORDGM000604,30.84,INR,pending,
GM000605,ORDGM000605,2357.39,INR,pending,
GM000606,ORDGM000606,3450.89,INR,pending,
GM000607,ORDGM000607,873.38,INR,pending,
GM000608,ORDGM000608,2325.58,INR,pending,
GM000610,ORDGM000610,165.64,INR,pending,
GM000611,ORDGM000611,1814.28,INR,pending,
GM000612,ORDGM000612,3381.58,INR,pending,
GM000613,ORDGM000613,636.44,INR,pending,
GM000614,ORDGM000614,984.74,INR,pending,
GM000615,ORDGM000615,566.16,INR,pending,
GM000616,ORDGM000616,1193.90,INR,pending,
GM000617,ORDGM000617,1667.49,INR,pending,
GM000618,ORDGM000618,682.85,INR,pending,
GM000619,ORDGM000619,2019.85,INR,pending,
GM000620,ORDGM000620,3542.91,INR,pending,
GM000621,ORDGM000621,2163.45,INR,pending,
GM000622,ORDGM000622,647.62,INR,pending,
GM000623,ORDGM000623,574.59,INR,pending,
GM000624,ORDGM000624,437.54,INR,pending,
GM000625,ORDGM000625,1077.06,INR,pending,
GM000626,ORDGM000626,6258.55,INR,pending,
GM000627,ORDGM000627,1356.38,INR,pending,
GM000628,ORDGM000628,2823.06,INR,pending,
GM000629,ORDGM000629,9.42,INR,pending,
GM000630,ORDGM000630,1388.97,INR,pending,
GM000631,ORDGM000631,4196.43,INR,pending,
GM000632,ORDGM000632,539.28,INR,pending,
GM000633,ORDGM000633,620.18,INR,pending,
GM000634,ORDGM000634,4900.20,INR,pending,
GM000635,ORDGM000635,965.77,INR,pending,
GM000636,ORDGM000636,657.61,INR,pending,
GM000638,ORDGM000638,33.92,INR,pending,
GM000639,ORDGM000639,3356.70,INR,pending,
GM000640,ORDGM000640,2290.96,INR,pending,
GM000641,ORDGM000641,872.89,INR,pending,
GM000642,ORDGM000642,6802.20,INR,pending,
GM000643,ORDGM000643,2272.73,INR,pending,
GM000644,ORDGM000644,3905.03,INR,pending,
GM000645,ORDGM000645,184.59,INR,pending,
GM000646,ORDGM000646,175.07,INR,pending,
GM000647,ORDGM000647,2321.65,INR,pending,
GM000648,ORDGM000648,5.54,INR,pending,
GM000649,ORDGM000649,20.40,INR,pending,
GM000650,ORDGM000650,1788.98,INR,pending,
GM000652,ORDGM000652,1058.55,INR,pending,
GM000653,ORDGM000653,5078.78,INR,pending,
GM000654,ORDGM000654,1960.14,INR,pending,
GM000655,ORDGM000655,3368.38,INR,pending,
GM000656,ORDGM000656,817.72,INR,pending,
GM000657,ORDGM000657,1130.33,INR,pending,
GM000658,ORDGM000658,240.15,INR,pending,
GM000659,ORDGM000659,3055.19,INR,pending,
GM000660,ORDGM000660,1202.88,INR,pending,
GM000661,ORDGM000661,690.11,INR,pending,
GM000662,ORDGM000662,11219.70,INR,pending,
GM000664,ORDGM000664,1754.60,INR,pending,
GM000665,ORDGM000665,1533.55,INR,pending,
GM000666,ORDGM000666,6871.01,INR,pending,
GM000667,ORDGM000667,3340.53,INR,pending,
GM000668,ORDGM000668,4154.99,INR,pending,
GM000669,ORDGM000669,177.20,INR,pending,
GM000670,ORDGM000670,1354.86,INR,pending,
GM000671,ORDGM000671,1200.97,INR,pending,
GM000672,ORDGM000672,5462.15,INR,pending,
GM000673,ORDGM000673,1309.99,INR,pending,
GM000674,ORDGM000674,734.67,INR,pending,
GM000675,ORDGM000675,1199.02,INR,pending,
GM000676,ORDGM000676,8330.21,INR,pending,
GM000677,ORDGM000677,78.79,INR,pending,
GM000678,ORDGM000678,553.55,INR,pending,
GM000679,ORDGM000679,2400.93,INR,pending,
GM000680,ORDGM000680,712.86,INR,pending,
GM000681,ORDGM000681,1746.13,INR,pending,
GM000682,ORDGM000682,871.14,INR,pending,
GM000683,ORDGM000683,663.71,INR,pending,
GM000684,ORDGM000684,2672.10,INR,pending,
GM000685,ORDGM000685,1171.02,INR,pending,
GM000686,ORDGM000686,332.47,INR,pending,
GM000687,ORDGM000687,143.79,INR,pending,
GM000689,ORDGM000689,1755.48,INR,pending,
GM000690,ORDGM000690,410.15,INR,pending,
GM000691,ORDGM000691,2604.44,INR,pending,
GM000692,ORDGM000692,2717.16,INR,pending,
GM000693,ORDGM000693,5.46,INR,pending,
GM000694,ORDGM000694,122.98,INR,pending,
GM000695,ORDGM000695,517.25,INR,pending,
GM000696,ORDGM000696,955.37,INR,pending,
GM000697,ORDGM000697,1364.73,INR,pending,
GM000698,ORDGM000698,1027.16,INR,pending,
GM000699,ORDGM000699,1261.46,INR,pending,
GM000701,ORDGM000701,214.47,INR,pending,
GM000702,ORDGM000702,2138.28,INR,pending,
GM000703,ORDGM000703,2564.06,INR,pending,
GM000704,ORDGM000704,1369.65,INR,pending,
GM000705,ORDGM000705,3718.09,INR,pending,
GM000706,ORDGM000706,6973.91,INR,pending,
GM000707,ORDGM000707,127.15,INR,pending,
GM000708,ORDGM000708,295.29,INR,pending,
GM000709,ORDGM000709,2562.23,INR,pending,
GM000710,ORDGM000710,578.74,INR,pending,
GM000711,ORDGM000711,2019.43,INR,pending,
GM000712,ORDGM000712,721.00,INR,pending,
GM000713,ORDGM000713,299.47,INR,pending,
GM000714,ORDGM000714,733.96,INR,pending,
GM000717,ORDGM000717,3546.17,INR,pending,
GM000718,ORDGM000718,1425.17,INR,pending,
GM000719,ORDGM000719,484.11,INR,pending,
GM000720,ORDGM000720,3524.07,INR,pending,
GM000721,ORDGM000721,4832.75,INR,pending,
GM000722,ORDGM000722,2830.67,INR,pending,
GM000723,ORDGM000723,359.33,INR,pending,
GM000724,ORDGM000724,1380.40,INR,pending,
GM000725,ORDGM000725,412.96,INR,pending,
GM000726,ORDGM000726,1900.55,INR,pending,
GM000727,ORDGM000727,3332.46,INR,pending,
GM000728,ORDGM000728,1014.91,INR,pending,
GM000730,ORDGM000730,4212.07,INR,pending,
GM000731,ORDGM000731,6493.66,INR,pending,
GM000732,ORDGM000732,11974.84,INR,pending,
GM000733,ORDGM000733,140.31,INR,pending,
GM000734,ORDGM000734,3252.12,INR,pending,
GM000735,ORDGM000735,233.68,INR,pending,
GM000736,ORDGM000736,46.20,INR,pending,
GM000737,ORDGM000737,6440.75,INR,pending,
GM000738,ORDGM000738,2429.60,INR,pending,
GM000739,ORDGM000739,47.84,INR,pending,
GM000740,ORDGM000740,1636.00,INR,pending,
GM000741,ORDGM000741,645.44,INR,pending,
GM000742,ORDGM000742,1653.94,INR,pending,
GM000743,ORDGM000743,66.98,INR,pending,
GM000744,ORDGM000744,1623.68,INR,pending,
GM000745,ORDGM000745,1077.06,INR,pending,
GM000746,ORDGM000746,142.50,INR,pending,
GM000747,ORDGM000747,947.80,INR,pending,
GM000748,ORDGM000748,4175.62,INR,pending,
GM000749,ORDGM000749,9480.95,INR,pending,
GM000750,ORDGM000750,596.44,INR,pending,
GM000751,ORDGM000751,1541.37,INR,pending,
GM000753,ORDGM000753,3609.41,INR,pending,
GM000754,ORDGM000754,697.61,INR,pending,
GM000755,ORDGM000755,947.15,INR,pending,
GM000756,ORDGM000756,252.46,INR,pending,
GM000757,ORDGM000757,2350.30,INR,pending,
GM000758,ORDGM000758,917.76,INR,pending,
GM000759,ORDGM000759,303.22,INR,pending,
GM000760,ORDGM000760,12232.80,INR,pending,
GM000761,ORDGM000761,271.35,INR,pending,
GM000762,ORDGM000762,3062.59,INR,pending,
GM000763,ORDGM000763,4773.37,INR,pending,
GM000764,ORDGM000764,1219.58,INR,pending,
GM000765,ORDGM000765,1777.32,INR,pending,
GM000766,ORDGM000766,1815.24,INR,pending,
GM000767,ORDGM000767,169.23,INR,pending,
GM000768,ORDGM000768,1343.82,INR,pending,
GM000769,ORDGM000769,3304.06,INR,pending,
GM000770,ORDGM000770,479.77,INR,pending,
GM000771,ORDGM000771,36.86,INR,pending,
GM000772,ORDGM000772,1481.93,INR,pending,
GM000773,ORDGM000773,177.54,INR,pending,
GM000774,ORDGM000774,1107.91,INR,pending,
GM000775,ORDGM000775,1874.81,INR,pending,
GM000776,ORDGM000776,276.75,INR,pending,
GM000777,ORDGM000777,181.19,INR,pending,
GM000778,ORDGM000778,2169.46,INR,pending,
GM000779,ORDGM000779,709.98,INR,pending,
GM000780,ORDGM000780,93.98,INR,pending,
GM000781,ORDGM000781,556.90,INR,pending,
GM000782,ORDGM000782,2788.38,INR,pending,
GM000783,ORDGM000783,938.34,INR,pending,
GM000784,ORDGM000784,675.24,INR,pending,
GM000785,ORDGM000785,910.53,INR,pending,
GM000786,ORDGM000786,6663.84,INR,pending,
GM000787,ORDGM000787,714.44,INR,pending,
GM000788,ORDGM000788,2480.99,INR,pending,
GM000789,ORDGM000789,2137.00,INR,pending,
GM000790,ORDGM000790,4810.06,INR,pending,
GM000791,ORDGM000791,109.51,INR,pending,
GM000792,ORDGM000792,927.87,INR,pending,
GM000793,ORDGM000793,259.37,INR,pending,
GM000794,ORDGM000794,1166.78,INR,pending,
GM000795,ORDGM000795,2951.99,INR,pending,
GM000796,ORDGM000796,1842.44,INR,pending,
GM000797,ORDGM000797,404.10,INR,pending,
GM000798,ORDGM000798,27.39,INR,pending,
GM000799,ORDGM000799,1963.08,INR,pending,
GM000800,ORDGM000800,1030.60,INR,pending,
GM000801,ORDGM000801,2266.01,INR,pending,
GM000802,ORDGM000802,1181.91,INR,pending,
GM000803,ORDGM000803,2132.23,INR,pending,
GM000804,ORDGM000804,214.30,INR,pending,
GM000805,ORDGM000805,1438.62,INR,pending,
GM000806,ORDGM000806,1739.70,INR,pending,
GM000807,ORDGM000807,173.31,INR,pending,
GM000808,ORDGM000808,1794.99,INR,pending,
GM000809,ORDGM000809,1533.44,INR,pending,
GM000811,ORDGM000811,2468.59,INR,pending,
GM000812,ORDGM000812,349.79,INR,pending,
GM000813,ORDGM000813,1965.45,INR,pending,
GM000815,ORDGM000815,10344.82,INR,pending,
GM000816,ORDGM000816,340.15,INR,pending,
GM000817,ORDGM000817,1707.36,INR,pending,
GM000818,ORDGM000818,422.88,INR,pending,
GM000819,ORDGM000819,994.30,INR,pending,
GM000820,ORDGM000820,1509.92,INR,pending,
GM000821,ORDGM000821,493.17,INR,pending,
GM000822,ORDGM000822,5345.34,INR,pending,
GM000823,ORDGM000823,5890.82,INR,pending,
GM000824,ORDGM000824,49.06,INR,pending,
GM000825,ORDGM000825,921.99,INR,pending,
GM000826,ORDGM000826,1787.67,INR,pending,
GM000827,ORDGM000827,559.31,INR,pending,
GM000828,ORDGM000828,25.16,INR,pending,
GM000829,ORDGM000829,4489.43,INR,pending,
GM000830,ORDGM000830,4597.16,INR,pending,
GM000831,ORDGM000831,274.22,INR,pending,
GM000832,ORDGM000832,367.91,INR,pending,
GM000834,ORDGM000834,719.33,INR,pending,
GM000835,ORDGM000835,1154.17,INR,pending,
GM000836,ORDGM000836,469.74,INR,pending,
GM000837,ORDGM000837,25.62,INR,pending,
GM000839,ORDGM000839,4401.58,INR,pending,
GM000840,ORDGM000840,1204.80,INR,pending,
GM000841,ORDGM000841,2029.50,INR,pending,
GM000842,ORDGM000842,3298.47,INR,pending,
GM000843,ORDGM000843,641.71,INR,pending,
GM000844,ORDGM000844,32.04,INR,pending,
GM000845,ORDGM000845,482.18,INR,pending,
GM000846,ORDGM000846,4203.65,INR,pending,
GM000847,ORDGM000847,2486.50,INR,pending,
GM000848,ORDGM000848,328.50,INR,pending,
GM000849,ORDGM000849,400.32,INR,pending,
GM000850,ORDGM000850,1575.25,INR,pending,
GM000853,ORDGM000853,385.27,INR,pending,
GM000854,ORDGM000854,4776.36,INR,pending,
GM000855,ORDGM000855,659.39,INR,pending,
GM000856,ORDGM000856,19.39,INR,pending,
GM000859,ORDGM000859,857.12,INR,pending,
GM000860,ORDGM000860,983.86,INR,pending,
GM000861,ORDGM000861,509.77,INR,pending,
GM000862,ORDGM000862,163.95,INR,pending,
GM000863,ORDGM000863,4106.59,INR,pending,
GM000864,ORDGM000864,3771.24,INR,pending,
GM000865,ORDGM000865,3756.06,INR,pending,
GM000866,ORDGM000866,20.11,INR,pending,
GM000867,ORDGM000867,441.17,INR,pending,
GM000868,ORDGM000868,3686.95,INR,pending,
GM000869,ORDGM000869,3344.51,INR,pending,
GM000871,ORDGM000871,868.70,INR,pending,
GM000872,ORDGM000872,370.55,INR,pending,
GM000873,ORDGM000873,4137.22,INR,pending,
GM000874,ORDGM000874,4877.66,INR,pending,
GM000875,ORDGM000875,1311.51,INR,pending,
GM000876,ORDGM000876,3187.69,INR,pending,
GM000877,ORDGM000877,205.25,INR,pending,
GM000878,ORDGM000878,31.68,INR,pending,
GM000879,ORDGM000879,250.22,INR,pending,
GM000880,ORDGM000880,1543.94,INR,pending,
GM000881,ORDGM000881,476.58,INR,pending,
GM000882,ORDGM000882,1472.88,INR,pending,
GM000883,ORDGM000883,1350.43,INR,pending,
GM000884,ORDGM000884,529.40,INR,pending,
GM000885,ORDGM000885,2873.80,INR,pending,
GM000886,ORDGM000886,784.83,INR,pending,
GM000887,ORDGM000887,2767.80,INR,pending,
GM000888,ORDGM000888,3991.10,INR,pending,
GM000889,ORDGM000889,7236.99,INR,pending,
GM000890,ORDGM000890,14.48,INR,pending,
GM000891,ORDGM000891,2832.94,INR,pending,
GM000892,ORDGM000892,2338.27,INR,pending,
GM000893,ORDGM000893,185.75,INR,pending,
GM000894,ORDGM000894,2271.76,INR,pending,
GM000895,ORDGM000895,741.45,INR,pending,
GM000896,ORDGM000896,163.47,INR,pending,
GM000897,ORDGM000897,2185.34,INR,pending,
GM000898,ORDGM000898,901.00,INR,pending,
GM000899,ORDGM000899,687.15,INR,pending,
GM000902,ORDGM000902,308.02,INR,pending,
GM000903,ORDGM000903,2888.54,INR,pending,
GM000904,ORDGM000904,430.99,INR,pending,
GM000906,ORDGM000906,4462.99,INR,pending,
GM000907,ORDGM000907,239.70,INR,pending,
GM000908,ORDGM000908,408.54,INR,pending,
GM000909,ORDGM000909,561.78,INR,pending,
GM000910,ORDGM000910,2082.39,INR,pending,
GM000911,ORDGM000911,3193.05,INR,pending,
GM000912,ORDGM000912,1465.68,INR,pending,
GM000913,ORDGM000913,3688.19,INR,pending,
GM000914,ORDGM000914,2450.40,INR,pending,
GM000915,ORDGM000915,1991.39,INR,pending,
GM000916,ORDGM000916,75.21,INR,pending,
GM000917,ORDGM000917,60.52,INR,pending,
GM000918,ORDGM000918,3986.66,INR,pending,
GM000919,ORDGM000919,674.89,INR,pending,
GM000921,ORDGM000921,771.99,INR,pending,
GM000922,ORDGM000922,168.10,INR,pending,
GM000923,ORDGM000923,2502.85,INR,pending,
GM000924,ORDGM000924,189.80,INR,pending,
GM000925,ORDGM000925,1336.53,INR,pending,
GM000926,ORDGM000926,423.76,INR,pending,
GM000927,ORDGM000927,1696.86,INR,pending,
GM000928,ORDGM000928,1756.23,INR,pending,
GM000930,ORDGM000930,713.43,INR,pending,
GM000932,ORDGM000932,1787.22,INR,pending,
GM000933,ORDGM000933,1914.57,INR,pending,
GM000934,ORDGM000934,206.38,INR,pending,
GM000936,ORDGM000936,725.10,INR,pending,
GM000937,ORDGM000937,1008.53,INR,pending,
GM000938,ORDGM000938,929.48,INR,pending,
GM000939,ORDGM000939,1282.72,INR,pending,
GM000940,ORDGM000940,1065.22,INR,pending,
GM000941,ORDGM000941,602.93,INR,pending,
GM000942,ORDGM000942,280.30,INR,pending,
GM000943,ORDGM000943,176.51,INR,pending,
GM000944,ORDGM000944,329.83,INR,pending,
GM000945,ORDGM000945,6182.52,INR,pending,
GM000946,ORDGM000946,879.32,INR,pending,
GM000947,ORDGM000947,4572.50,INR,pending,
GM000949,ORDGM000949,634.63,INR,pending,
GM000950,ORDGM000950,8929.70,INR,pending,
GM000951,ORDGM000951,120.24,INR,pending,
GM000952,ORDGM000952,2545.14,INR,pending,
GM000953,ORDGM000953,240.72,INR,pending,
GM000954,ORDGM000954,850.21,INR,pending,
GM000955,ORDGM000955,280.89,INR,pending,
GM000956,ORDGM000956,1878.02,INR,pending,
GM000957,ORDGM000957,1032.64,INR,pending,
GM000958,ORDGM000958,770.41,INR,pending,
GM000959,ORDGM000959,2990.18,INR,pending,
GM000960,ORDGM000960,6609.07,INR,pending,
GM000961,ORDGM000961,578.61,INR,pending,
GM000962,ORDGM000962,3626.48,INR,pending,
GM000963,ORDGM000963,213.21,INR,pending,
GM000966,ORDGM000966,121.21,INR,pending,
GM000967,ORDGM000967,2982.55,INR,pending,
GM000968,ORDGM000968,2957.20,INR,pending,
GM000969,ORDGM000969,220.17,INR,pending,
GM000970,ORDGM000970,1708.84,INR,pending,
GM000971,ORDGM000971,1367.26,INR,pending,
GM000972,ORDGM000972,427.73,INR,pending,
GM000973,ORDGM000973,6028.25,INR,pending,
GM000974,ORDGM000974,1451.95,INR,pending,
GM000975,ORDGM000975,4300.25,INR,pending,
GM000976,ORDGM000976,506.66,INR,pending,
GM000977,ORDGM000977,182.80,INR,pending,
GM000978,ORDGM000978,3681.74,INR,pending,
GM000979,ORDGM000979,1293.63,INR,pending,
GM000980,ORDGM000980,965.93,INR,pending,
GM000981,ORDGM000981,109.81,INR,pending,
GM000982,ORDGM000982,14.14,INR,pending,
GM000983,ORDGM000983,592.83,INR,pending,
GM000984,ORDGM000984,1869.51,INR,pending,
GM000985,ORDGM000985,2785.68,INR,pending,
GM000986,ORDGM000986,1468.78,INR,pending,
GM000987,ORDGM000987,3838.26,INR,pending,
GM000988,ORDGM000988,712.59,INR,pending,
GM000989,ORDGM000989,226.11,INR,pending,
GM000990,ORDGM000990,1619.39,INR,pending,
GM000991,ORDGM000991,1142.67,INR,pending,
GM000992,ORDGM000992,1337.88,INR,pending,
GM000993,ORDGM000993,1266.17,INR,pending,
GM000994,ORDGM000994,196.43,INR,pending,
GM000995,ORDGM000995,4416.10,INR,pending,
GM000996,ORDGM000996,1026.03,INR,pending,
GM000997,ORDGM000997,1414.08,INR,pending,
GM000998,ORDGM000998,1487.35,INR,pending,
GM000999,ORDGM000999,4243.67,INR,pending,
GM001000,ORDGM001000,668.87,INR,pending,
GM001001,ORDGM001001,758.08,INR,pending,
GM001002,ORDGM001002,2016.47,INR,pending,
GM001003,ORDGM001003,1912.68,INR,pending,
GM001004,ORDGM001004,4019.30,INR,pending,
GM001005,ORDGM001005,424.60,INR,pending,
GM001006,ORDGM001006,2494.56,INR,pending,
GM001007,ORDGM001007,957.81,INR,pending,
GM001008,ORDGM001008,1099.15,INR,pending,
GM001009,ORDGM001009,659.68,INR,pending,
GM001010,ORDGM001010,2788.53,INR,pending,
GM001011,ORDGM001011,4173.96,INR,pending,
GM001012,ORDGM001012,2480.37,INR,pending,
GM001013,ORDGM001013,1405.08,INR,pending,
GM001014,ORDGM001014,895.22,INR,pending,
GM001015,ORDGM001015,4050.56,INR,pending,
GM001018,ORDGM001018,88.16,INR,pending,
GM001019,ORDGM001019,364.34,INR,pending,
GM001020,ORDGM001020,5237.08,INR,pending,
GM001021,ORDGM001021,722.16,INR,pending,
GM001022,ORDGM001022,402.90,INR,pending,
GM001023,ORDGM001023,554.12,INR,pending,
GM001025,ORDGM001025,503.80,INR,pending,
GM001026,ORDGM001026,28.80,INR,pending,
GM001027,ORDGM001027,1618.97,INR,pending,
GM001028,ORDGM001028,1935.49,INR,pending,
GM001029,ORDGM001029,4582.64,INR,pending,
GM001030,ORDGM001030,1937.86,INR,pending,
GM001031,ORDGM001031,1095.65,INR,pending,
GM001032,ORDGM001032,8750.15,INR,pending,
GM001033,ORDGM001033,1132.39,INR,pending,
GM001034,ORDGM001034,1056.25,INR,pending,
GM001035,ORDGM001035,1515.08,INR,pending,
GM001036,ORDGM001036,1776.18,INR,pending,
GM001037,ORDGM001037,2610.47,INR,pending,
GM001038,ORDGM001038,438.25,INR,pending,
GM001039,ORDGM001039,634.08,INR,pending,
GM001040,ORDGM001040,2468.64,INR,pending,
GM001041,ORDGM001041,924.29,INR,pending,
GM001042,ORDGM001042,446.56,INR,pending,
GM001043,ORDGM001043,322.12,INR,pending,
GM001044,ORDGM001044,2691.54,INR,pending,
GM001045,ORDGM001045,97.66,INR,pending,
GM001046,ORDGM001046,968.76,INR,pending,
GM001047,ORDGM001047,3258.25,INR,pending,
GM001048,ORDGM001048,1204.35,INR,pending,
GM001049,ORDGM001049,113.40,INR,pending,
GM001050,ORDGM001050,797.11,INR,pending,
GM001051,ORDGM001051,6695.46,INR,pending,
GM001052,ORDGM001052,470.01,INR,pending,
GM001053,ORDGM001053,2117.25,INR,pending,
GM001054,ORDGM001054,257.70,INR,pending,
GM001055,ORDGM001055,272.71,INR,pending,
GM001056,ORDGM001056,7126.71,INR,pending,
GM001057,ORDGM001057,4888.14,INR,pending,
GM001058,ORDGM001058,858.85,INR,pending,
GM001059,ORDGM001059,3094.44,INR,pending,
GM001060,ORDGM001060,605.66,INR,pending,
GM001061,ORDGM001061,1784.63,INR,pending,
GM001062,ORDGM001062,1265.62,INR,pending,
GM001063,ORDGM001063,3219.03,INR,pending,
GM001064,ORDGM001064,244.84,INR,pending,
GM001065,ORDGM001065,2280.91,INR,pending,
GM001066,ORDGM001066,866.18,INR,pending,
GM001067,ORDGM001067,817.81,INR,pending,
GM001068,ORDGM001068,2280.84,INR,pending,
GM001069,ORDGM001069,4714.81,INR,pending,
GM001070,ORDGM001070,1037.26,INR,pending,
GM001071,ORDGM001071,3358.66,INR,pending,
GM001072,ORDGM001072,1104.78,INR,pending,
GM001073,ORDGM001073,694.97,INR,pending,
GM001074,ORDGM001074,2005.10,INR,pending,
GM001075,ORDGM001075,357.46,INR,pending,
GM001076,ORDGM001076,8094.04,INR,pending,
GM001077,ORDGM001077,2133.48,INR,pending,
GM001078,ORDGM001078,1418.61,INR,pending,
GM001079,ORDGM001079,601.75,INR,pending,
GM001080,ORDGM001080,2187.56,INR,pending,
GM001081,ORDGM001081,2835.05,INR,pending,
GM001082,ORDGM001082,2141.27,INR,pending,
GM001083,ORDGM001083,76.53,INR,pending,
GM001084,ORDGM001084,500.83,INR,pending,
GM001085,ORDGM001085,760.38,INR,pending,
GM001086,ORDGM001086,2859.80,INR,pending,
GM001087,ORDGM001087,9684.43,INR,pending,
GM001088,ORDGM001088,1824.59,INR,pending,
GM001089,ORDGM001089,490.72,INR,pending,
GM001090,ORDGM001090,422.27,INR,pending,
GM001091,ORDGM001091,1346.29,INR,pending,
GM001092,ORDGM001092,744.58,INR,pending,
GM001093,ORDGM001093,2090.09,INR,pending,
GM001095,ORDGM001095,411.69,INR,pending,
GM001096,ORDGM001096,1872.80,INR,pending,
GM001097,ORDGM001097,8442.79,INR,pending,
GM001098,ORDGM001098,6944.87,INR,pending,
GM001099,ORDGM001099,68.33,INR,pending,
GM001100,ORDGM001100,4636.68,INR,pending,
GM001101,ORDGM001101,1896.12,INR,pending,
GM001102,ORDGM001102,129.22,INR,pending,
GM001103,ORDGM001103,2716.26,INR,pending,
GM001104,ORDGM001104,542.23,INR,pending,
GM001105,ORDGM001105,4936.14,INR,pending,
GM001106,ORDGM001106,926.24,INR,pending,
GM001107,ORDGM001107,2020.08,INR,pending,
GM001108,ORDGM001108,873.18,INR,pending,
GM001109,ORDGM001109,2572.85,INR,pending,
GM001110,ORDGM001110,1826.06,INR,pending,
GM001111,ORDGM001111,74.33,INR,pending,
GM001112,ORDGM001112,1903.84,INR,pending,
GM001113,ORDGM001113,992.77,INR,pending,
GM001114,ORDGM001114,336.66,INR,pending,
GM001115,ORDGM001115,192.75,INR,pending,
GM001116,ORDGM001116,5430.67,INR,pending,
GM001117,ORDGM001117,2025.21,INR,pending,
GM001118,ORDGM001118,517.09,INR,pending,
GM001119,ORDGM001119,517.28,INR,pending,
GM001120,ORDGM001120,762.01,INR,pending,
GM001121,ORDGM001121,32.81,INR,pending,
GM001122,ORDGM001122,690.27,INR,pending,
GM001123,ORDGM001123,1727.44,INR,pending,
GM001124,ORDGM001124,2957.29,INR,pending,
GM001125,ORDGM001125,644.00,INR,pending,
GM001126,ORDGM001126,684.08,INR,pending,
GM001127,ORDGM001127,4669.93,INR,pending,
GM001128,ORDGM001128,12669.78,INR,pending,
GM001129,ORDGM001129,3456.45,INR,pending,
GM001130,ORDGM001130,1794.57,INR,pending,
GM001131,ORDGM001131,1218.38,INR,pending,
GM001133,ORDGM001133,231.24,INR,pending,
GM001134,ORDGM001134,1394.80,INR,pending,
GM001135,ORDGM001135,2245.67,INR,pending,
GM001136,ORDGM001136,2646.45,INR,pending,
GM001137,ORDGM001137,6309.25,INR,pending,
GM001138,ORDGM001138,3473.07,INR,pending,
GM001139,ORDGM001139,8098.18,INR,pending,
GM001140,ORDGM001140,4854.66,INR,pending,
GM001141,ORDGM001141,811.07,INR,pending,
GM001142,ORDGM001142,4691.47,INR,pending,
GM001143,ORDGM001143,993.76,INR,pending,
GM001145,ORDGM001145,2549.22,INR,pending,
GM001147,ORDGM001147,2612.66,INR,pending,
GM001148,ORDGM001148,1451.45,INR,pending,
GM001149,ORDGM001149,2345.01,INR,pending,
GM001150,ORDGM001150,7406.28,INR,pending,
GM001151,ORDGM001151,1773.33,INR,pending,
GM001152,ORDGM001152,784.95,INR,pending,
GM001153,ORDGM001153,7.76,INR,pending,
GM001154,ORDGM001154,3100.13,INR,pending,
GM001155,ORDGM001155,2976.88,INR,pending,
GM001156,ORDGM001156,387.74,INR,pending,
GM001157,ORDGM001157,120.58,INR,pending,
GM001158,ORDGM001158,651.50,INR,pending,
GM001159,ORDGM001159,223.97,INR,pending,
GM001161,ORDGM001161,789.34,INR,pending,
GM001162,ORDGM001162,5487.11,INR,pending,
GM001164,ORDGM001164,1669.82,INR,pending,
GM001165,ORDGM001165,38.90,INR,pending,
GM001166,ORDGM001166,104.75,INR,pending,
GM001167,ORDGM001167,4008.36,INR,pending,
GM001168,ORDGM001168,139.23,INR,pending,
GM001169,ORDGM001169,3733.68,INR,pending,
GM001170,ORDGM001170,1276.53,INR,pending,
GM001171,ORDGM001171,1613.85,INR,pending,
GM001172,ORDGM001172,1073.69,INR,pending,
GM001173,ORDGM001173,546.15,INR,pending,
GM001174,ORDGM001174,899.34,INR,pending,
GM001175,ORDGM001175,1447.75,INR,pending,
GM001176,ORDGM001176,3949.10,INR,pending,
GM001177,ORDGM001177,1639.12,INR,pending,
GM001178,ORDGM001178,3034.35,INR,pending,
GM001179,ORDGM001179,3533.65,INR,pending,
GM001180,ORDGM001180,863.04,INR,pending,
GM001181,ORDGM001181,10009.02,INR,pending,
GM001182,ORDGM001182,1767.18,INR,pending,
GM001183,ORDGM001183,3298.59,INR,pending,
GM001184,ORDGM001184,3413.31,INR,pending,
GM001185,ORDGM001185,48.57,INR,pending,
GM001186,ORDGM001186,565.33,INR,pending,
GM001187,ORDGM001187,1431.36,INR,pending,
GM001188,ORDGM001188,1494.05,INR,pending,
GM001189,ORDGM001189,1357.67,INR,pending,
GM001190,ORDGM001190,1074.28,INR,pending,
GM001191,ORDGM001191,3896.98,INR,pending,
GM001192,ORDGM001192,2531.03,INR,pending,
GM001193,ORDGM001193,452.33,INR,pending,
GM001194,ORDGM001194,3180.61,INR,pending,
GM001195,ORDGM001195,2525.77,INR,pending,
GM001196,ORDGM001196,758.46,INR,pending,
GM001197,ORDGM001197,260.70,INR,pending,
GM001198,ORDGM001198,603.26,INR,pending,
GM001199,ORDGM001199,1786.95,INR,pending,
GM001200,ORDGM001200,3337.72,INR,pending,
GM001201,ORDGM001201,8312.30,INR,pending,
GM001202,ORDGM001202,297.33,INR,pending,
GM001203,ORDGM001203,1177.40,INR,pending,
GM001204,ORDGM001204,211.54,INR,pending,
GM001205,ORDGM001205,261.68,INR,pending,
GM001206,ORDGM001206,1672.86,INR,pending,
GM001207,ORDGM001207,97.45,INR,pending,
GM001208,ORDGM001208,272.61,INR,pending,
GM001209,ORDGM001209,1363.20,INR,pending,
GM001210,ORDGM001210,2671.15,INR,pending,
GM001211,ORDGM001211,0.99,INR,pending,
GM001212,ORDGM001212,227.80,INR,pending,
GM001213,ORDGM001213,352.95,INR,pending,
GM001214,ORDGM001214,5571.11,INR,pending,
GM001215,ORDGM001215,107.49,INR,pending,
GM001216,ORDGM001216,2017.82,INR,pending,
GM001217,ORDGM001217,1021.87,INR,pending,
GM001218,ORDGM001218,6182.43,INR,pending,
GM001219,ORDGM001219,36.28,INR,pending,
GM001220,ORDGM001220,47.96,INR,pending,
GM001221,ORDGM001221,1818.72,INR,pending,
GM001222,ORDGM001222,1683.15,INR,pending,
GM001223,ORDGM001223,7353.03,INR,pending,
GM001224,ORDGM001224,913.14,INR,pending,
GM001225,ORDGM001225,517.96,INR,pending,
GM001226,ORDGM001226,154.55,INR,pending,
GM001227,ORDGM001227,1158.88,INR,pending,
GM001228,ORDGM001228,657.99,INR,pending,
GM001229,ORDGM001229,775.81,INR,pending,
GM001230,ORDGM001230,3126.94,INR,pending,
GM001231,ORDGM001231,466.64,INR,pending,
GM001232,ORDGM001232,748.42,INR,pending,
GM001233,ORDGM001233,1195.39,INR,pending,
GM001234,ORDGM001234,368.75,INR,pending,
GM001235,ORDGM001235,1441.61,INR,pending,
GM001236,ORDGM001236,1556.22,INR,pending,
GM001237,ORDGM001237,4154.19,INR,pending,
GM001238,ORDGM001238,1968.91,INR,pending,
GM001239,ORDGM001239,1107.85,INR,pending,
GM001240,ORDGM001240,1373.68,INR,pending,
GM001241,ORDGM001241,1662.97,INR,pending,
GM001242,ORDGM001242,3739.44,INR,pending,
GM001243,ORDGM001243,2625.77,INR,pending,
GM001244,ORDGM001244,4265.27,INR,pending,
GM001245,ORDGM001245,2460.41,INR,pending,
GM001246,ORDGM001246,3965.79,INR,pending,
GM001247,ORDGM001247,1236.31,INR,pending,
GM001248,ORDGM001248,527.25,INR,pending,
GM001249,ORDGM001249,386.74,INR,pending,
GM001250,ORDGM001250,885.45,INR,pending,
GM001251,ORDGM001251,3396.26,INR,pending,
GM001252,ORDGM001252,2159.80,INR,pending,
GM001253,ORDGM001253,1426.57,INR,pending,
GM001254,ORDGM001254,1317.61,INR,pending,
GM001255,ORDGM001255,1042.63,INR,pending,
GM001257,ORDGM001257,2640.70,INR,pending,
GM001258,ORDGM001258,540.40,INR,pending,
GM001259,ORDGM001259,363.87,INR,pending,
GM001260,ORDGM001260,1147.24,INR,pending,
GM001261,ORDGM001261,2576.89,INR,pending,
GM001262,ORDGM001262,14795.98,INR,pending,
GM001263,ORDGM001263,1055.66,INR,pending,
GM001264,ORDGM001264,1459.50,INR,pending,
GM001265,ORDGM001265,1453.42,INR,pending,
GM001266,ORDGM001266,1022.85,INR,pending,
GM001267,ORDGM001267,2693.73,INR,pending,
GM001268,ORDGM001268,2081.43,INR,pending,
GM001269,ORDGM001269,247.60,INR,pending,
GM001270,ORDGM001270,53.21,INR,pending,
GM001271,ORDGM001271,861.49,INR,pending,
GM001272,ORDGM001272,135.88,INR,pending,
GM001273,ORDGM001273,3722.36,INR,pending,
GM001274,ORDGM001274,1149.79,INR,pending,
GM001275,ORDGM001275,764.08,INR,pending,
GM001276,ORDGM001276,1214.59,INR,pending,
GM001277,ORDGM001277,3389.03,INR,pending,
GM001278,ORDGM001278,2033.78,INR,pending,
GM001279,ORDGM001279,1610.33,INR,pending,
GM001280,ORDGM001280,258.78,INR,pending,
GM001281,ORDGM001281,154.21,INR,pending,
GM001282,ORDGM001282,1075.00,INR,pending,
GM001283,ORDGM001283,167.68,INR,pending,
GM001284,ORDGM001284,377.99,INR,pending,
GM001285,ORDGM001285,3438.90,INR,pending,
GM001286,ORDGM001286,1103.13,INR,pending,
GM001287,ORDGM001287,1522.56,INR,pending,
GM001288,ORDGM001288,1100.87,INR,pending,
GM001289,ORDGM001289,1376.01,INR,pending,
GM001290,ORDGM001290,44.61,INR,pending,
GM001291,ORDGM001291,553.90,INR,pending,
GM001292,ORDGM001292,1056.23,INR,pending,
GM001294,ORDGM001294,379.31,INR,pending,
GM001295,ORDGM001295,711.30,INR,pending,
GM001296,ORDGM001296,190.39,INR,pending,
GM001297,ORDGM001297,2941.72,INR,pending,
GM001298,ORDGM001298,8603.96,INR,pending,
GM001299,ORDGM001299,508.78,INR,pending,
GM001300,ORDGM001300,3358.47,INR,pending,
GM001301,ORDGM001301,317.12,INR,pending,
GM001302,ORDGM001302,721.92,INR,pending,
GM001303,ORDGM001303,419.86,INR,pending,
GM001304,ORDGM001304,242.90,INR,pending,
GM001305,ORDGM001305,3823.73,INR,pending,
GM001306,ORDGM001306,458.20,INR,pending,
GM001307,ORDGM001307,502.62,INR,pending,
GM001308,ORDGM001308,668.63,INR,pending,
GM001309,ORDGM001309,5683.87,INR,pending,
GM001310,ORDGM001310,178.90,INR,pending,
GM001312,ORDGM001312,258.37,INR,pending,
GM001313,ORDGM001313,30.14,INR,pending,
GM001314,ORDGM001314,347.89,INR,pending,
GM001315,ORDGM001315,82.68,INR,pending,
GM001316,ORDGM001316,524.81,INR,pending,
GM001317,ORDGM001317,1727.67,INR,pending,
GM001318,ORDGM001318,740.49,INR,pending,
GM001319,ORDGM001319,2729.68,INR,pending,
GM001320,ORDGM001320,46.06,INR,pending,
GM001321,ORDGM001321,376.28,INR,pending,
GM001322,ORDGM001322,757.77,INR,pending,
GM001323,ORDGM001323,2439.94,INR,pending,
GM001324,ORDGM001324,3214.35,INR,pending,
GM001325,ORDGM001325,7265.12,INR,pending,
GM001326,ORDGM001326,7384.39,INR,pending,
GM001327,ORDGM001327,2848.59,INR,pending,
GM001328,ORDGM001328,95.62,INR,pending,
GM001329,ORDGM001329,407.28,INR,pending,
GM001330,ORDGM001330,2156.44,INR,pending,
GM001331,ORDGM001331,2462.95,INR,pending,
GM001332,ORDGM001332,424.59,INR,pending,
GM001333,ORDGM001333,4150.07,INR,pending,
GM001334,ORDGM001334,1650.91,INR,pending,
GM001335,ORDGM001335,1211.68,INR,pending,
GM001336,ORDGM001336,1345.59,INR,pending,
GM001337,ORDGM001337,0.97,INR,pending,
GM001338,ORDGM001338,602.30,INR,pending,
GM001339,ORDGM001339,28.96,INR,pending,
GM001340,ORDGM001340,888.68,INR,pending,
GM001341,ORDGM001341,170.85,INR,pending,
GM001342,ORDGM001342,262.50,INR,pending,
GM001343,ORDGM001343,1697.54,INR,pending,
GM001344,ORDGM001344,453.78,INR,pending,
GM001345,ORDGM001345,1588.28,INR,pending,
GM001346,ORDGM001346,1299.22,INR,pending,
GM001347,ORDGM001347,392.73,INR,pending,
GM001348,ORDGM001348,1059.09,INR,pending,
GM001349,ORDGM001349,1179.01,INR,pending,
GM001350,ORDGM001350,562.70,INR,pending,
GM001352,ORDGM001352,283.75,INR,pending,
GM001353,ORDGM001353,1628.82,INR,pending,
GM001354,ORDGM001354,1910.41,INR,pending,
GM001355,ORDGM001355,349.33,INR,pending,
GM001356,ORDGM001356,1063.44,INR,pending,
GM001357,ORDGM001357,304.21,INR,pending,
GM001358,ORDGM001358,152.22,INR,pending,
GM001359,ORDGM001359,1909.18,INR,pending,
GM001360,ORDGM001360,57.94,INR,pending,
GM001361,ORDGM001361,180.92,INR,pending,
GM001362,ORDGM001362,1075.04,INR,pending,
GM001364,ORDGM001364,2041.19,INR,pending,
GM001365,ORDGM001365,2066.15,INR,pending,
GM001366,ORDGM001366,2961.63,INR,pending,
GM001367,ORDGM001367,2442.06,INR,pending,
GM001368,ORDGM001368,8506.55,INR,pending,
GM001369,ORDGM001369,2029.41,INR,pending,
GM001370,ORDGM001370,3355.59,INR,pending,
GM001371,ORDGM001371,3911.04,INR,pending,
GM001372,ORDGM001372,1832.54,INR,pending,
GM001373,ORDGM001373,149.01,INR,pending,
GM001374,ORDGM001374,2200.94,INR,pending,
GM001375,ORDGM001375,879.46,INR,pending,
GM001376,ORDGM001376,2109.16,INR,pending,
GM001377,ORDGM001377,1117.79,INR,pending,
GM001378,ORDGM001378,133.49,INR,pending,
GM001379,ORDGM001379,2267.97,INR,pending,
GM001380,ORDGM001380,425.89,INR,pending,
GM001381,ORDGM001381,1829.42,INR,pending,
GM001382,ORDGM001382,893.02,INR,pending,
GM001383,ORDGM001383,2842.57,INR,pending,
GM001384,ORDGM001384,1034.35,INR,pending,
GM001385,ORDGM001385,533.18,INR,pending,
GM001386,ORDGM001386,2182.46,INR,pending,
GM001387,ORDGM001387,187.44,INR,pending,
GM001388,ORDGM001388,840.21,INR,pending,
GM001389,ORDGM001389,4386.39,INR,pending,
GM001390,ORDGM001390,3300.51,INR,pending,
GM001391,ORDGM001391,135.35,INR,pending,
GM001392,ORDGM001392,2003.55,INR,pending,
GM001393,ORDGM001393,570.78,INR,pending,
GM001394,ORDGM001394,160.05,INR,pending,
GM001395,ORDGM001395,627.89,INR,pending,
GM001396,ORDGM001396,139.30,INR,pending,
GM001397,ORDGM001397,1471.81,INR,pending,
GM001398,ORDGM001398,3061.83,INR,pending,
GM001399,ORDGM001399,437.70,INR,pending,
GM001400,ORDGM001400,972.39,INR,pending,
GM001401,ORDGM001401,5710.24,INR,pending,
GM001402,ORDGM001402,6319.10,INR,pending,
GM001403,ORDGM001403,3070.56,INR,pending,
GM001404,ORDGM001404,2536.86,INR,pending,
GM001405,ORDGM001405,3430.61,INR,pending,
GM001406,ORDGM001406,119.51,INR,pending,
GM001408,ORDGM001408,8825.63,INR,pending,
GM001409,ORDGM001409,1110.99,INR,pending,
GM001410,ORDGM001410,1084.89,INR,pending,
GM001411,ORDGM001411,101.71,INR,pending,
GM001412,ORDGM001412,2104.20,INR,pending,
GM001413,ORDGM001413,479.84,INR,pending,
GM001414,ORDGM001414,2780.48,INR,pending,
GM001415,ORDGM001415,9118.78,INR,pending,
GM001416,ORDGM001416,470.85,INR,pending,
GM001417,ORDGM001417,483.11,INR,pending,
GM001418,ORDGM001418,5239.08,INR,pending,
GM001419,ORDGM001419,203.94,INR,pending,
GM001421,ORDGM001421,2455.88,INR,pending,
GM001422,ORDGM001422,616.02,INR,pending,
GM001423,ORDGM001423,229.07,INR,pending,
GM001424,ORDGM001424,12251.04,INR,pending,
GM001425,ORDGM001425,5137.72,INR,pending,
GM001426,ORDGM001426,3953.63,INR,pending,
GM001427,ORDGM001427,328.26,INR,pending,
GM001428,ORDGM001428,2684.77,INR,pending,
GM001429,ORDGM001429,5375.18,INR,pending,
GM001430,ORDGM001430,902.89,INR,pending,
GM001431,ORDGM001431,33.38,INR,pending,
GM001432,ORDGM001432,1224.95,INR,pending,
GM001433,ORDGM001433,1094.44,INR,pending,
GM001434,ORDGM001434,267.56,INR,pending,
GM001435,ORDGM001435,246.99,INR,pending,
GM001436,ORDGM001436,1985.40,INR,pending,
GM001437,ORDGM001437,530.79,INR,pending,
GM001438,ORDGM001438,4213.74,INR,pending,
GM001439,ORDGM001439,1387.90,INR,pending,
GM001440,ORDGM001440,697.84,INR,pending,
GM001441,ORDGM001441,79.38,INR,pending,
GM001442,ORDGM001442,1545.74,INR,pending,
GM001443,ORDGM001443,451.31,INR,pending,
GM001444,ORDGM001444,2871.67,INR,pending,
GM001445,ORDGM001445,10.76,INR,pending,
GM001446,ORDGM001446,587.99,INR,pending,
GM001447,ORDGM001447,231.61,INR,pending,
GM001448,ORDGM001448,2626.41,INR,pending,
GM001449,ORDGM001449,3015.93,INR,pending,
GM001450,ORDGM001450,175.27,INR,pending,
GM001451,ORDGM001451,5148.10,INR,pending,
GM001452,ORDGM001452,1149.88,INR,pending,
GM001453,ORDGM001453,7891.28,INR,pending,
GM001454,ORDGM001454,4308.89,INR,pending,
GM001455,ORDGM001455,789.64,INR,pending,
GM001457,ORDGM001457,2297.96,INR,pending,
GM001458,ORDGM001458,912.47,INR,pending,
GM001459,ORDGM001459,30.57,INR,pending,
GM001460,ORDGM001460,350.40,INR,pending,
GM001461,ORDGM001461,750.45,INR,pending,
GM001462,ORDGM001462,458.18,INR,pending,
GM001463,ORDGM001463,406.18,INR,pending,
GM001464,ORDGM001464,5186.85,INR,pending,
GM001465,ORDGM001465,876.10,INR,pending,
GM001467,ORDGM001467,1234.04,INR,pending,
GM001469,ORDGM001469,3449.90,INR,pending,
GM001470,ORDGM001470,478.83,INR,pending,
GM001471,ORDGM001471,119.58,INR,pending,
GM001472,ORDGM001472,472.29,INR,pending,
GM001473,ORDGM001473,939.16,INR,pending,
GM001474,ORDGM001474,2642.32,INR,pending,
GM001475,ORDGM001475,1696.01,INR,pending,
GM001476,ORDGM001476,1543.49,INR,pending,
GM001477,ORDGM001477,2787.95,INR,pending,
GM001478,ORDGM001478,203.96,INR,pending,
GM001479,ORDGM001479,4613.38,INR,pending,
GM001480,ORDGM001480,3648.19,INR,pending,
GM001481,ORDGM001481,1646.81,INR,pending,
GM001482,ORDGM001482,595.13,INR,pending,
GM001483,ORDGM001483,1746.38,INR,pending,
GM001484,ORDGM001484,1376.50,INR,pending,
GM001485,ORDGM001485,1204.24,INR,pending,
GM001486,ORDGM001486,356.43,INR,pending,
GM001487,ORDGM001487,122.79,INR,pending,
GM001488,ORDGM001488,404.04,INR,pending,
GM001489,ORDGM001489,2304.43,INR,pending,
GM001490,ORDGM001490,137.97,INR,pending,
GM001491,ORDGM001491,96.03,INR,pending,
GM001492,ORDGM001492,2001.66,INR,pending,
GM001493,ORDGM001493,2522.56,INR,pending,
GM001494,ORDGM001494,2420.79,INR,pending,
GM001495,ORDGM001495,1555.19,INR,pending,
GM001496,ORDGM001496,2569.76,INR,pending,
GM001497,ORDGM001497,57.87,INR,pending,
GM001498,ORDGM001498,1846.15,INR,pending,
GM001499,ORDGM001499,1166.08,INR,pending,
GM001500,ORDGM001500,3651.74,INR,pending,
GM001501,ORDGM001501,4906.89,INR,pending,
GM001502,ORDGM001502,1037.89,INR,pending,
GM001503,ORDGM001503,6033.75,INR,pending,
GM001504,ORDGM001504,66.97,INR,pending,
GM001505,ORDGM001505,693.38,INR,pending,
GM001506,ORDGM001506,1817.66,INR,pending,
GM001507,ORDGM001507,1022.84,INR,pending,
GM001508,ORDGM001508,1951.95,INR,pending,
GM001509,ORDGM001509,824.79,INR,pending,
GM001510,ORDGM001510,1845.92,INR,pending,
GM001511,ORDGM001511,482.52,INR,pending,
GM001512,ORDGM001512,1538.35,INR,pending,
GM001513,ORDGM001513,126.41,INR,pending,
GM001514,ORDGM001514,64.02,INR,pending,
GM001517,ORDGM001517,2288.63,INR,pending,
GM001518,ORDGM001518,1269.98,INR,pending,
GM001519,ORDGM001519,1274.47,INR,pending,
GM001520,ORDGM001520,2087.93,INR,pending,
GM001521,ORDGM001521,3537.65,INR,pending,
GM001522,ORDGM001522,257.43,INR,pending,
GM001523,ORDGM001523,529.47,INR,pending,
GM001524,ORDGM001524,1193.71,INR,pending,
GM001525,ORDGM001525,903.13,INR,pending,
GM001526,ORDGM001526,2267.01,INR,pending,
GM001527,ORDGM001527,3064.74,INR,pending,
GM001528,ORDGM001528,1094.04,INR,pending,
GM001529,ORDGM001529,3786.71,INR,pending,
GM001530,ORDGM001530,6654.89,INR,pending,
GM001531,ORDGM001531,2093.33,INR,pending,
GM001532,ORDGM001532,2674.76,INR,pending,
GM001533,ORDGM001533,4113.50,INR,pending,
GM001534,ORDGM001534,798.63,INR,pending,
GM001535,ORDGM001535,1146.30,INR,pending,
GM001536,ORDGM001536,683.49,INR,pending,
GM001537,ORDGM001537,203.32,INR,pending,
GM001538,ORDGM001538,3241.49,INR,pending,
GM001539,ORDGM001539,683.11,INR,pending,
GM001540,ORDGM001540,2000.84,INR,pending,
GM001541,ORDGM001541,2845.89,INR,pending,
GM001542,ORDGM001542,555.93,INR,pending,
GM001543,ORDGM001543,1802.45,INR,pending,
GM001544,ORDGM001544,6536.43,INR,pending,
GM001545,ORDGM001545,314.36,INR,pending,
GM001546,ORDGM001546,585.75,INR,pending,
GM001547,ORDGM001547,3375.82,INR,pending,
GM001548,ORDGM001548,3109.48,INR,pending,
GM001549,ORDGM001549,1990.00,INR,pending,
GM001550,ORDGM001550,221.66,INR,pending,
GM001551,ORDGM001551,800.34,INR,pending,
GM001552,ORDGM001552,1101.86,INR,pending,
GM001553,ORDGM001553,452.87,INR,pending,
GM001554,ORDGM001554,241.13,INR,pending,
GM001555,ORDGM001555,547.27,INR,pending,
GM001556,ORDGM001556,3335.01,INR,pending,
GM001557,ORDGM001557,2610.71,INR,pending,
GM001558,ORDGM001558,5945.51,INR,pending,
GM001559,ORDGM001559,535.35,INR,pending,
GM001560,ORDGM001560,622.88,INR,pending,
GM001561,ORDGM001561,1610.54,INR,pending,
GM001562,ORDGM001562,1503.99,INR,pending,
GM001563,ORDGM001563,365.25,INR,pending,
GM001564,ORDGM001564,485.43,INR,pending,
GM001565,ORDGM001565,2055.54,INR,pending,
GM001566,ORDGM001566,928.33,INR,pending,
GM001567,ORDGM001567,1245.74,INR,pending,
GM001568,ORDGM001568,49.10,INR,pending,
GM001569,ORDGM001569,702.66,INR,pending,
GM001570,ORDGM001570,635.65,INR,pending,
GM001571,ORDGM001571,591.05,INR,pending,
GM001572,ORDGM001572,2014.95,INR,pending,
GM001573,ORDGM001573,2698.45,INR,pending,
GM001574,ORDGM001574,2469.80,INR,pending,
GM001575,ORDGM001575,6913.28,INR,pending,
GM001576,ORDGM001576,477.64,INR,pending,
GM001577,ORDGM001577,1196.52,INR,pending,
GM001578,ORDGM001578,1728.67,INR,pending,
GM001579,ORDGM001579,5898.67,INR,pending,
GM001580,ORDGM001580,1867.97,INR,pending,
GM001581,ORDGM001581,9191.27,INR,pending,
GM001582,ORDGM001582,2398.38,INR,pending,
GM001583,ORDGM001583,2170.63,INR,pending,
GM001585,ORDGM001585,53.36,INR,pending,
GM001586,ORDGM001586,55.84,INR,pending,
GM001587,ORDGM001587,1961.83,INR,pending,
GM001588,ORDGM001588,692.71,INR,pending,
GM001589,ORDGM001589,9386.59,INR,pending,
GM001590,ORDGM001590,1037.35,INR,pending,
GM001591,ORDGM001591,340.88,INR,pending,
GM001592,ORDGM001592,5427.52,INR,pending,
GM001593,ORDGM001593,64.81,INR,pending,
GM001594,ORDGM001594,1236.46,INR,pending,
GM001595,ORDGM001595,4180.45,INR,pending,
GM001596,ORDGM001596,3223.33,INR,pending,
GM001597,ORDGM001597,2910.12,INR,pending,
GM001598,ORDGM001598,11432.34,INR,pending,
GM001599,ORDGM001599,1472.32,INR,pending,
GM001600,ORDGM001600,761.66,INR,pending,
GM001601,ORDGM001601,765.33,INR,pending,
GM001602,ORDGM001602,6365.08,INR,pending,
GM001603,ORDGM001603,650.61,INR,pending,
GM001604,ORDGM001604,284.88,INR,pending,
GM001605,ORDGM001605,944.62,INR,pending,
GM001606,ORDGM001606,9482.56,INR,pending,
GM001607,ORDGM001607,4552.56,INR,pending,
GM001608,ORDGM001608,366.20,INR,pending,
GM001609,ORDGM001609,1211.99,INR,pending,
GM001610,ORDGM001610,1837.55,INR,pending,
GM001612,ORDGM001612,733.60,INR,pending,
GM001613,ORDGM001613,2377.17,INR,pending,
GM001614,ORDGM001614,131.36,INR,pending,
GM001615,ORDGM001615,2526.60,INR,pending,
GM001616,ORDGM001616,3435.31,INR,pending,
GM001617,ORDGM001617,7100.61,INR,pending,
GM001618,ORDGM001618,6378.33,INR,pending,
GM001619,ORDGM001619,529.43,INR,pending,
GM001620,ORDGM001620,2819.98,INR,pending,
GM001621,ORDGM001621,129.38,INR,pending,
GM001622,ORDGM001622,1510.62,INR,pending,
GM001623,ORDGM001623,278.50,INR,pending,
GM001624,ORDGM001624,1004.99,INR,pending,
GM001625,ORDGM001625,1524.10,INR,pending,
GM001626,ORDGM001626,2071.69,INR,pending,
GM001627,ORDGM001627,950.09,INR,pending,
GM001628,ORDGM001628,2858.13,INR,pending,
GM001629,ORDGM001629,2347.35,INR,pending,
GM001630,ORDGM001630,13.05,INR,pending,
GM001631,ORDGM001631,2025.36,INR,pending,
GM001632,ORDGM001632,58.82,INR,pending,
GM001634,ORDGM001634,717.02,INR,pending,
GM001635,ORDGM001635,22.03,INR,pending,
GM001636,ORDGM001636,1145.55,INR,pending,
GM001637,ORDGM001637,2400.46,INR,pending,
GM001638,ORDGM001638,1997.46,INR,pending,
GM001639,ORDGM001639,177.89,INR,pending,
GM001640,ORDGM001640,5264.99,INR,pending,
GM001641,ORDGM001641,860.25,INR,pending,
GM001642,ORDGM001642,930.89,INR,pending,
GM001644,ORDGM001644,1500.66,INR,pending,
GM001645,ORDGM001645,4283.70,INR,pending,
GM001646,ORDGM001646,561.19,INR,pending,
GM001647,ORDGM001647,1480.07,INR,pending,
GM001648,ORDGM001648,2926.00,INR,pending,
GM001649,ORDGM001649,72.88,INR,pending,
GM001650,ORDGM001650,1331.86,INR,pending,
GM001651,ORDGM001651,6609.53,INR,pending,
GM001652,ORDGM001652,5872.61,INR,pending,
GM001653,ORDGM001653,5933.55,INR,pending,
GM001654,ORDGM001654,1905.64,INR,pending,
GM001655,ORDGM001655,2651.06,INR,pending,
GM001656,ORDGM001656,178.45,INR,pending,
GM001657,ORDGM001657,1690.87,INR,pending,
GM001658,ORDGM001658,564.87,INR,pending,
GM001659,ORDGM001659,1187.26,INR,pending,
GM001660,ORDGM001660,184.54,INR,pending,
GM001661,ORDGM001661,3552.47,INR,pending,
GM001662,ORDGM001662,700.03,INR,pending,
GM001663,ORDGM001663,1629.19,INR,pending,
GM001664,ORDGM001664,230.09,INR,pending,
GM001665,ORDGM001665,282.56,INR,pending,
GM001666,ORDGM001666,419.85,INR,pending,
GM001667,ORDGM001667,331.47,INR,pending,
GM001668,ORDGM001668,1208.36,INR,pending,
GM001669,ORDGM001669,385.45,INR,pending,
GM001670,ORDGM001670,2660.85,INR,pending,
GM001671,ORDGM001671,120.05,INR,pending,
GM001672,ORDGM001672,258.36,INR,pending,
GM001673,ORDGM001673,807.30,INR,pending,
GM001674,ORDGM001674,4234.82,INR,pending,
GM001675,ORDGM001675,1155.89,INR,pending,
GM001676,ORDGM001676,219.29,INR,pending,
GM001677,ORDGM001677,2832.43,INR,pending,
GM001678,ORDGM001678,431.76,INR,pending,
GM001679,ORDGM001679,2720.37,INR,pending,
GM001680,ORDGM001680,285.07,INR,pending,
GM001681,ORDGM001681,187.31,INR,pending,
GM001682,ORDGM001682,2449.85,INR,pending,
GM001683,ORDGM001683,135.46,INR,pending,
GM001684,ORDGM001684,322.00,INR,pending,
GM001685,ORDGM001685,422.38,INR,pending,
GM001686,ORDGM001686,1634.05,INR,pending,
GM001687,ORDGM001687,1636.76,INR,pending,
GM001688,ORDGM001688,298.57,INR,pending,
GM001689,ORDGM001689,2340.17,INR,pending,
GM001690,ORDGM001690,143.76,INR,pending,
GM001691,ORDGM001691,2744.77,INR,pending,
GM001692,ORDGM001692,49.22,INR,pending,
GM001693,ORDGM001693,3123.07,INR,pending,
GM001694,ORDGM001694,5898.94,INR,pending,
GM001695,ORDGM001695,7792.96,INR,pending,
GM001696,ORDGM001696,4230.55,INR,pending,
GM001697,ORDGM001697,1100.08,INR,pending,
GM001698,ORDGM001698,776.59,INR,pending,
GM001699,ORDGM001699,1513.87,INR,pending,
GM001700,ORDGM001700,1168.09,INR,pending,
GM001701,ORDGM001701,370.76,INR,pending,
GM001702,ORDGM001702,1408.88,INR,pending,
GM001703,ORDGM001703,1861.97,INR,pending,
GM001704,ORDGM001704,1434.71,INR,pending,
GM001705,ORDGM001705,1727.39,INR,pending,
GM001706,ORDGM001706,2793.50,INR,pending,
GM001707,ORDGM001707,1338.92,INR,pending,
GM001708,ORDGM001708,346.50,INR,pending,
GM001709,ORDGM001709,1907.32,INR,pending,
GM001711,ORDGM001711,4076.25,INR,pending,
GM001712,ORDGM001712,10216.82,INR,pending,
GM001713,ORDGM001713,131.94,INR,pending,
GM001714,ORDGM001714,1757.37,INR,pending,
GM001715,ORDGM001715,798.03,INR,pending,
GM001716,ORDGM001716,521.69,INR,pending,
GM001718,ORDGM001718,4535.93,INR,pending,
GM001719,ORDGM001719,4538.24,INR,pending,
GM001720,ORDGM001720,807.02,INR,pending,
GM001721,ORDGM001721,652.28,INR,pending,
GM001722,ORDGM001722,1186.90,INR,pending,
GM001723,ORDGM001723,772.70,INR,pending,
GM001724,ORDGM001724,999.21,INR,pending,
GM001725,ORDGM001725,103.10,INR,pending,
GM001726,ORDGM001726,3095.52,INR,pending,
GM001727,ORDGM001727,109.67,INR,pending,
GM001728,ORDGM001728,602.98,INR,pending,
GM001729,ORDGM001729,1340.25,INR,pending,
GM001730,ORDGM001730,2464.58,INR,pending,
GM001731,ORDGM001731,1769.52,INR,pending,
GM001732,ORDGM001732,2171.67,INR,pending,
GM001733,ORDGM001733,234.19,INR,pending,
GM001734,ORDGM001734,791.78,INR,pending,
GM001735,ORDGM001735,570.79,INR,pending,
GM001736,ORDGM001736,369.87,INR,pending,
GM001737,ORDGM001737,1508.84,INR,pending,
GM001738,ORDGM001738,30.91,INR,pending,
GM001739,ORDGM001739,1052.81,INR,pending,
GM001740,ORDGM001740,2037.83,INR,pending,
GM001741,ORDGM001741,496.29,INR,pending,
GM001742,ORDGM001742,483.87,INR,pending,
GM001743,ORDGM001743,861.39,INR,pending,
GM001744,ORDGM001744,5892.27,INR,pending,
GM001745,ORDGM001745,2114.65,INR,pending,
GM001746,ORDGM001746,2172.88,INR,pending,
GM001747,ORDGM001747,253.74,INR,pending,
GM001748,ORDGM001748,449.74,INR,pending,
GM001749,ORDGM001749,966.60,INR,pending,
GM001750,ORDGM001750,2746.80,INR,pending,
GM001751,ORDGM001751,813.33,INR,pending,
GM001752,ORDGM001752,772.93,INR,pending,
GM001753,ORDGM001753,557.72,INR,pending,
GM001754,ORDGM001754,1600.23,INR,pending,
GM001755,ORDGM001755,2610.33,INR,pending,
GM001756,ORDGM001756,2476.60,INR,pending,
GM001757,ORDGM001757,1050.86,INR,pending,
GM001758,ORDGM001758,849.48,INR,pending,
GM001759,ORDGM001759,956.06,INR,pending,
GM001760,ORDGM001760,1080.99,INR,pending,
GM001761,ORDGM001761,796.35,INR,pending,
GM001762,ORDGM001762,2239.72,INR,pending,
GM001763,ORDGM001763,5331.55,INR,pending,
GM001764,ORDGM001764,709.87,INR,pending,
GM001765,ORDGM001765,801.13,INR,pending,
GM001766,ORDGM001766,877.91,INR,pending,
GM001767,ORDGM001767,173.86,INR,pending,
GM001768,ORDGM001768,1738.49,INR,pending,
GM001769,ORDGM001769,1042.39,INR,pending,
GM001770,ORDGM001770,6927.48,INR,pending,
GM001771,ORDGM001771,2327.34,INR,pending,
GM001772,ORDGM001772,6498.63,INR,pending,
GM001773,ORDGM001773,6498.53,INR,pending,
GM001774,ORDGM001774,1290.16,INR,pending,
GM001775,ORDGM001775,2906.59,INR,pending,
GM001776,ORDGM001776,297.52,INR,pending,
GM001777,ORDGM001777,2908.82,INR,pending,
GM001778,ORDGM001778,1797.27,INR,pending,
GM001779,ORDGM001779,6319.87,INR,pending,
GM001780,ORDGM001780,1701.43,INR,pending,
GM001781,ORDGM001781,3647.78,INR,pending,
GM001782,ORDGM001782,3381.75,INR,pending,
GM001783,ORDGM001783,921.34,INR,pending,
GM001784,ORDGM001784,2389.23,INR,pending,
GM001785,ORDGM001785,20.66,INR,pending,
GM001786,ORDGM001786,3465.13,INR,pending,
GM001788,ORDGM001788,6331.90,INR,pending,
GM001789,ORDGM001789,829.91,INR,pending,
GM001790,ORDGM001790,1118.36,INR,pending,
GM001791,ORDGM001791,2678.19,INR,pending,
GM001792,ORDGM001792,2737.96,INR,pending,
GM001793,ORDGM001793,1388.32,INR,pending,
GM001794,ORDGM001794,2749.17,INR,pending,
GM001795,ORDGM001795,678.14,INR,pending,
GM001796,ORDGM001796,824.64,INR,pending,
GM001797,ORDGM001797,60.51,INR,pending,
GM001798,ORDGM001798,133.00,INR,pending,
GM001799,ORDGM001799,1407.03,INR,pending,
GM001800,ORDGM001800,1948.00,INR,pending,
GM001801,ORDGM001801,947.78,INR,pending,
GM001802,ORDGM001802,214.96,INR,pending,
GM001804,ORDGM001804,1071.70,INR,pending,
GM001805,ORDGM001805,2884.02,INR,pending,
GM001806,ORDGM001806,895.09,INR,pending,
GM001807,ORDGM001807,1395.05,INR,pending,
GM001808,ORDGM001808,3424.43,INR,pending,
GM001809,ORDGM001809,1052.81,INR,pending,
GM001810,ORDGM001810,6243.97,INR,pending,
GM001811,ORDGM001811,3118.15,INR,pending,
GM001812,ORDGM001812,1197.52,INR,pending,
GM001814,ORDGM001814,531.99,INR,pending,
GM001815,ORDGM001815,258.02,INR,pending,
GM001816,ORDGM001816,210.53,INR,pending,
GM001817,ORDGM001817,680.84,INR,pending,
GM001818,ORDGM001818,584.18,INR,pending,
GM001819,ORDGM001819,445.91,INR,pending,
GM001820,ORDGM001820,698.86,INR,pending,
GM001821,ORDGM001821,1136.54,INR,pending,
GM001822,ORDGM001822,110.36,INR,pending,
GM001823,ORDGM001823,758.42,INR,pending,
GM001824,ORDGM001824,3248.45,INR,pending,
GM001825,ORDGM001825,4393.61,INR,pending,
GM001826,ORDGM001826,133.22,INR,pending,
GM001827,ORDGM001827,1330.03,INR,pending,
GM001828,ORDGM001828,2244.79,INR,pending,
GM001829,ORDGM001829,633.89,INR,pending,
GM001830,ORDGM001830,614.76,INR,pending,
GM001831,ORDGM001831,1055.83,INR,pending,
GM001832,ORDGM001832,241.67,INR,pending,
GM001833,ORDGM001833,1232.90,INR,pending,
GM001834,ORDGM001834,945.26,INR,pending,
GM001835,ORDGM001835,3519.63,INR,pending,
GM001836,ORDGM001836,875.74,INR,pending,
GM001837,ORDGM001837,434.62,INR,pending,
GM001838,ORDGM001838,2413.21,INR,pending,
GM001839,ORDGM001839,4984.49,INR,pending,
GM001840,ORDGM001840,1352.59,INR,pending,
GM001841,ORDGM001841,369.30,INR,pending,
GM001842,ORDGM001842,879.97,INR,pending,
GM001843,ORDGM001843,1207.78,INR,pending,
GM001844,ORDGM001844,3224.19,INR,pending,
GM001845,ORDGM001845,2525.54,INR,pending,
GM001846,ORDGM001846,63.64,INR,pending,
GM001847,ORDGM001847,2581.40,INR,pending,
GM001848,ORDGM001848,572.88,INR,pending,
GM001849,ORDGM001849,3725.66,INR,pending,
GM001850,ORDGM001850,1995.91,INR,pending,
GM001851,ORDGM001851,171.90,INR,pending,
GM001852,ORDGM001852,4273.58,INR,pending,
GM001853,ORDGM001853,604.84,INR,pending,
GM001854,ORDGM001854,486.78,INR,pending,
GM001855,ORDGM001855,1396.33,INR,pending,
GM001856,ORDGM001856,1215.87,INR,pending,
GM001857,ORDGM001857,1836.72,INR,pending,
GM001858,ORDGM001858,446.06,INR,pending,
GM001859,ORDGM001859,2192.14,INR,pending,
GM001860,ORDGM001860,5885.58,INR,pending,
GM001861,ORDGM001861,3516.06,INR,pending,
GM001862,ORDGM001862,1361.18,INR,pending,
GM001863,ORDGM001863,2459.70,INR,pending,
GM001864,ORDGM001864,465.29,INR,pending,
GM001865,ORDGM001865,1762.22,INR,pending,
GM001866,ORDGM001866,2035.43,INR,pending,
GM001867,ORDGM001867,2975.82,INR,pending,
GM001868,ORDGM001868,74.76,INR,pending,
GM001869,ORDGM001869,2359.09,INR,pending,
GM001870,ORDGM001870,138.22,INR,pending,
GM001871,ORDGM001871,919.38,INR,pending,
GM001872,ORDGM001872,413.41,INR,pending,
GM001873,ORDGM001873,782.28,INR,pending,
GM001874,ORDGM001874,1825.86,INR,pending,
GM001875,ORDGM001875,671.33,INR,pending,
GM001876,ORDGM001876,769.06,INR,pending,
GM001877,ORDGM001877,53.22,INR,pending,
GM001878,ORDGM001878,904.42,INR,pending,
GM001879,ORDGM001879,1495.99,INR,pending,
GM001880,ORDGM001880,2227.61,INR,pending,
GM001881,ORDGM001881,44.57,INR,pending,
GM001882,ORDGM001882,3426.36,INR,pending,
GM001883,ORDGM001883,19.66,INR,pending,
GM001884,ORDGM001884,641.75,INR,pending,
GM001885,ORDGM001885,2289.20,INR,pending,
GM001886,ORDGM001886,3157.65,INR,pending,
GM001887,ORDGM001887,1648.45,INR,pending,
GM001888,ORDGM001888,616.06,INR,pending,
GM001889,ORDGM001889,2813.58,INR,pending,
GM001890,ORDGM001890,245.68,INR,pending,
GM001891,ORDGM001891,485.08,INR,pending,
GM001892,ORDGM001892,1575.18,INR,pending,
GM001893,ORDGM001893,1920.27,INR,pending,
GM001894,ORDGM001894,2358.54,INR,pending,
GM001895,ORDGM001895,1199.81,INR,pending,
GM001896,ORDGM001896,700.04,INR,pending,
GM001897,ORDGM001897,4268.21,INR,pending,
GM001898,ORDGM001898,172.03,INR,pending,
GM001899,ORDGM001899,1391.62,INR,pending,
GM001902,ORDGM001902,944.69,INR,pending,
GM001903,ORDGM001903,1338.86,INR,pending,
GM001904,ORDGM001904,483.81,INR,pending,
GM001905,ORDGM001905,2147.97,INR,pending,
GM001906,ORDGM001906,155.37,INR,pending,
GM001907,ORDGM001907,379.95,INR,pending,
GM001908,ORDGM001908,922.46,INR,pending,
GM001909,ORDGM001909,328.32,INR,pending,
GM001910,ORDGM001910,2283.86,INR,pending,
GM001911,ORDGM001911,3139.24,INR,pending,
GM001912,ORDGM001912,227.97,INR,pending,
GM001913,ORDGM001913,2142.50,INR,pending,
GM001914,ORDGM001914,440.47,INR,pending,
GM001915,ORDGM001915,1487.21,INR,pending,
GM001916,ORDGM001916,208.16,INR,pending,
GM001917,ORDGM001917,1978.70,INR,pending,
GM001919,ORDGM001919,2574.54,INR,pending,
GM001920,ORDGM001920,413.50,INR,pending,
GM001921,ORDGM001921,1002.56,INR,pending,
GM001922,ORDGM001922,82.54,INR,pending,
GM001923,ORDGM001923,943.26,INR,pending,
GM001924,ORDGM001924,3330.49,INR,pending,
GM001925,ORDGM001925,1350.84,INR,pending,
GM001926,ORDGM001926,1273.49,INR,pending,
GM001927,ORDGM001927,2467.88,INR,pending,
GM001928,ORDGM001928,1236.39,INR,pending,
GM001929,ORDGM001929,286.90,INR,pending,
GM001930,ORDGM001930,2133.44,INR,pending,
GM001931,ORDGM001931,3392.63,INR,pending,
GM001932,ORDGM001932,8312.60,INR,pending,
GM001933,ORDGM001933,1164.17,INR,pending,
GM001934,ORDGM001934,1194.21,INR,pending,
GM001935,ORDGM001935,3921.52,INR,pending,
GM001936,ORDGM001936,2522.93,INR,pending,
GM001937,ORDGM001937,882.92,INR,pending,
GM001938,ORDGM001938,1597.78,INR,pending,
GM001939,ORDGM001939,1776.84,INR,pending,
GM001940,ORDGM001940,966.49,INR,pending,
GM001941,ORDGM001941,1675.43,INR,pending,
GM001942,ORDGM001942,580.37,INR,pending,
GM001943,ORDGM001943,3869.68,INR,pending,
GM001944,ORDGM001944,87.60,INR,pending,
GM001945,ORDGM001945,588.97,INR,pending,
GM001946,ORDGM001946,1629.86,INR,pending,
GM001947,ORDGM001947,576.76,INR,pending,
GM001948,ORDGM001948,2542.05,INR,pending,
GM001949,ORDGM001949,137.86,INR,pending,
GM001950,ORDGM001950,15432.17,INR,pending,
GM001951,ORDGM001951,1728.61,INR,pending,
GM001952,ORDGM001952,2657.73,INR,pending,
GM001953,ORDGM001953,1651.83,INR,pending,
GM001954,ORDGM001954,3317.00,INR,pending,
GM001955,ORDGM001955,4860.58,INR,pending,
GM001956,ORDGM001956,332.89,INR,pending,
GM001957,ORDGM001957,2514.15,INR,pending,
GM001958,ORDGM001958,1439.09,INR,pending,
GM001959,ORDGM001959,4469.71,INR,pending,
GM001960,ORDGM001960,527.12,INR,pending,
GM001961,ORDGM001961,3699.91,INR,pending,
GM001962,ORDGM001962,2444.91,INR,pending,
GM001963,ORDGM001963,979.68,INR,pending,
GM001964,ORDGM001964,66.76,INR,pending,
GM001966,ORDGM001966,574.04,INR,pending,
GM001967,ORDGM001967,9494.53,INR,pending,
GM001968,ORDGM001968,28.87,INR,pending,
GM001969,ORDGM001969,845.68,INR,pending,
GM001970,ORDGM001970,501.35,INR,pending,
GM001971,ORDGM001971,1373.42,INR,pending,
GM001972,ORDGM001972,7937.88,INR,pending,
GM001973,ORDGM001973,2737.10,INR,pending,
GM001974,ORDGM001974,306.09,INR,pending,
GM001975,ORDGM001975,106.61,INR,pending,
GM001976,ORDGM001976,1346.76,INR,pending,
GM001977,ORDGM001977,1113.95,INR,pending,
GM001978,ORDGM001978,1119.37,INR,pending,
GM001979,ORDGM001979,3490.80,INR,pending,
GM001980,ORDGM001980,514.08,INR,pending,
GM001981,ORDGM001981,6296.24,INR,pending,
GM001982,ORDGM001982,1001.08,INR,pending,
GM001983,ORDGM001983,3884.40,INR,pending,
GM001984,ORDGM001984,2177.93,INR,pending,
GM001985,ORDGM001985,438.57,INR,pending,
GM001986,ORDGM001986,3848.12,INR,pending,
GM001987,ORDGM001987,5356.38,INR,pending,
GM001988,ORDGM001988,279.82,INR,pending,
GM001989,ORDGM001989,887.96,INR,pending,
GM001990,ORDGM001990,1070.24,INR,pending,
GM001992,ORDGM001992,4763.29,INR,pending,
GM001993,ORDGM001993,1521.77,INR,pending,
GM001994,ORDGM001994,1485.02,INR,pending,
GM001995,ORDGM001995,2345.61,INR,pending,
GM001996,ORDGM001996,2989.12,INR,pending,
GM001997,ORDGM001997,67.85,INR,pending,
GM001998,ORDGM001998,5278.61,INR,pending,
GM001999,ORDGM001999,88.36,INR,pending,
GM002000,ORDGM002000,1592.72,INR,pending,
GM002001,ORDGM002001,177.13,INR,pending,
GM002002,ORDGM002002,5852.11,INR,pending,
GM002003,ORDGM002003,617.56,INR,pending,
GM002004,ORDGM002004,2310.86,INR,pending,
GM002005,ORDGM002005,536.29,INR,pending,
GM002006,ORDGM002006,380.75,INR,pending,
GM002007,ORDGM002007,3852.01,INR,pending,
GM002008,ORDGM002008,1675.83,INR,pending,
GM002009,ORDGM002009,668.24,INR,pending,
GM002010,ORDGM002010,340.21,INR,pending,
GM002011,ORDGM002011,819.18,INR,pending,
GM002012,ORDGM002012,480.79,INR,pending,
GM002013,ORDGM002013,152.40,INR,pending,
GM002014,ORDGM002014,208.61,INR,pending,
GM002015,ORDGM002015,1130.73,INR,pending,
GM002016,ORDGM002016,593.12,INR,pending,
GM002017,ORDGM002017,108.34,INR,pending,
GM002018,ORDGM002018,1789.13,INR,pending,
GM002019,ORDGM002019,3529.74,INR,pending,
GM002020,ORDGM002020,29.72,INR,pending,
GM002021,ORDGM002021,6939.14,INR,pending,
GM002022,ORDGM002022,221.92,INR,pending,
GM002023,ORDGM002023,3567.83,INR,pending,
GM002024,ORDGM002024,3653.97,INR,pending,
GM002026,ORDGM002026,2495.67,INR,pending,
GM002027,ORDGM002027,1996.40,INR,pending,
GM002028,ORDGM002028,1899.09,INR,pending,
GM002029,ORDGM002029,1531.63,INR,pending,
GM002030,ORDGM002030,1337.49,INR,pending,
GM002031,ORDGM002031,1129.62,INR,pending,
GM002032,ORDGM002032,3.96,INR,pending,
GM002033,ORDGM002033,3251.06,INR,pending,
GM002034,ORDGM002034,3145.94,INR,pending,
GM002036,ORDGM002036,2342.81,INR,pending,
GM002037,ORDGM002037,2389.20,INR,pending,
GM002038,ORDGM002038,1819.74,INR,pending,
GM002039,ORDGM002039,2506.36,INR,pending,
GM002040,ORDGM002040,2988.71,INR,pending,
GM002041,ORDGM002041,87.70,INR,pending,
GM002043,ORDGM002043,877.22,INR,pending,
GM002044,ORDGM002044,2915.13,INR,pending,
GM002046,ORDGM002046,460.43,INR,pending,
GM002047,ORDGM002047,488.03,INR,pending,
GM002048,ORDGM002048,2457.07,INR,pending,
GM002049,ORDGM002049,9.00,INR,pending,
GM002050,ORDGM002050,2956.81,INR,pending,
GM002051,ORDGM002051,1974.41,INR,pending,
GM002052,ORDGM002052,1475.79,INR,pending,
GM002053,ORDGM002053,290.88,INR,pending,
GM002054,ORDGM002054,6821.30,INR,pending,
GM002055,ORDGM002055,2629.97,INR,pending,
GM002056,ORDGM002056,14.95,INR,pending,
GM002057,ORDGM002057,849.07,INR,pending,
GM002058,ORDGM002058,71.47,INR,pending,
GM002059,ORDGM002059,345.86,INR,pending,
GM002061,ORDGM002061,633.79,INR,pending,
GM002062,ORDGM002062,866.21,INR,pending,
GM002063,ORDGM002063,328.77,INR,pending,
GM002064,ORDGM002064,6.56,INR,pending,
GM002065,ORDGM002065,598.68,INR,pending,
GM002066,ORDGM002066,405.56,INR,pending,
GM002067,ORDGM002067,6244.10,INR,pending,
GM002068,ORDGM002068,2452.23,INR,pending,
GM002070,ORDGM002070,111.89,INR,pending,
GM002071,ORDGM002071,55.88,INR,pending,
GM002072,ORDGM002072,457.00,INR,pending,
GM002073,ORDGM002073,3082.51,INR,pending,
GM002074,ORDGM002074,614.88,INR,pending,
GM002075,ORDGM002075,4971.31,INR,pending,
GM002076,ORDGM002076,99.95,INR,pending,
GM002077,ORDGM002077,4932.43,INR,pending,
GM002078,ORDGM002078,2097.12,INR,pending,
GM002079,ORDGM002079,1427.90,INR,pending,
GM002080,ORDGM002080,1769.37,INR,pending,
GM002081,ORDGM002081,3233.45,INR,pending,
GM002082,ORDGM002082,2799.04,INR,pending,
GM002083,ORDGM002083,251.17,INR,pending,
GM002084,ORDGM002084,505.09,INR,pending,
GM002085,ORDGM002085,5423.85,INR,pending,
GM002086,ORDGM002086,536.91,INR,pending,
GM002087,ORDGM002087,767.37,INR,pending,
GM002088,ORDGM002088,384.90,INR,pending,
GM002089,ORDGM002089,9341.21,INR,pending,
GM002090,ORDGM002090,3778.31,INR,pending,
GM002091,ORDGM002091,2094.08,INR,pending,
GM002092,ORDGM002092,2912.75,INR,pending,
GM002093,ORDGM002093,3028.94,INR,pending,
GM002094,ORDGM002094,4260.40,INR,pending,
GM002095,ORDGM002095,841.56,INR,pending,
GM002096,ORDGM002096,924.22,INR,pending,
GM002097,ORDGM002097,122.39,INR,pending,
GM002098,ORDGM002098,2286.88,INR,pending,
GM002099,ORDGM002099,96.83,INR,pending,
GM002100,ORDGM002100,6051.19,INR,pending,
GM002101,ORDGM002101,1464.46,INR,pending,
GM002102,ORDGM002102,4730.31,INR,pending,
GM002103,ORDGM002103,949.03,INR,pending,
GM002104,ORDGM002104,33.58,INR,pending,
GM002105,ORDGM002105,4034.22,INR,pending,
GM002106,ORDGM002106,1925.06,INR,pending,
GM002107,ORDGM002107,1616.58,INR,pending,
GM002109,ORDGM002109,1845.50,INR,pending,
GM002110,ORDGM002110,1707.27,INR,pending,
GM002111,ORDGM002111,1387.41,INR,pending,
GM002112,ORDGM002112,1124.49,INR,pending,
GM002113,ORDGM002113,2554.31,INR,pending,
GM002114,ORDGM002114,492.98,INR,pending,
GM002115,ORDGM002115,2993.01,INR,pending,
GM002116,ORDGM002116,1373.18,INR,pending,
GM002117,ORDGM002117,477.18,INR,pending,
GM002118,ORDGM002118,2305.37,INR,pending,
GM002119,ORDGM002119,1305.00,INR,pending,
GM002120,ORDGM002120,5593.64,INR,pending,
GM002121,ORDGM002121,6399.56,INR,pending,
GM002122,ORDGM002122,370.59,INR,pending,
GM002123,ORDGM002123,1869.47,INR,pending,
GM002124,ORDGM002124,544.70,INR,pending,
GM002125,ORDGM002125,1606.13,INR,pending,
GM002126,ORDGM002126,1138.58,INR,pending,
GM002127,ORDGM002127,1710.52,INR,pending,
GM002129,ORDGM002129,1634.60,INR,pending,
GM002130,ORDGM002130,113.59,INR,pending,
GM002133,ORDGM002133,777.17,INR,pending,
GM002134,ORDGM002134,266.37,INR,pending,
GM002135,ORDGM002135,875.70,INR,pending,
GM002136,ORDGM002136,2067.01,INR,pending,
GM002137,ORDGM002137,6299.96,INR,pending,
GM002138,ORDGM002138,3415.57,INR,pending,
GM002139,ORDGM002139,4952.62,INR,pending,
GM002140,ORDGM002140,1591.66,INR,pending,
GM002141,ORDGM002141,6616.47,INR,pending,
GM002142,ORDGM002142,221.64,INR,pending,
GM002143,ORDGM002143,2371.35,INR,pending,
GM002144,ORDGM002144,190.01,INR,pending,
GM002145,ORDGM002145,4182.50,INR,pending,
GM002146,ORDGM002146,1990.66,INR,pending,
GM002147,ORDGM002147,2640.45,INR,pending,
GM002148,ORDGM002148,1685.52,INR,pending,
GM002149,ORDGM002149,140.85,INR,pending,
GM002150,ORDGM002150,459.88,INR,pending,
GM002151,ORDGM002151,377.18,INR,pending,
GM002152,ORDGM002152,2757.98,INR,pending,
GM002153,ORDGM002153,1029.46,INR,pending,
GM002154,ORDGM002154,3157.79,INR,pending,
GM002155,ORDGM002155,2107.51,INR,pending,
GM002156,ORDGM002156,1210.69,INR,pending,
GM002157,ORDGM002157,1.76,INR,pending,
GM002158,ORDGM002158,525.79,INR,pending,
GM002159,ORDGM002159,211.28,INR,pending,
GM002160,ORDGM002160,3844.01,INR,pending,
GM002161,ORDGM002161,254.66,INR,pending,
GM002163,ORDGM002163,3412.19,INR,pending,
GM002164,ORDGM002164,609.91,INR,pending,
GM002165,ORDGM002165,2203.73,INR,pending,
GM002166,ORDGM002166,2654.47,INR,pending,
GM002167,ORDGM002167,2290.61,INR,pending,
GM002168,ORDGM002168,197.55,INR,pending,
GM002169,ORDGM002169,4202.26,INR,pending,
GM002170,ORDGM002170,114.09,INR,pending,
GM002171,ORDGM002171,3055.34,INR,pending,
GM002172,ORDGM002172,1979.37,INR,pending,
GM002173,ORDGM002173,855.16,INR,pending,
GM002174,ORDGM002174,7904.69,INR,pending,
GM002175,ORDGM002175,2291.48,INR,pending,
GM002176,ORDGM002176,1470.21,INR,pending,
GM002177,ORDGM002177,1088.92,INR,pending,
GM002179,ORDGM002179,1395.58,INR,pending,
GM002180,ORDGM002180,965.63,INR,pending,
GM002181,ORDGM002181,1740.24,INR,pending,
GM002182,ORDGM002182,695.88,INR,pending,
GM002183,ORDGM002183,1234.68,INR,pending,
GM002184,ORDGM002184,1473.63,INR,pending,
GM002185,ORDGM002185,2892.51,INR,pending,
GM002187,ORDGM002187,1100.13,INR,pending,
GM002188,ORDGM002188,1453.25,INR,pending,
GM002189,ORDGM002189,2729.22,INR,pending,
GM002190,ORDGM002190,1652.39,INR,pending,
GM002191,ORDGM002191,45.62,INR,pending,
GM002192,ORDGM002192,3313.94,INR,pending,
GM002193,ORDGM002193,629.66,INR,pending,
GM002194,ORDGM002194,1905.60,INR,pending,
GM002195,ORDGM002195,2350.34,INR,pending,
GM002196,ORDGM002196,330.42,INR,pending,
GM002197,ORDGM002197,3756.62,INR,pending,
GM002199,ORDGM002199,3807.34,INR,pending,
GM002200,ORDGM002200,1712.33,INR,pending,
GM002201,ORDGM002201,4526.73,INR,pending,
GM002202,ORDGM002202,1272.16,INR,pending,
GM002203,ORDGM002203,4238.21,INR,pending,
GM002205,ORDGM002205,2270.33,INR,pending,
GM002206,ORDGM002206,5708.51,INR,pending,
GM002207,ORDGM002207,454.38,INR,pending,
GM002209,ORDGM002209,80.16,INR,pending,
GM002210,ORDGM002210,740.57,INR,pending,
GM002211,ORDGM002211,689.49,INR,pending,
GM002212,ORDGM002212,968.90,INR,pending,
GM002213,ORDGM002213,1378.88,INR,pending,
GM002214,ORDGM002214,1280.46,INR,pending,
GM002215,ORDGM002215,413.33,INR,pending,
GM002216,ORDGM002216,191.52,INR,pending,
GM002217,ORDGM002217,1262.60,INR,pending,
GM002218,ORDGM002218,1180.28,INR,pending,
GM002219,ORDGM002219,5342.05,INR,pending,
GM002220,ORDGM002220,2131.69,INR,pending,
GM002221,ORDGM002221,54.76,INR,pending,
GM002222,ORDGM002222,5449.09,INR,pending,
GM002223,ORDGM002223,1378.62,INR,pending,
GM002224,ORDGM002224,197.83,INR,pending,
GM002225,ORDGM002225,728.99,INR,pending,
GM002226,ORDGM002226,2195.28,INR,pending,
GM002227,ORDGM002227,5803.80,INR,pending,
GM002228,ORDGM002228,538.08,INR,pending,
GM002229,ORDGM002229,1132.96,INR,pending,
GM002230,ORDGM002230,8325.64,INR,pending,
GM002232,ORDGM002232,544.30,INR,pending,
GM002233,ORDGM002233,2797.92,INR,pending,
GM002234,ORDGM002234,9.42,INR,pending,
GM002235,ORDGM002235,1806.69,INR,pending,
GM002236,ORDGM002236,535.04,INR,pending,
GM002237,ORDGM002237,1420.51,INR,pending,
GM002238,ORDGM002238,175.86,INR,pending,
GM002239,ORDGM002239,1659.60,INR,pending,
GM002240,ORDGM002240,744.18,INR,pending,
GM002241,ORDGM002241,61.40,INR,pending,
GM002242,ORDGM002242,483.32,INR,pending,
GM002243,ORDGM002243,79.69,INR,pending,
GM002244,ORDGM002244,473.94,INR,pending,
GM002245,ORDGM002245,432.51,INR,pending,
GM002246,ORDGM002246,201.97,INR,pending,
GM002247,ORDGM002247,598.39,INR,pending,
GM002248,ORDGM002248,1856.06,INR,pending,
GM002249,ORDGM002249,414.42,INR,pending,
GM002250,ORDGM002250,1397.85,INR,pending,
GM002251,ORDGM002251,2666.60,INR,pending,
GM002252,ORDGM002252,767.89,INR,pending,
GM002253,ORDGM002253,892.52,INR,pending,
GM002254,ORDGM002254,291.90,INR,pending,
GM002255,ORDGM002255,978.34,INR,pending,
GM002256,ORDGM002256,291.19,INR,pending,
GM002257,ORDGM002257,601.55,INR,pending,
GM002258,ORDGM002258,466.87,INR,pending,
GM002259,ORDGM002259,55.95,INR,pending,
GM002260,ORDGM002260,1202.21,INR,pending,
GM002261,ORDGM002261,1437.33,INR,pending,
GM002262,ORDGM002262,1973.26,INR,pending,
GM002263,ORDGM002263,1017.35,INR,pending,
GM002264,ORDGM002264,3406.28,INR,pending,
GM002265,ORDGM002265,966.42,INR,pending,
GM002266,ORDGM002266,577.61,INR,pending,
GM002267,ORDGM002267,3708.27,INR,pending,
GM002268,ORDGM002268,1290.80,INR,pending,
GM002269,ORDGM002269,826.45,INR,pending,
GM002270,ORDGM002270,6016.22,INR,pending,
GM002271,ORDGM002271,5493.69,INR,pending,
GM002272,ORDGM002272,2658.65,INR,pending,
GM002274,ORDGM002274,2321.87,INR,pending,
GM002275,ORDGM002275,52.26,INR,pending,
GM002276,ORDGM002276,2403.58,INR,pending,
GM002277,ORDGM002277,1012.41,INR,pending,
GM002278,ORDGM002278,22.20,INR,pending,
GM002279,ORDGM002279,1598.41,INR,pending,
GM002280,ORDGM002280,2944.64,INR,pending,
GM002281,ORDGM002281,3187.21,INR,pending,
GM002282,ORDGM002282,102.77,INR,pending,
GM002283,ORDGM002283,6328.64,INR,pending,
GM002284,ORDGM002284,1289.52,INR,pending,
GM002285,ORDGM002285,1844.44,INR,pending,
GM002286,ORDGM002286,144.40,INR,pending,
GM002287,ORDGM002287,2386.76,INR,pending,
GM002288,ORDGM002288,3901.56,INR,pending,
GM002289,ORDGM002289,84.95,INR,pending,
GM002290,ORDGM002290,6375.69,INR,pending,
GM002292,ORDGM002292,105.37,INR,pending,
GM002293,ORDGM002293,2649.27,INR,pending,
GM002295,ORDGM002295,1210.10,INR,pending,
GM002296,ORDGM002296,1745.77,INR,pending,
GM002297,ORDGM002297,5258.54,INR,pending,
GM002298,ORDGM002298,4063.93,INR,pending,
GM002299,ORDGM002299,6.89,INR,pending,
GM002300,ORDGM002300,806.36,INR,pending,
GM002301,ORDGM002301,844.16,INR,pending,
GM002302,ORDGM002302,2120.23,INR,pending,
GM002303,ORDGM002303,471.72,INR,pending,
GM002304,ORDGM002304,3687.98,INR,pending,
GM002305,ORDGM002305,2254.38,INR,pending,
GM002306,ORDGM002306,94.51,INR,pending,
GM002307,ORDGM002307,422.00,INR,pending,
GM002308,ORDGM002308,1176.40,INR,pending,
GM002310,ORDGM002310,3170.56,INR,pending,
GM002311,ORDGM002311,241.75,INR,pending,
GM002312,ORDGM002312,1125.38,INR,pending,
GM002313,ORDGM002313,422.21,INR,pending,
GM002314,ORDGM002314,606.05,INR,pending,
GM002315,ORDGM002315,1392.49,INR,pending,
GM002316,ORDGM002316,550.74,INR,pending,
GM002317,ORDGM002317,5066.79,INR,pending,
GM002318,ORDGM002318,1234.32,INR,pending,
GM002319,ORDGM002319,1713.54,INR,pending,
GM002320,ORDGM002320,555.39,INR,pending,
GM002321,ORDGM002321,6546.53,INR,pending,
GM002322,ORDGM002322,6431.17,INR,pending,
GM002323,ORDGM002323,1899.09,INR,pending,
GM002324,ORDGM002324,4217.50,INR,pending,
GM002325,ORDGM002325,1892.04,INR,pending,
GM002326,ORDGM002326,93.82,INR,pending,
GM002327,ORDGM002327,2945.17,INR,pending,
GM002328,ORDGM002328,10760.95,INR,pending,
GM002329,ORDGM002329,3467.01,INR,pending,
GM002330,ORDGM002330,138.37,INR,pending,
GM002331,ORDGM002331,4214.51,INR,pending,
GM002332,ORDGM002332,3549.91,INR,pending,
GM002333,ORDGM002333,1552.87,INR,pending,
GM002334,ORDGM002334,2748.47,INR,pending,
GM002335,ORDGM002335,1341.15,INR,pending,
GM002336,ORDGM002336,123.10,INR,pending,
GM002337,ORDGM002337,1243.83,INR,pending,
GM002338,ORDGM002338,68.40,INR,pending,
GM002339,ORDGM002339,821.69,INR,pending,
GM002340,ORDGM002340,721.15,INR,pending,
GM002341,ORDGM002341,920.40,INR,pending,
GM002342,ORDGM002342,785.15,INR,pending,
GM002345,ORDGM002345,779.92,INR,pending,
GM002346,ORDGM002346,1376.49,INR,pending,
GM002347,ORDGM002347,25.08,INR,pending,
GM002348,ORDGM002348,183.94,INR,pending,
GM002350,ORDGM002350,5101.09,INR,pending,
GM002352,ORDGM002352,33.64,INR,pending,
GM002353,ORDGM002353,1186.46,INR,pending,
GM002354,ORDGM002354,1990.27,INR,pending,
GM002355,ORDGM002355,3583.40,INR,pending,
GM002357,ORDGM002357,9.16,INR,pending,
GM002358,ORDGM002358,2450.34,INR,pending,
GM002359,ORDGM002359,5171.94,INR,pending,
GM002360,ORDGM002360,782.93,INR,pending,
GM002361,ORDGM002361,435.43,INR,pending,
GM002362,ORDGM002362,2921.92,INR,pending,
GM002363,ORDGM002363,2338.29,INR,pending,
GM002364,ORDGM002364,1773.28,INR,pending,
GM002366,ORDGM002366,1755.40,INR,pending,
GM002367,ORDGM002367,2182.88,INR,pending,
GM002368,ORDGM002368,481.94,INR,pending,
GM002369,ORDGM002369,914.72,INR,pending,
GM002370,ORDGM002370,7121.56,INR,pending,
GM002371,ORDGM002371,922.86,INR,pending,
GM002372,ORDGM002372,854.10,INR,pending,
GM002373,ORDGM002373,1483.14,INR,pending,
GM002374,ORDGM002374,9227.83,INR,pending,
GM002375,ORDGM002375,2473.24,INR,pending,
GM002376,ORDGM002376,438.13,INR,pending,
GM002377,ORDGM002377,589.12,INR,pending,
GM002378,ORDGM002378,4723.28,INR,pending,
GM002379,ORDGM002379,200.52,INR,pending,
GM002380,ORDGM002380,781.73,INR,pending,
GM002381,ORDGM002381,62.14,INR,pending,
GM002382,ORDGM002382,491.60,INR,pending,
GM002383,ORDGM002383,111.25,INR,pending,
GM002384,ORDGM002384,525.09,INR,pending,
GM002385,ORDGM002385,4487.60,INR,pending,
GM002386,ORDGM002386,2550.96,INR,pending,
GM002387,ORDGM002387,23.20,INR,pending,
GM002388,ORDGM002388,3609.13,INR,pending,
GM002389,ORDGM002389,551.02,INR,pending,
GM002390,ORDGM002390,3545.41,INR,pending,
GM002391,ORDGM002391,2672.49,INR,pending,
GM002392,ORDGM002392,847.17,INR,pending,
GM002393,ORDGM002393,2098.09,INR,pending,
GM002394,ORDGM002394,1412.77,INR,pending,
GM002395,ORDGM002395,96.57,INR,pending,
GM002396,ORDGM002396,911.91,INR,pending,
GM002397,ORDGM002397,2461.78,INR,pending,
GM002398,ORDGM002398,693.46,INR,pending,
GM002399,ORDGM002399,2476.98,INR,pending,
GM002400,ORDGM002400,452.12,INR,pending,
GM002401,ORDGM002401,3506.94,INR,pending,
GM002402,ORDGM002402,179.70,INR,pending,
GM002404,ORDGM002404,846.64,INR,pending,
GM002405,ORDGM002405,4031.24,INR,pending,
GM002406,ORDGM002406,1976.54,INR,pending,
GM002407,ORDGM002407,729.13,INR,pending,
GM002408,ORDGM002408,3877.40,INR,pending,
GM002409,ORDGM002409,2490.67,INR,pending,
GM002410,ORDGM002410,123.80,INR,pending,
GM002411,ORDGM002411,3189.01,INR,pending,
GM002412,ORDGM002412,1282.77,INR,pending,
GM002413,ORDGM002413,4926.40,INR,pending,
GM002415,ORDGM002415,4295.86,INR,pending,
GM002416,ORDGM002416,222.60,INR,pending,
GM002417,ORDGM002417,2842.70,INR,pending,
GM002418,ORDGM002418,94.59,INR,pending,
GM002419,ORDGM002419,83.71,INR,pending,
GM002420,ORDGM002420,2803.16,INR,pending,
GM002421,ORDGM002421,1181.39,INR,pending,
GM002422,ORDGM002422,1881.16,INR,pending,
GM002423,ORDGM002423,2094.06,INR,pending,
GM002424,ORDGM002424,4707.68,INR,pending,
GM002425,ORDGM002425,1250.47,INR,pending,
GM002426,ORDGM002426,1304.66,INR,pending,
GM002427,ORDGM002427,285.12,INR,pending,
GM002428,ORDGM002428,1635.70,INR,pending,
GM002429,ORDGM002429,4030.76,INR,pending,
GM002430,ORDGM002430,331.77,INR,pending,
GM002431,ORDGM002431,6394.16,INR,pending,
GM002432,ORDGM002432,208.70,INR,pending,
GM002433,ORDGM002433,1495.78,INR,pending,
GM002434,ORDGM002434,1431.83,INR,pending,
GM002435,ORDGM002435,2650.71,INR,pending,
GM002436,ORDGM002436,476.90,INR,pending,
GM002437,ORDGM002437,1422.92,INR,pending,
GM002438,ORDGM002438,2687.21,INR,pending,
GM002439,ORDGM002439,4249.38,INR,pending,
GM002440,ORDGM002440,3760.97,INR,pending,
GM002441,ORDGM002441,6579.39,INR,pending,
GM002442,ORDGM002442,20.34,INR,pending,
GM002443,ORDGM002443,316.23,INR,pending,
GM002444,ORDGM002444,460.91,INR,pending,
GM002445,ORDGM002445,52.11,INR,pending,
GM002446,ORDGM002446,2097.72,INR,pending,
GM002447,ORDGM002447,2254.66,INR,pending,
GM002448,ORDGM002448,65.22,INR,pending,
GM002449,ORDGM002449,970.51,INR,pending,
GM002450,ORDGM002450,348.80,INR,pending,
GM002451,ORDGM002451,2382.72,INR,pending,
GM002452,ORDGM002452,1326.20,INR,pending,
GM002453,ORDGM002453,545.26,INR,pending,
GM002454,ORDGM002454,211.34,INR,pending,
GM002455,ORDGM002455,1411.54,INR,pending,
GM002456,ORDGM002456,118.90,INR,pending,
GM002457,ORDGM002457,4435.62,INR,pending,
GM002458,ORDGM002458,722.36,INR,pending,
GM002459,ORDGM002459,2334.33,INR,pending,
GM002460,ORDGM002460,815.18,INR,pending,
GM002461,ORDGM002461,2621.92,INR,pending,
GM002462,ORDGM002462,494.70,INR,pending,
GM002463,ORDGM002463,1005.92,INR,pending,
GM002464,ORDGM002464,367.35,INR,pending,
GM002465,ORDGM002465,277.25,INR,pending,
GM002466,ORDGM002466,1788.95,INR,pending,
GM002467,ORDGM002467,3119.91,INR,pending,
GM002468,ORDGM002468,331.53,INR,pending,
GM002469,ORDGM002469,108.92,INR,pending,
GM002470,ORDGM002470,10916.91,INR,pending,
GM002471,ORDGM002471,106.03,INR,pending,
GM002472,ORDGM002472,466.17,INR,pending,
GM002474,ORDGM002474,1201.08,INR,pending,
GM002475,ORDGM002475,1394.34,INR,pending,
GM002476,ORDGM002476,468.58,INR,pending,
GM002477,ORDGM002477,305.00,INR,pending,
GM002478,ORDGM002478,7363.14,INR,pending,
GM002480,ORDGM002480,328.05,INR,pending,
GM002481,ORDGM002481,689.56,INR,pending,
GM002482,ORDGM002482,1388.74,INR,pending,
GM002483,ORDGM002483,870.44,INR,pending,
GM002484,ORDGM002484,307.05,INR,pending,
GM002485,ORDGM002485,1701.70,INR,pending,
GM002486,ORDGM002486,10631.06,INR,pending,
GM002487,ORDGM002487,1712.98,INR,pending,
GM002488,ORDGM002488,310.01,INR,pending,
GM002489,ORDGM002489,1384.12,INR,pending,
GM002491,ORDGM002491,3299.55,INR,pending,
GM002492,ORDGM002492,3640.43,INR,pending,
GM002493,ORDGM002493,5450.35,INR,pending,
GM002494,ORDGM002494,1050.51,INR,pending,
GM002495,ORDGM002495,4180.04,INR,pending,
GM002496,ORDGM002496,2760.18,INR,pending,
GM002497,ORDGM002497,236.79,INR,pending,
GM002498,ORDGM002498,157.89,INR,pending,
GM002500,ORDGM002500,2581.60,INR,pending,
GM002501,ORDGM002501,332.87,INR,pending,
GM002502,ORDGM002502,175.89,INR,pending,
GM002503,ORDGM002503,1849.73,INR,pending,
GM002504,ORDGM002504,768.44,INR,pending,
GM002506,ORDGM002506,739.01,INR,pending,
GM002507,ORDGM002507,2412.43,INR,pending,
GM002508,ORDGM002508,1153.32,INR,pending,
GM002509,ORDGM002509,389.04,INR,pending,
GM002510,ORDGM002510,1439.63,INR,pending,
GM002511,ORDGM002511,191.11,INR,pending,
GM002512,ORDGM002512,3289.61,INR,pending,
GM002513,ORDGM002513,30.23,INR,pending,
GM002514,ORDGM002514,783.47,INR,pending,
GM002515,ORDGM002515,410.52,INR,pending,
GM002516,ORDGM002516,6.70,INR,pending,
GM002517,ORDGM002517,297.57,INR,pending,
GM002518,ORDGM002518,6018.06,INR,pending,
GM002519,ORDGM002519,194.87,INR,pending,
GM002520,ORDGM002520,236.83,INR,pending,
GM002521,ORDGM002521,2234.97,INR,pending,
GM002522,ORDGM002522,4986.71,INR,pending,
GM002525,ORDGM002525,2730.87,INR,pending,
GM002526,ORDGM002526,1711.85,INR,pending,
GM002527,ORDGM002527,2728.58,INR,pending,
GM002528,ORDGM002528,1115.91,INR,pending,
GM002529,ORDGM002529,3229.63,INR,pending,
GM002530,ORDGM002530,21.84,INR,pending,
GM002531,ORDGM002531,2175.75,INR,pending,
GM002532,ORDGM002532,2725.95,INR,pending,
GM002533,ORDGM002533,1690.95,INR,pending,
GM002534,ORDGM002534,2097.35,INR,pending,
GM002535,ORDGM002535,87.83,INR,pending,
GM002536,ORDGM002536,519.14,INR,pending,
GM002537,ORDGM002537,343.36,INR,pending,
GM002538,ORDGM002538,1946.54,INR,pending,
GM002539,ORDGM002539,543.09,INR,pending,
GM002540,ORDGM002540,634.06,INR,pending,
GM002541,ORDGM002541,3178.24,INR,pending,
GM002542,ORDGM002542,537.69,INR,pending,
GM002543,ORDGM002543,1872.62,INR,pending,
GM002544,ORDGM002544,894.13,INR,pending,
GM002545,ORDGM002545,742.69,INR,pending,
GM002546,ORDGM002546,583.41,INR,pending,
GM002547,ORDGM002547,9.94,INR,pending,
GM002548,ORDGM002548,1341.03,INR,pending,
GM002549,ORDGM002549,2462.06,INR,pending,
GM002550,ORDGM002550,174.69,INR,pending,
GM002551,ORDGM002551,1001.26,INR,pending,
GM002552,ORDGM002552,813.36,INR,pending,
GM002553,ORDGM002553,2346.46,INR,pending,
GM002554,ORDGM002554,1498.53,INR,pending,
GM002555,ORDGM002555,1064.01,INR,pending,
GM002556,ORDGM002556,571.76,INR,pending,
GM002557,ORDGM002557,598.27,INR,pending,
GM002558,ORDGM002558,4027.39,INR,pending,
GM002559,ORDGM002559,2306.08,INR,pending,
GM002560,ORDGM002560,2725.43,INR,pending,
GM002561,ORDGM002561,1292.46,INR,pending,
GM002562,ORDGM002562,2596.87,INR,pending,
GM002563,ORDGM002563,240.91,INR,pending,
GM002564,ORDGM002564,1534.12,INR,pending,
GM002565,ORDGM002565,440.18,INR,pending,
GM002566,ORDGM002566,944.40,INR,pending,
GM002567,ORDGM002567,3753.72,INR,pending,
GM002568,ORDGM002568,852.23,INR,pending,
GM002569,ORDGM002569,728.60,INR,pending,
GM002571,ORDGM002571,27.35,INR,pending,
GM002572,ORDGM002572,1768.14,INR,pending,
GM002573,ORDGM002573,875.07,INR,pending,
GM002574,ORDGM002574,263.68,INR,pending,
GM002575,ORDGM002575,2838.23,INR,pending,
GM002576,ORDGM002576,6340.23,INR,pending,
GM002577,ORDGM002577,900.52,INR,pending,
GM002578,ORDGM002578,4945.99,INR,pending,
GM002579,ORDGM002579,6918.82,INR,pending,
GM002580,ORDGM002580,2169.15,INR,pending,
GM002581,ORDGM002581,1448.80,INR,pending,
GM002583,ORDGM002583,607.31,INR,pending,
GM002584,ORDGM002584,1304.51,INR,pending,
GM002585,ORDGM002585,4628.90,INR,pending,
GM002586,ORDGM002586,2825.10,INR,pending,
GM002587,ORDGM002587,1912.71,INR,pending,
GM002588,ORDGM002588,1024.37,INR,pending,
GM002589,ORDGM002589,1366.34,INR,pending,
GM002590,ORDGM002590,911.11,INR,pending,
GM002591,ORDGM002591,235.01,INR,pending,
GM002592,ORDGM002592,837.33,INR,pending,
GM002593,ORDGM002593,8928.89,INR,pending,
GM002594,ORDGM002594,4307.82,INR,pending,
GM002595,ORDGM002595,1039.76,INR,pending,
GM002596,ORDGM002596,5823.07,INR,pending,
GM002597,ORDGM002597,1187.40,INR,pending,
GM002598,ORDGM002598,1026.72,INR,pending,
GM002599,ORDGM002599,147.34,INR,pending,
GM002600,ORDGM002600,2606.84,INR,pending,
GM002601,ORDGM002601,637.44,INR,pending,
GM002602,ORDGM002602,418.65,INR,pending,
GM002603,ORDGM002603,4148.09,INR,pending,
GM002604,ORDGM002604,3067.35,INR,pending,
GM002605,ORDGM002605,98.48,INR,pending,
GM002606,ORDGM002606,7666.29,INR,pending,
GM002607,ORDGM002607,3733.31,INR,pending,
GM002608,ORDGM002608,1770.61,INR,pending,
GM002610,ORDGM002610,3919.34,INR,pending,
GM002611,ORDGM002611,741.27,INR,pending,
GM002612,ORDGM002612,4416.39,INR,pending,
GM002613,ORDGM002613,2538.19,INR,pending,
GM002614,ORDGM002614,674.48,INR,pending,
GM002615,ORDGM002615,3954.16,INR,pending,
GM002616,ORDGM002616,1236.38,INR,pending,
GM002617,ORDGM002617,424.03,INR,pending,
GM002618,ORDGM002618,1477.18,INR,pending,
GM002619,ORDGM002619,1164.75,INR,pending,
GM002620,ORDGM002620,5529.92,INR,pending,
GM002621,ORDGM002621,448.56,INR,pending,
GM002622,ORDGM002622,45.73,INR,pending,
GM002624,ORDGM002624,4057.81,INR,pending,
GM002625,ORDGM002625,2873.45,INR,pending,
GM002626,ORDGM002626,1322.48,INR,pending,
GM002627,ORDGM002627,241.96,INR,pending,
GM002628,ORDGM002628,2976.44,INR,pending,
GM002629,ORDGM002629,599.94,INR,pending,
GM002630,ORDGM002630,714.25,INR,pending,
GM002631,ORDGM002631,3871.26,INR,pending,
GM002632,ORDGM002632,2821.06,INR,pending,
GM002633,ORDGM002633,737.37,INR,pending,
GM002634,ORDGM002634,203.81,INR,pending,
GM002635,ORDGM002635,1922.61,INR,pending,
GM002636,ORDGM002636,637.17,INR,pending,
GM002637,ORDGM002637,1041.31,INR,pending,
GM002638,ORDGM002638,709.39,INR,pending,
GM002639,ORDGM002639,734.69,INR,pending,
GM002640,ORDGM002640,3277.83,INR,pending,
GM002641,ORDGM002641,1220.90,INR,pending,
GM002642,ORDGM002642,57.95,INR,pending,
GM002643,ORDGM002643,105.91,INR,pending,
GM002644,ORDGM002644,2575.94,INR,pending,
GM002645,ORDGM002645,1571.80,INR,pending,
GM002646,ORDGM002646,1628.21,INR,pending,
GM002647,ORDGM002647,2269.32,INR,pending,
GM002648,ORDGM002648,1664.00,INR,pending,
GM002649,ORDGM002649,1883.51,INR,pending,
GM002651,ORDGM002651,563.46,INR,pending,
GM002652,ORDGM002652,4273.98,INR,pending,
GM002653,ORDGM002653,5532.50,INR,pending,
GM002654,ORDGM002654,162.70,INR,pending,
GM002655,ORDGM002655,1450.79,INR,pending,
GM002656,ORDGM002656,179.53,INR,pending,
GM002657,ORDGM002657,201.55,INR,pending,
GM002658,ORDGM002658,1671.11,INR,pending,
GM002659,ORDGM002659,701.56,INR,pending,
GM002660,ORDGM002660,1617.66,INR,pending,
GM002661,ORDGM002661,3814.57,INR,pending,
GM002663,ORDGM002663,1205.34,INR,pending,
GM002664,ORDGM002664,169.93,INR,pending,
GM002665,ORDGM002665,3690.81,INR,pending,
GM002666,ORDGM002666,2885.57,INR,pending,
GM002667,ORDGM002667,12649.23,INR,pending,
GM002668,ORDGM002668,2771.92,INR,pending,
GM002669,ORDGM002669,923.84,INR,pending,
GM002670,ORDGM002670,3825.67,INR,pending,
GM002671,ORDGM002671,1537.29,INR,pending,
GM002673,ORDGM002673,88.97,INR,pending,
GM002674,ORDGM002674,298.94,INR,pending,
GM002675,ORDGM002675,1831.37,INR,pending,
GM002676,ORDGM002676,4705.72,INR,pending,
GM002677,ORDGM002677,2520.88,INR,pending,
GM002678,ORDGM002678,662.06,INR,pending,
GM002679,ORDGM002679,2695.68,INR,pending,
GM002680,ORDGM002680,182.72,INR,pending,
GM002681,ORDGM002681,542.56,INR,pending,
GM002682,ORDGM002682,4980.68,INR,pending,
GM002683,ORDGM002683,118.12,INR,pending,
GM002684,ORDGM002684,244.76,INR,pending,
GM002685,ORDGM002685,884.37,INR,pending,
GM002686,ORDGM002686,978.80,INR,pending,
GM002687,ORDGM002687,262.50,INR,pending,
GM002688,ORDGM002688,4722.80,INR,pending,
GM002689,ORDGM002689,64.57,INR,pending,
GM002690,ORDGM002690,931.18,INR,pending,
GM002691,ORDGM002691,1921.60,INR,pending,
GM002692,ORDGM002692,31.08,INR,pending,
GM002693,ORDGM002693,840.12,INR,pending,
GM002694,ORDGM002694,2330.61,INR,pending,
GM002695,ORDGM002695,1327.98,INR,pending,
GM002696,ORDGM002696,3920.31,INR,pending,
GM002697,ORDGM002697,1999.79,INR,pending,
GM002698,ORDGM002698,1526.28,INR,pending,
GM002699,ORDGM002699,183.23,INR,pending,
GM002700,ORDGM002700,1171.50,INR,pending,
GM002701,ORDGM002701,3724.02,INR,pending,
GM002702,ORDGM002702,2265.09,INR,pending,
GM002703,ORDGM002703,2726.99,INR,pending,
GM002704,ORDGM002704,1.79,INR,pending,
GM002705,ORDGM002705,90.85,INR,pending,
GM002706,ORDGM002706,845.19,INR,pending,
GM002707,ORDGM002707,1106.24,INR,pending,
GM002708,ORDGM002708,457.65,INR,pending,
GM002709,ORDGM002709,177.25,INR,pending,
GM002710,ORDGM002710,4681.36,INR,pending,
GM002711,ORDGM002711,920.32,INR,pending,
GM002712,ORDGM002712,141.39,INR,pending,
GM002713,ORDGM002713,785.34,INR,pending,
GM002714,ORDGM002714,4126.22,INR,pending,
GM002715,ORDGM002715,2544.59,INR,pending,
GM002716,ORDGM002716,309.51,INR,pending,
GM002717,ORDGM002717,1690.94,INR,pending,
GM002718,ORDGM002718,162.59,INR,pending,
GM002720,ORDGM002720,405.91,INR,pending,
GM002721,ORDGM002721,1254.56,INR,pending,
GM002722,ORDGM002722,606.58,INR,pending,
GM002723,ORDGM002723,6168.45,INR,pending,
GM002724,ORDGM002724,149.43,INR,pending,
GM002725,ORDGM002725,1740.28,INR,pending,
GM002726,ORDGM002726,342.81,INR,pending,
GM002727,ORDGM002727,163.85,INR,pending,
GM002728,ORDGM002728,7.85,INR,pending,
GM002729,ORDGM002729,652.63,INR,pending,
GM002730,ORDGM002730,384.76,INR,pending,
GM002731,ORDGM002731,496.22,INR,pending,
GM002732,ORDGM002732,7500.45,INR,pending,
GM002733,ORDGM002733,926.97,INR,pending,
GM002735,ORDGM002735,923.22,INR,pending,
GM002736,ORDGM002736,2445.22,INR,pending,
GM002737,ORDGM002737,2961.16,INR,pending,
GM002738,ORDGM002738,55.38,INR,pending,
GM002739,ORDGM002739,3746.21,INR,pending,
GM002740,ORDGM002740,3155.68,INR,pending,
GM002741,ORDGM002741,943.32,INR,pending,
GM002742,ORDGM002742,2816.00,INR,pending,
GM002743,ORDGM002743,5523.19,INR,pending,
GM002744,ORDGM002744,1304.72,INR,pending,
GM002745,ORDGM002745,3104.74,INR,pending,
GM002747,ORDGM002747,117.86,INR,pending,
GM002749,ORDGM002749,3033.41,INR,pending,
GM002750,ORDGM002750,3914.65,INR,pending,
GM002752,ORDGM002752,700.17,INR,pending,
GM002753,ORDGM002753,3313.24,INR,pending,
GM002754,ORDGM002754,3717.21,INR,pending,
GM002756,ORDGM002756,652.54,INR,pending,
GM002757,ORDGM002757,608.99,INR,pending,
GM002758,ORDGM002758,5736.50,INR,pending,
GM002759,ORDGM002759,1175.15,INR,pending,
GM002760,ORDGM002760,1717.01,INR,pending,
GM002761,ORDGM002761,653.45,INR,pending,
GM002762,ORDGM002762,3468.11,INR,pending,
GM002763,ORDGM002763,3050.07,INR,pending,
GM002764,ORDGM002764,464.40,INR,pending,
GM002765,ORDGM002765,4110.10,INR,pending,
GM002766,ORDGM002766,915.21,INR,pending,
GM002767,ORDGM002767,1539.83,INR,pending,
GM002768,ORDGM002768,522.23,INR,pending,
GM002769,ORDGM002769,2534.32,INR,pending,
GM002770,ORDGM002770,528.69,INR,pending,
GM002771,ORDGM002771,2566.13,INR,pending,
GM002772,ORDGM002772,122.51,INR,pending,
GM002773,ORDGM002773,1567.08,INR,pending,
GM002774,ORDGM002774,2861.98,INR,pending,
GM002775,ORDGM002775,2990.74,INR,pending,
GM002776,ORDGM002776,1260.28,INR,pending,
GM002777,ORDGM002777,1390.35,INR,pending,
GM002778,ORDGM002778,3265.55,INR,pending,
GM002779,ORDGM002779,141.12,INR,pending,
GM002780,ORDGM002780,1519.85,INR,pending,
GM002781,ORDGM002781,4719.07,INR,pending,
GM002782,ORDGM002782,479.36,INR,pending,
GM002783,ORDGM002783,1021.22,INR,pending,
GM002784,ORDGM002784,247.52,INR,pending,
GM002785,ORDGM002785,4024.02,INR,pending,
GM002786,ORDGM002786,3215.47,INR,pending,
GM002787,ORDGM002787,1014.83,INR,pending,
GM002788,ORDGM002788,6914.12,INR,pending,
GM002789,ORDGM002789,1236.73,INR,pending,
GM002790,ORDGM002790,1313.28,INR,pending,
GM002791,ORDGM002791,3386.65,INR,pending,
GM002792,ORDGM002792,1501.62,INR,pending,
GM002793,ORDGM002793,1169.10,INR,pending,
GM002794,ORDGM002794,876.83,INR,pending,
GM002796,ORDGM002796,164.80,INR,pending,
GM002797,ORDGM002797,9882.71,INR,pending,
GM002798,ORDGM002798,667.80,INR,pending,
GM002799,ORDGM002799,7302.89,INR,pending,
GM002800,ORDGM002800,1552.99,INR,pending,
GM002801,ORDGM002801,3433.63,INR,pending,
GM002802,ORDGM002802,1290.79,INR,pending,
GM002803,ORDGM002803,3054.74,INR,pending,
GM002804,ORDGM002804,1780.22,INR,pending,
GM002805,ORDGM002805,1258.06,INR,pending,
GM002806,ORDGM002806,6395.56,INR,pending,
GM002807,ORDGM002807,963.43,INR,pending,
GM002808,ORDGM002808,2292.00,INR,pending,
GM002809,ORDGM002809,2203.71,INR,pending,
GM002810,ORDGM002810,124.49,INR,pending,
GM002811,ORDGM002811,945.88,INR,pending,
GM002812,ORDGM002812,1611.37,INR,pending,
GM002813,ORDGM002813,1078.40,INR,pending,
GM002814,ORDGM002814,4244.94,INR,pending,
GM002816,ORDGM002816,1127.08,INR,pending,
GM002817,ORDGM002817,191.28,INR,pending,
GM002818,ORDGM002818,390.49,INR,pending,
GM002819,ORDGM002819,8245.66,INR,pending,
GM002820,ORDGM002820,424.25,INR,pending,
GM002821,ORDGM002821,1094.15,INR,pending,
GM002822,ORDGM002822,1173.90,INR,pending,
GM002823,ORDGM002823,5050.27,INR,pending,
GM002824,ORDGM002824,182.41,INR,pending,
GM002825,ORDGM002825,539.38,INR,pending,
GM002826,ORDGM002826,796.55,INR,pending,
GM002827,ORDGM002827,2084.15,INR,pending,
GM002828,ORDGM002828,6122.15,INR,pending,
GM002829,ORDGM002829,51.65,INR,pending,
GM002830,ORDGM002830,35.80,INR,pending,
GM002831,ORDGM002831,863.16,INR,pending,
GM002832,ORDGM002832,1871.46,INR,pending,
GM002833,ORDGM002833,2169.22,INR,pending,
GM002834,ORDGM002834,884.78,INR,pending,
GM002835,ORDGM002835,1177.74,INR,pending,
GM002836,ORDGM002836,587.70,INR,pending,
GM002837,ORDGM002837,3049.62,INR,pending,
GM002838,ORDGM002838,967.78,INR,pending,
GM002839,ORDGM002839,86.01,INR,pending,
GM002840,ORDGM002840,74.82,INR,pending,
GM002841,ORDGM002841,3750.11,INR,pending,
GM002842,ORDGM002842,111.41,INR,pending,
GM002844,ORDGM002844,3776.18,INR,pending,
GM002847,ORDGM002847,177.12,INR,pending,
GM002848,ORDGM002848,624.78,INR,pending,
GM002849,ORDGM002849,4776.54,INR,pending,
GM002850,ORDGM002850,4367.94,INR,pending,
GM002851,ORDGM002851,1371.93,INR,pending,
GM002852,ORDGM002852,747.37,INR,pending,
GM002853,ORDGM002853,65.92,INR,pending,
GM002854,ORDGM002854,4046.11,INR,pending,
GM002855,ORDGM002855,5291.65,INR,pending,
GM002856,ORDGM002856,1051.35,INR,pending,
GM002857,ORDGM002857,75.20,INR,pending,
GM002858,ORDGM002858,1635.75,INR,pending,
GM002859,ORDGM002859,343.70,INR,pending,
GM002860,ORDGM002860,5318.78,INR,pending,
GM002861,ORDGM002861,4450.31,INR,pending,
GM002862,ORDGM002862,1632.22,INR,pending,
GM002863,ORDGM002863,3309.88,INR,pending,
GM002864,ORDGM002864,317.14,INR,pending,
GM002866,ORDGM002866,4008.61,INR,pending,
GM002867,ORDGM002867,926.55,INR,pending,
GM002869,ORDGM002869,2122.51,INR,pending,
GM002870,ORDGM002870,990.19,INR,pending,
GM002871,ORDGM002871,432.44,INR,pending,
GM002872,ORDGM002872,2708.58,INR,pending,
GM002873,ORDGM002873,3619.66,INR,pending,
GM002874,ORDGM002874,2153.71,INR,pending,
GM002875,ORDGM002875,4305.80,INR,pending,
GM002876,ORDGM002876,305.94,INR,pending,
GM002877,ORDGM002877,1853.87,INR,pending,
GM002878,ORDGM002878,3807.60,INR,pending,
GM002879,ORDGM002879,1934.72,INR,pending,
GM002880,ORDGM002880,2343.42,INR,pending,
GM002881,ORDGM002881,1429.40,INR,pending,
GM002882,ORDGM002882,557.32,INR,pending,
GM002883,ORDGM002883,1863.58,INR,pending,
GM002884,ORDGM002884,408.02,INR,pending,
GM002885,ORDGM002885,654.86,INR,pending,
GM002886,ORDGM002886,1481.50,INR,pending,
GM002887,ORDGM002887,1607.60,INR,pending,
GM002888,ORDGM002888,1643.04,INR,pending,
GM002890,ORDGM002890,656.33,INR,pending,
GM002891,ORDGM002891,99.10,INR,pending,
GM002892,ORDGM002892,258.28,INR,pending,
GM002893,ORDGM002893,5469.15,INR,pending,
GM002895,ORDGM002895,1945.91,INR,pending,
GM002896,ORDGM002896,1225.30,INR,pending,
GM002897,ORDGM002897,5141.98,INR,pending,
GM002898,ORDGM002898,7999.60,INR,pending,
GM002899,ORDGM002899,2877.95,INR,pending,
GM002900,ORDGM002900,2533.38,INR,pending,
GM002901,ORDGM002901,447.94,INR,pending,
GM002902,ORDGM002902,4949.58,INR,pending,
GM002903,ORDGM002903,1585.64,INR,pending,
GM002904,ORDGM002904,569.81,INR,pending,
GM002905,ORDGM002905,2140.81,INR,pending,
GM002906,ORDGM002906,613.91,INR,pending,
GM002907,ORDGM002907,3723.53,INR,pending,
GM002908,ORDGM002908,447.56,INR,pending,
GM002909,ORDGM002909,1864.15,INR,pending,
GM002911,ORDGM002911,2983.81,INR,pending,
GM002912,ORDGM002912,2756.95,INR,pending,
GM002913,ORDGM002913,6987.92,INR,pending,
GM002914,ORDGM002914,251.10,INR,pending,
GM002915,ORDGM002915,661.86,INR,pending,
GM002916,ORDGM002916,1370.27,INR,pending,
GM002917,ORDGM002917,440.42,INR,pending,
GM002918,ORDGM002918,1972.13,INR,pending,
GM002919,ORDGM002919,3925.99,INR,pending,
GM002920,ORDGM002920,380.57,INR,pending,
GM002921,ORDGM002921,253.90,INR,pending,
GM002922,ORDGM002922,4330.17,INR,pending,
GM002923,ORDGM002923,1730.87,INR,pending,
GM002924,ORDGM002924,3328.35,INR,pending,
GM002925,ORDGM002925,202.75,INR,pending,
GM002926,ORDGM002926,724.45,INR,pending,
GM002927,ORDGM002927,89.77,INR,pending,
GM002928,ORDGM002928,5988.07,INR,pending,
GM002929,ORDGM002929,706.74,INR,pending,
GM002930,ORDGM002930,4368.07,INR,pending,
GM002931,ORDGM002931,3223.49,INR,pending,
GM002932,ORDGM002932,469.38,INR,pending,
GM002933,ORDGM002933,415.66,INR,pending,
GM002934,ORDGM002934,1877.85,INR,pending,
GM002935,ORDGM002935,1641.73,INR,pending,
GM002936,ORDGM002936,1430.19,INR,pending,
GM002937,ORDGM002937,2427.41,INR,pending,
GM002938,ORDGM002938,236.72,INR,pending,
GM002939,ORDGM002939,131.55,INR,pending,
GM002940,ORDGM002940,2493.99,INR,pending,
GM002941,ORDGM002941,4490.16,INR,pending,
GM002942,ORDGM002942,1631.36,INR,pending,
GM002943,ORDGM002943,8337.16,INR,pending,
GM002944,ORDGM002944,4153.15,INR,pending,
GM002945,ORDGM002945,2139.77,INR,pending,
GM002946,ORDGM002946,288.22,INR,pending,
GM002947,ORDGM002947,631.27,INR,pending,
GM002948,ORDGM002948,644.33,INR,pending,
GM002950,ORDGM002950,2910.06,INR,pending,
GM002951,ORDGM002951,7835.83,INR,pending,
GM002952,ORDGM002952,1166.99,INR,pending,
GM002953,ORDGM002953,942.88,INR,pending,
GM002954,ORDGM002954,625.66,INR,pending,
GM002955,ORDGM002955,1964.67,INR,pending,
GM002956,ORDGM002956,873.85,INR,pending,
GM002957,ORDGM002957,994.40,INR,pending,
GM002958,ORDGM002958,6167.73,INR,pending,
GM002959,ORDGM002959,2065.84,INR,pending,
GM002960,ORDGM002960,2564.73,INR,pending,
GM002961,ORDGM002961,151.44,INR,pending,
GM002962,ORDGM002962,2205.64,INR,pending,
GM002963,ORDGM002963,925.15,INR,pending,
GM002964,ORDGM002964,852.17,INR,pending,
GM002965,ORDGM002965,4355.41,INR,pending,
GM002966,ORDGM002966,556.15,INR,pending,
GM002967,ORDGM002967,155.16,INR,pending,
GM002968,ORDGM002968,2078.86,INR,pending,
GM002969,ORDGM002969,2819.07,INR,pending,
GM002970,ORDGM002970,4991.17,INR,pending,
GM002971,ORDGM002971,24.39,INR,pending,
GM002972,ORDGM002972,8342.12,INR,pending,
GM002973,ORDGM002973,183.10,INR,pending,
GM002974,ORDGM002974,768.95,INR,pending,
GM002975,ORDGM002975,3576.41,INR,pending,
GM002976,ORDGM002976,4722.35,INR,pending,
GM002977,ORDGM002977,1688.48,INR,pending,
GM002978,ORDGM002978,351.33,INR,pending,
GM002979,ORDGM002979,723.34,INR,pending,
GM002980,ORDGM002980,1940.25,INR,pending,
GM002981,ORDGM002981,1467.42,INR,pending,
GM002982,ORDGM002982,1447.79,INR,pending,
GM002983,ORDGM002983,336.15,INR,pending,
GM002984,ORDGM002984,1178.07,INR,pending,
GM002985,ORDGM002985,308.55,INR,pending,
GM002986,ORDGM002986,5143.14,INR,pending,
GM002987,ORDGM002987,1199.03,INR,pending,
GM002988,ORDGM002988,5498.23,INR,pending,
GM002989,ORDGM002989,1842.80,INR,pending,
GM002990,ORDGM002990,1663.09,INR,pending,
GM002991,ORDGM002991,581.47,INR,pending,
GM002992,ORDGM002992,1248.73,INR,pending,
GM002994,ORDGM002994,1068.89,INR,pending,
GM002995,ORDGM002995,2855.22,INR,pending,
GM002996,ORDGM002996,3.37,INR,pending,
GM002997,ORDGM002997,1869.33,INR,pending,
GM002998,ORDGM002998,827.50,INR,pending,
GM002999,ORDGM002999,5216.28,INR,pending,
GM003001,ORDGM003001,3774.69,INR,pending,
GM003002,ORDGM003002,403.62,INR,pending,
GM003003,ORDGM003003,3295.10,INR,pending,
GM003004,ORDGM003004,2412.31,INR,pending,
GM003005,ORDGM003005,108.42,INR,pending,
GM003006,ORDGM003006,219.70,INR,pending,
GM003007,ORDGM003007,1074.11,INR,pending,
GM003008,ORDGM003008,356.84,INR,pending,
GM003009,ORDGM003009,312.87,INR,pending,
GM003010,ORDGM003010,4158.40,INR,pending,
GM003011,ORDGM003011,495.12,INR,pending,
GM003012,ORDGM003012,5397.26,INR,pending,
GM003013,ORDGM003013,71.05,INR,pending,
GM003014,ORDGM003014,4885.26,INR,pending,
GM003016,ORDGM003016,4463.67,INR,pending,
GM003017,ORDGM003017,1060.83,INR,pending,
GM003018,ORDGM003018,206.42,INR,pending,
GM003019,ORDGM003019,6761.51,INR,pending,
GM003020,ORDGM003020,1320.37,INR,pending,
GM003021,ORDGM003021,3759.63,INR,pending,
GM003022,ORDGM003022,1941.57,INR,pending,
GM003023,ORDGM003023,2695.79,INR,pending,
GM003024,ORDGM003024,1495.50,INR,pending,
GM003025,ORDGM003025,4034.84,INR,pending,
GM003026,ORDGM003026,567.27,INR,pending,
GM003027,ORDGM003027,935.64,INR,pending,
GM003028,ORDGM003028,1613.55,INR,pending,
GM003029,ORDGM003029,3878.94,INR,pending,
GM003030,ORDGM003030,1365.13,INR,pending,
GM003031,ORDGM003031,2324.56,INR,pending,
GM003032,ORDGM003032,2259.93,INR,pending,
GM003033,ORDGM003033,1469.68,INR,pending,
GM003034,ORDGM003034,404.73,INR,pending,
GM003035,ORDGM003035,10702.38,INR,pending,
GM003036,ORDGM003036,1953.43,INR,pending,
GM003037,ORDGM003037,1046.64,INR,pending,
GM003038,ORDGM003038,1911.63,INR,pending,
GM003039,ORDGM003039,1111.40,INR,pending,
GM003040,ORDGM003040,64.49,INR,pending,
GM003041,ORDGM003041,1596.77,INR,pending,
GM003042,ORDGM003042,4562.62,INR,pending,
GM003043,ORDGM003043,356.65,INR,pending,
GM003044,ORDGM003044,1066.25,INR,pending,
GM003045,ORDGM003045,3.15,INR,pending,
GM003046,ORDGM003046,1400.46,INR,pending,
GM003047,ORDGM003047,4765.15,INR,pending,
GM003048,ORDGM003048,422.13,INR,pending,
GM003050,ORDGM003050,553.51,INR,pending,
GM003051,ORDGM003051,896.43,INR,pending,
GM003052,ORDGM003052,152.43,INR,pending,
GM003053,ORDGM003053,39.25,INR,pending,
GM003054,ORDGM003054,25.64,INR,pending,
GM003055,ORDGM003055,452.80,INR,pending,
GM003056,ORDGM003056,5565.43,INR,pending,
GM003057,ORDGM003057,131.25,INR,pending,
GM003058,ORDGM003058,3869.18,INR,pending,
GM003059,ORDGM003059,1324.67,INR,pending,
GM003060,ORDGM003060,785.59,INR,pending,
GM003061,ORDGM003061,566.70,INR,pending,
GM003062,ORDGM003062,153.51,INR,pending,
GM003063,ORDGM003063,7580.06,INR,pending,
GM003064,ORDGM003064,111.02,INR,pending,
GM003065,ORDGM003065,7771.66,INR,pending,
GM003066,ORDGM003066,3572.37,INR,pending,
GM003067,ORDGM003067,3268.63,INR,pending,
GM003068,ORDGM003068,148.13,INR,pending,
GM003069,ORDGM003069,5436.63,INR,pending,
GM003070,ORDGM003070,1327.50,INR,pending,
GM003071,ORDGM003071,2225.54,INR,pending,
GM003072,ORDGM003072,372.18,INR,pending,
GM003073,ORDGM003073,1988.28,INR,pending,
GM003074,ORDGM003074,1331.86,INR,pending,
GM003075,ORDGM003075,286.50,INR,pending,
GM003076,ORDGM003076,505.75,INR,pending,
GM003077,ORDGM003077,2484.02,INR,pending,
GM003078,ORDGM003078,1029.71,INR,pending,
GM003079,ORDGM003079,2325.91,INR,pending,
GM003080,ORDGM003080,4546.43,INR,pending,
GM003081,ORDGM003081,10414.34,INR,pending,
GM003082,ORDGM003082,15.51,INR,pending,
GM003083,ORDGM003083,129.36,INR,pending,
GM003084,ORDGM003084,3455.15,INR,pending,
GM003085,ORDGM003085,4968.02,INR,pending,
GM003086,ORDGM003086,1410.30,INR,pending,
GM003087,ORDGM003087,4290.96,INR,pending,
GM003088,ORDGM003088,82.19,INR,pending,
GM003089,ORDGM003089,564.08,INR,pending,
GM003090,ORDGM003090,317.52,INR,pending,
GM003091,ORDGM003091,1779.21,INR,pending,
GM003092,ORDGM003092,675.07,INR,pending,
GM003093,ORDGM003093,3381.29,INR,pending,
GM003094,ORDGM003094,4674.87,INR,pending,
GM003095,ORDGM003095,714.85,INR,pending,
GM003097,ORDGM003097,198.13,INR,pending,
GM003098,ORDGM003098,183.28,INR,pending,
GM003099,ORDGM003099,8746.48,INR,pending,
GM003100,ORDGM003100,527.97,INR,pending,
GM003102,ORDGM003102,4189.40,INR,pending,
GM003103,ORDGM003103,546.28,INR,pending,
GM003104,ORDGM003104,611.23,INR,pending,
GM003105,ORDGM003105,233.97,INR,pending,
GM003106,ORDGM003106,4082.16,INR,pending,
GM003107,ORDGM003107,38.68,INR,pending,
GM003108,ORDGM003108,1096.59,INR,pending,
GM003109,ORDGM003109,758.55,INR,pending,
GM003110,ORDGM003110,1819.82,INR,pending,
GM003111,ORDGM003111,1853.29,INR,pending,
GM003112,ORDGM003112,2212.52,INR,pending,
GM003113,ORDGM003113,1526.52,INR,pending,
GM003114,ORDGM003114,1368.55,INR,pending,
GM003115,ORDGM003115,3026.61,INR,pending,
GM003116,ORDGM003116,3394.49,INR,pending,
GM003117,ORDGM003117,1200.30,INR,pending,
GM003118,ORDGM003118,3579.04,INR,pending,
GM003119,ORDGM003119,2573.23,INR,pending,
GM003120,ORDGM003120,4651.15,INR,pending,
GM003121,ORDGM003121,1914.72,INR,pending,
GM003122,ORDGM003122,172.37,INR,pending,
GM003123,ORDGM003123,1358.54,INR,pending,
GM003124,ORDGM003124,5619.49,INR,pending,
GM003125,ORDGM003125,573.44,INR,pending,
GM003126,ORDGM003126,2950.27,INR,pending,
GM003127,ORDGM003127,253.74,INR,pending,
GM003128,ORDGM003128,3372.81,INR,pending,
GM003129,ORDGM003129,3108.00,INR,pending,
GM003130,ORDGM003130,3493.05,INR,pending,
GM003131,ORDGM003131,1653.48,INR,pending,
GM003132,ORDGM003132,161.30,INR,pending,
GM003133,ORDGM003133,4539.58,INR,pending,
GM003134,ORDGM003134,4957.72,INR,pending,
GM003136,ORDGM003136,3829.70,INR,pending,
GM003137,ORDGM003137,173.71,INR,pending,
GM003138,ORDGM003138,1981.75,INR,pending,
GM003139,ORDGM003139,4098.51,INR,pending,
GM003140,ORDGM003140,6684.94,INR,pending,
GM003141,ORDGM003141,37.23,INR,pending,
GM003142,ORDGM003142,25.15,INR,pending,
GM003143,ORDGM003143,898.48,INR,pending,
GM003144,ORDGM003144,30.45,INR,pending,
GM003145,ORDGM003145,1389.93,INR,pending,
GM003146,ORDGM003146,272.73,INR,pending,
GM003147,ORDGM003147,4430.49,INR,pending,
GM003148,ORDGM003148,854.90,INR,pending,
GM003149,ORDGM003149,2979.13,INR,pending,
GM003151,ORDGM003151,636.14,INR,pending,
GM003152,ORDGM003152,832.48,INR,pending,
GM003153,ORDGM003153,1937.61,INR,pending,
GM003154,ORDGM003154,5385.82,INR,pending,
GM003155,ORDGM003155,201.48,INR,pending,
GM003157,ORDGM003157,478.54,INR,pending,
GM003158,ORDGM003158,1659.11,INR,pending,
GM003159,ORDGM003159,1895.02,INR,pending,
GM003160,ORDGM003160,8254.81,INR,pending,
GM003161,ORDGM003161,553.26,INR,pending,
GM003162,ORDGM003162,411.74,INR,pending,
GM003163,ORDGM003163,702.40,INR,pending,
GM003164,ORDGM003164,503.49,INR,pending,
GM003165,ORDGM003165,4129.83,INR,pending,
GM003166,ORDGM003166,243.13,INR,pending,
GM003167,ORDGM003167,322.07,INR,pending,
GM003168,ORDGM003168,1814.69,INR,pending,
GM003169,ORDGM003169,2474.55,INR,pending,
GM003170,ORDGM003170,122.10,INR,pending,
GM003171,ORDGM003171,1725.14,INR,pending,
GM003172,ORDGM003172,11781.48,INR,pending,
GM003173,ORDGM003173,3016.21,INR,pending,
GM003174,ORDGM003174,1173.98,INR,pending,
GM003175,ORDGM003175,1921.96,INR,pending,
GM003177,ORDGM003177,2614.17,INR,pending,
GM003179,ORDGM003179,1293.48,INR,pending,
GM003180,ORDGM003180,369.23,INR,pending,
GM003181,ORDGM003181,4004.79,INR,pending,
GM003182,ORDGM003182,2418.86,INR,pending,
GM003183,ORDGM003183,3173.15,INR,pending,
GM003185,ORDGM003185,253.28,INR,pending,
GM003186,ORDGM003186,4152.61,INR,pending,
GM003188,ORDGM003188,2612.16,INR,pending,
GM003191,ORDGM003191,1096.84,INR,pending,
GM003192,ORDGM003192,1447.05,INR,pending,
GM003193,ORDGM003193,1417.66,INR,pending,
GM003195,ORDGM003195,1911.63,INR,pending,
GM003197,ORDGM003197,1658.46,INR,pending,
GM003198,ORDGM003198,38.90,INR,pending,
GM003199,ORDGM003199,97.13,INR,pending,
GM003200,ORDGM003200,4629.32,INR,pending,
GM003201,ORDGM003201,1825.11,INR,pending,
GM003202,ORDGM003202,556.92,INR,pending,
GM003204,ORDGM003204,138.94,INR,pending,
GM003205,ORDGM003205,219.81,INR,pending,
GM003206,ORDGM003206,449.72,INR,pending,
GM003207,ORDGM003207,970.94,INR,pending,
GM003208,ORDGM003208,3030.11,INR,pending,
GM003209,ORDGM003209,3181.55,INR,pending,
GM003210,ORDGM003210,1165.79,INR,pending,
GM003211,ORDGM003211,1812.87,INR,pending,
GM003212,ORDGM003212,9858.25,INR,pending,
GM003213,ORDGM003213,565.22,INR,pending,
GM003214,ORDGM003214,37.70,INR,pending,
GM003215,ORDGM003215,6501.60,INR,pending,
GM003216,ORDGM003216,1846.14,INR,pending,
GM003217,ORDGM003217,414.93,INR,pending,
GM003218,ORDGM003218,123.15,INR,pending,
GM003219,ORDGM003219,1573.45,INR,pending,
GM003220,ORDGM003220,647.60,INR,pending,
GM003221,ORDGM003221,4877.92,INR,pending,
GM003222,ORDGM003222,1283.52,INR,pending,
GM003223,ORDGM003223,1255.90,INR,pending,
GM003224,ORDGM003224,2569.52,INR,pending,
GM003225,ORDGM003225,5474.11,INR,pending,
GM003226,ORDGM003226,4537.03,INR,pending,
GM003227,ORDGM003227,3144.78,INR,pending,
GM003228,ORDGM003228,2689.85,INR,pending,
GM003230,ORDGM003230,516.40,INR,pending,
GM003231,ORDGM003231,1622.01,INR,pending,
GM003232,ORDGM003232,2913.98,INR,pending,
GM003233,ORDGM003233,1058.74,INR,pending,
GM003234,ORDGM003234,4264.87,INR,pending,
GM003235,ORDGM003235,2685.16,INR,pending,
GM003236,ORDGM003236,53.99,INR,pending,
GM003238,ORDGM003238,30.03,INR,pending,
GM003239,ORDGM003239,542.51,INR,pending,
GM003240,ORDGM003240,1406.60,INR,pending,
GM003241,ORDGM003241,2715.49,INR,pending,
GM003242,ORDGM003242,1912.38,INR,pending,
GM003243,ORDGM003243,3615.69,INR,pending,
GM003244,ORDGM003244,2366.63,INR,pending,
GM003245,ORDGM003245,161.69,INR,pending,
GM003246,ORDGM003246,5206.85,INR,pending,
GM003247,ORDGM003247,2678.76,INR,pending,
GM003248,ORDGM003248,968.41,INR,pending,
GM003249,ORDGM003249,2157.03,INR,pending,
GM003250,ORDGM003250,322.41,INR,pending,
GM003251,ORDGM003251,1016.68,INR,pending,
GM003252,ORDGM003252,2558.15,INR,pending,
GM003253,ORDGM003253,561.24,INR,pending,
GM003254,ORDGM003254,275.53,INR,pending,
GM003255,ORDGM003255,5719.30,INR,pending,
GM003256,ORDGM003256,852.80,INR,pending,
GM003257,ORDGM003257,6462.47,INR,pending,
GM003258,ORDGM003258,439.91,INR,pending,
GM003260,ORDGM003260,4139.07,INR,pending,
GM003261,ORDGM003261,1046.35,INR,pending,
GM003262,ORDGM003262,347.09,INR,pending,
GM003264,ORDGM003264,557.13,INR,pending,
GM003265,ORDGM003265,3221.30,INR,pending,
GM003266,ORDGM003266,1949.24,INR,pending,
GM003267,ORDGM003267,1873.39,INR,pending,
GM003268,ORDGM003268,2279.30,INR,pending,
GM003269,ORDGM003269,118.09,INR,pending,
GM003270,ORDGM003270,1885.49,INR,pending,
GM003271,ORDGM003271,855.96,INR,pending,
GM003272,ORDGM003272,166.16,INR,pending,
GM003273,ORDGM003273,152.68,INR,pending,
GM003274,ORDGM003274,949.04,INR,pending,
GM003275,ORDGM003275,124.66,INR,pending,
GM003276,ORDGM003276,373.25,INR,pending,
GM003277,ORDGM003277,6053.63,INR,pending,
GM003278,ORDGM003278,941.63,INR,pending,
GM003279,ORDGM003279,429.58,INR,pending,
GM003280,ORDGM003280,359.79,INR,pending,
GM003281,ORDGM003281,1625.47,INR,pending,
GM003283,ORDGM003283,2376.81,INR,pending,
GM003284,ORDGM003284,90.54,INR,pending,
GM003285,ORDGM003285,225.36,INR,pending,
GM003286,ORDGM003286,532.92,INR,pending,
GM003287,ORDGM003287,468.10,INR,pending,
GM003288,ORDGM003288,873.38,INR,pending,
GM003289,ORDGM003289,102.41,INR,pending,
GM003290,ORDGM003290,634.08,INR,pending,
GM003291,ORDGM003291,700.67,INR,pending,
GM003292,ORDGM003292,55.28,INR,pending,
GM003293,ORDGM003293,2898.48,INR,pending,
GM003295,ORDGM003295,3529.39,INR,pending,
GM003296,ORDGM003296,3781.83,INR,pending,
GM003297,ORDGM003297,680.78,INR,pending,
GM003298,ORDGM003298,153.69,INR,pending,
GM003299,ORDGM003299,729.42,INR,pending,
GM003300,ORDGM003300,267.99,INR,pending,
GM003302,ORDGM003302,1245.51,INR,pending,
GM003303,ORDGM003303,1832.31,INR,pending,
GM003304,ORDGM003304,3773.46,INR,pending,
GM003305,ORDGM003305,452.24,INR,pending,
GM003306,ORDGM003306,5850.45,INR,pending,
GM003307,ORDGM003307,1065.28,INR,pending,
GM003308,ORDGM003308,803.25,INR,pending,
GM003309,ORDGM003309,1551.97,INR,pending,
GM003310,ORDGM003310,4546.29,INR,pending,
GM003311,ORDGM003311,3049.04,INR,pending,
GM003312,ORDGM003312,189.56,INR,pending,
GM003313,ORDGM003313,7297.21,INR,pending,
GM003314,ORDGM003314,1901.19,INR,pending,
GM003315,ORDGM003315,2906.19,INR,pending,
GM003316,ORDGM003316,1220.63,INR,pending,
GM003317,ORDGM003317,140.46,INR,pending,
GM003319,ORDGM003319,1624.57,INR,pending,
GM003320,ORDGM003320,526.42,INR,pending,
GM003321,ORDGM003321,969.90,INR,pending,
GM003322,ORDGM003322,2671.34,INR,pending,
GM003323,ORDGM003323,531.21,INR,pending,
GM003324,ORDGM003324,3492.85,INR,pending,
GM003325,ORDGM003325,2003.05,INR,pending,
GM003326,ORDGM003326,3806.21,INR,pending,
GM003327,ORDGM003327,775.06,INR,pending,
GM003329,ORDGM003329,2522.88,INR,pending,
GM003330,ORDGM003330,3745.19,INR,pending,
GM003331,ORDGM003331,2028.17,INR,pending,
GM003332,ORDGM003332,967.57,INR,pending,
GM003333,ORDGM003333,3258.65,INR,pending,
GM003334,ORDGM003334,697.45,INR,pending,
GM003335,ORDGM003335,286.09,INR,pending,
GM003336,ORDGM003336,3258.52,INR,pending,
GM003337,ORDGM003337,1819.26,INR,pending,
GM003338,ORDGM003338,2120.88,INR,pending,
GM003339,ORDGM003339,1030.86,INR,pending,
GM003340,ORDGM003340,201.27,INR,pending,
GM003341,ORDGM003341,947.68,INR,pending,
GM003342,ORDGM003342,2482.83,INR,pending,
GM003343,ORDGM003343,1238.48,INR,pending,
GM003344,ORDGM003344,1559.05,INR,pending,
GM003345,ORDGM003345,438.92,INR,pending,
GM003346,ORDGM003346,745.51,INR,pending,
GM003347,ORDGM003347,1310.66,INR,pending,
GM003348,ORDGM003348,1300.13,INR,pending,
GM003349,ORDGM003349,1822.54,INR,pending,
GM003350,ORDGM003350,909.54,INR,pending,
GM003351,ORDGM003351,480.61,INR,pending,
GM003353,ORDGM003353,3781.04,INR,pending,
GM003354,ORDGM003354,1082.82,INR,pending,
GM003355,ORDGM003355,3258.69,INR,pending,
GM003356,ORDGM003356,998.18,INR,pending,
GM003357,ORDGM003357,222.31,INR,pending,
GM003358,ORDGM003358,5.19,INR,pending,
GM003359,ORDGM003359,3754.19,INR,pending,
GM003360,ORDGM003360,164.14,INR,pending,
GM003361,ORDGM003361,4055.63,INR,pending,
GM003362,ORDGM003362,4947.44,INR,pending,
GM003363,ORDGM003363,9656.51,INR,pending,
GM003364,ORDGM003364,125.34,INR,pending,
GM003365,ORDGM003365,2686.60,INR,pending,
GM003366,ORDGM003366,3408.34,INR,pending,
GM003367,ORDGM003367,1837.79,INR,pending,
GM003368,ORDGM003368,1349.92,INR,pending,
GM003370,ORDGM003370,229.02,INR,pending,
GM003371,ORDGM003371,200.47,INR,pending,
GM003372,ORDGM003372,1291.34,INR,pending,
GM003373,ORDGM003373,478.29,INR,pending,
GM003374,ORDGM003374,94.43,INR,pending,
GM003375,ORDGM003375,679.13,INR,pending,
GM003376,ORDGM003376,2648.67,INR,pending,
GM003377,ORDGM003377,1290.61,INR,pending,
GM003378,ORDGM003378,2858.25,INR,pending,
GM003379,ORDGM003379,717.60,INR,pending,
GM003380,ORDGM003380,515.13,INR,pending,
GM003381,ORDGM003381,2168.09,INR,pending,
GM003382,ORDGM003382,177.69,INR,pending,
GM003383,ORDGM003383,1191.69,INR,pending,
GM003384,ORDGM003384,3034.15,INR,pending,
GM003385,ORDGM003385,153.07,INR,pending,
GM003387,ORDGM003387,1730.95,INR,pending,
GM003388,ORDGM003388,1113.85,INR,pending,
GM003389,ORDGM003389,1245.98,INR,pending,
GM003390,ORDGM003390,2313.03,INR,pending,
GM003391,ORDGM003391,1907.02,INR,pending,
GM003392,ORDGM003392,3757.13,INR,pending,
GM003393,ORDGM003393,1289.57,INR,pending,
GM003394,ORDGM003394,1610.80,INR,pending,
GM003395,ORDGM003395,64.94,INR,pending,
GM003396,ORDGM003396,2676.30,INR,pending,
GM003397,ORDGM003397,1672.29,INR,pending,
GM003398,ORDGM003398,2059.63,INR,pending,
GM003399,ORDGM003399,3202.16,INR,pending,
GM003401,ORDGM003401,5259.42,INR,pending,
GM003403,ORDGM003403,203.00,INR,pending,
GM003404,ORDGM003404,634.70,INR,pending,
GM003405,ORDGM003405,5469.35,INR,pending,
GM003406,ORDGM003406,5059.81,INR,pending,
GM003407,ORDGM003407,59.02,INR,pending,
GM003408,ORDGM003408,1739.08,INR,pending,
GM003409,ORDGM003409,617.49,INR,pending,
GM003410,ORDGM003410,4352.29,INR,pending,
GM003411,ORDGM003411,2397.44,INR,pending,
GM003412,ORDGM003412,923.74,INR,pending,
GM003413,ORDGM003413,2949.58,INR,pending,
GM003414,ORDGM003414,5028.53,INR,pending,
GM003415,ORDGM003415,165.11,INR,pending,
GM003416,ORDGM003416,184.14,INR,pending,
GM003417,ORDGM003417,3722.79,INR,pending,
GM003418,ORDGM003418,3631.51,INR,pending,
GM003419,ORDGM003419,614.75,INR,pending,
GM003420,ORDGM003420,2111.03,INR,pending,
GM003421,ORDGM003421,2353.18,INR,pending,
GM003423,ORDGM003423,714.74,INR,pending,
GM003424,ORDGM003424,1219.66,INR,pending,
GM003426,ORDGM003426,2007.22,INR,pending,
GM003427,ORDGM003427,1289.77,INR,pending,
GM003428,ORDGM003428,1062.14,INR,pending,
GM003429,ORDGM003429,738.51,INR,pending,
GM003430,ORDGM003430,64.09,INR,pending,
GM003432,ORDGM003432,7731.07,INR,pending,
GM003433,ORDGM003433,131.91,INR,pending,
GM003434,ORDGM003434,310.29,INR,pending,
GM003435,ORDGM003435,3274.14,INR,pending,
GM003437,ORDGM003437,2312.81,INR,pending,
GM003438,ORDGM003438,3949.87,INR,pending,
GM003439,ORDGM003439,1997.76,INR,pending,
GM003440,ORDGM003440,437.14,INR,pending,
GM003441,ORDGM003441,4111.56,INR,pending,
GM003442,ORDGM003442,2592.12,INR,pending,
GM003443,ORDGM003443,3754.21,INR,pending,
GM003444,ORDGM003444,9087.93,INR,pending,
GM003445,ORDGM003445,172.90,INR,pending,
GM003446,ORDGM003446,3806.48,INR,pending,
GM003447,ORDGM003447,206.22,INR,pending,
GM003448,ORDGM003448,1574.50,INR,pending,
GM003449,ORDGM003449,5036.46,INR,pending,
GM003450,ORDGM003450,2917.42,INR,pending,
GM003451,ORDGM003451,567.25,INR,pending,
GM003452,ORDGM003452,1086.54,INR,pending,
GM003453,ORDGM003453,6403.56,INR,pending,
GM003454,ORDGM003454,2311.32,INR,pending,
GM003455,ORDGM003455,2312.72,INR,pending,
GM003456,ORDGM003456,1506.77,INR,pending,
GM003457,ORDGM003457,474.02,INR,pending,
GM003458,ORDGM003458,40.55,INR,pending,
GM003459,ORDGM003459,2337.24,INR,pending,
GM003460,ORDGM003460,334.83,INR,pending,
GM003461,ORDGM003461,1720.72,INR,pending,
GM003462,ORDGM003462,853.23,INR,pending,
GM003463,ORDGM003463,1338.57,INR,pending,
GM003464,ORDGM003464,1644.06,INR,pending,
GM003465,ORDGM003465,1610.75,INR,pending,
GM003466,ORDGM003466,2464.70,INR,pending,
GM003467,ORDGM003467,8613.32,INR,pending,
GM003468,ORDGM003468,123.62,INR,pending,
GM003469,ORDGM003469,253.07,INR,pending,
GM003470,ORDGM003470,5543.80,INR,pending,
GM003471,ORDGM003471,755.98,INR,pending,
GM003472,ORDGM003472,528.43,INR,pending,
GM003473,ORDGM003473,1314.49,INR,pending,
GM003474,ORDGM003474,6895.89,INR,pending,
GM003475,ORDGM003475,135.50,INR,pending,
GM003476,ORDGM003476,6978.08,INR,pending,
GM003477,ORDGM003477,3932.13,INR,pending,
GM003478,ORDGM003478,1040.27,INR,pending,
GM003479,ORDGM003479,2708.22,INR,pending,
GM003480,ORDGM003480,327.30,INR,pending,
GM003481,ORDGM003481,1493.42,INR,pending,
GM003482,ORDGM003482,1896.70,INR,pending,
GM003483,ORDGM003483,1006.90,INR,pending,
GM003484,ORDGM003484,59.11,INR,pending,
GM003485,ORDGM003485,427.23,INR,pending,
GM003486,ORDGM003486,3638.88,INR,pending,
GM003487,ORDGM003487,350.32,INR,pending,
GM003489,ORDGM003489,2615.66,INR,pending,
GM003491,ORDGM003491,1877.26,INR,pending,
GM003492,ORDGM003492,5728.35,INR,pending,
GM003493,ORDGM003493,5384.82,INR,pending,
GM003494,ORDGM003494,647.64,INR,pending,
GM003495,ORDGM003495,185.08,INR,pending,
GM003496,ORDGM003496,829.50,INR,pending,
GM003497,ORDGM003497,721.12,INR,pending,
GM003498,ORDGM003498,154.99,INR,pending,
GM003499,ORDGM003499,1164.81,INR,pending,
GM003500,ORDGM003500,781.53,INR,pending,
GM003501,ORDGM003501,1042.16,INR,pending,
GM003502,ORDGM003502,1686.25,INR,pending,
GM003504,ORDGM003504,295.15,INR,pending,
GM003505,ORDGM003505,1373.85,INR,pending,
GM003506,ORDGM003506,604.94,INR,pending,
GM003507,ORDGM003507,351.62,INR,pending,
GM003508,ORDGM003508,918.06,INR,pending,
GM003510,ORDGM003510,1187.93,INR,pending,
GM003511,ORDGM003511,3783.56,INR,pending,
GM003512,ORDGM003512,789.82,INR,pending,
GM003513,ORDGM003513,769.74,INR,pending,
GM003514,ORDGM003514,171.97,INR,pending,
GM003515,ORDGM003515,3515.86,INR,pending,
GM003517,ORDGM003517,1469.66,INR,pending,
GM003518,ORDGM003518,495.64,INR,pending,
GM003519,ORDGM003519,153.56,INR,pending,
GM003520,ORDGM003520,2497.67,INR,pending,
GM003521,ORDGM003521,3276.46,INR,pending,
GM003522,ORDGM003522,532.98,INR,pending,
GM003523,ORDGM003523,5053.29,INR,pending,
GM003524,ORDGM003524,1271.88,INR,pending,
GM003525,ORDGM003525,728.48,INR,pending,
GM003526,ORDGM003526,3972.69,INR,pending,
GM003527,ORDGM003527,3825.93,INR,pending,
GM003528,ORDGM003528,308.67,INR,pending,
GM003530,ORDGM003530,798.41,INR,pending,
GM003531,ORDGM003531,1455.44,INR,pending,
GM003532,ORDGM003532,154.43,INR,pending,
GM003533,ORDGM003533,62.16,INR,pending,
GM003534,ORDGM003534,2164.17,INR,pending,
GM003535,ORDGM003535,4310.85,INR,pending,
GM003536,ORDGM003536,1739.61,INR,pending,
GM003537,ORDGM003537,1840.81,INR,pending,
GM003538,ORDGM003538,3208.62,INR,pending,
GM003539,ORDGM003539,3011.61,INR,pending,
GM003540,ORDGM003540,268.91,INR,pending,
GM003542,ORDGM003542,1385.73,INR,pending,
GM003543,ORDGM003543,1524.57,INR,pending,
GM003544,ORDGM003544,784.14,INR,pending,
GM003546,ORDGM003546,1681.85,INR,pending,
GM003547,ORDGM003547,568.83,INR,pending,
GM003548,ORDGM003548,1325.95,INR,pending,
GM003549,ORDGM003549,350.61,INR,pending,
GM003551,ORDGM003551,1771.10,INR,pending,
GM003552,ORDGM003552,4958.67,INR,pending,
GM003553,ORDGM003553,2771.46,INR,pending,
GM003554,ORDGM003554,238.50,INR,pending,
GM003555,ORDGM003555,3055.76,INR,pending,
GM003556,ORDGM003556,2198.15,INR,pending,
GM003557,ORDGM003557,39.51,INR,pending,
GM003558,ORDGM003558,3870.86,INR,pending,
GM003559,ORDGM003559,1435.84,INR,pending,
GM003560,ORDGM003560,3566.34,INR,pending,
GM003561,ORDGM003561,1382.98,INR,pending,
GM003562,ORDGM003562,1563.11,INR,pending,
GM003563,ORDGM003563,125.80,INR,pending,
GM003564,ORDGM003564,2612.37,INR,pending,
GM003565,ORDGM003565,637.51,INR,pending,
GM003566,ORDGM003566,3381.91,INR,pending,
GM003567,ORDGM003567,1098.82,INR,pending,
GM003568,ORDGM003568,2394.19,INR,pending,
GM003569,ORDGM003569,132.18,INR,pending,
GM003570,ORDGM003570,5129.61,INR,pending,
GM003571,ORDGM003571,946.11,INR,pending,
GM003572,ORDGM003572,647.36,INR,pending,
GM003573,ORDGM003573,5296.66,INR,pending,
GM003574,ORDGM003574,4222.77,INR,pending,
GM003575,ORDGM003575,401.67,INR,pending,
GM003576,ORDGM003576,2455.87,INR,pending,
GM003577,ORDGM003577,1947.30,INR,pending,
GM003578,ORDGM003578,548.14,INR,pending,
GM003579,ORDGM003579,1563.36,INR,pending,
GM003580,ORDGM003580,3267.42,INR,pending,
GM003582,ORDGM003582,17243.35,INR,pending,
GM003583,ORDGM003583,1073.07,INR,pending,
GM003584,ORDGM003584,4473.84,INR,pending,
GM003585,ORDGM003585,106.28,INR,pending,
GM003586,ORDGM003586,905.41,INR,pending,
GM003587,ORDGM003587,70.48,INR,pending,
GM003588,ORDGM003588,1396.44,INR,pending,
GM003589,ORDGM003589,199.29,INR,pending,
GM003590,ORDGM003590,821.47,INR,pending,
GM003591,ORDGM003591,3054.27,INR,pending,
GM003592,ORDGM003592,821.74,INR,pending,
GM003593,ORDGM003593,3394.66,INR,pending,
GM003594,ORDGM003594,217.67,INR,pending,
GM003595,ORDGM003595,1998.64,INR,pending,
GM003596,ORDGM003596,3623.45,INR,pending,
GM003597,ORDGM003597,324.37,INR,pending,
GM003598,ORDGM003598,2149.38,INR,pending,
GM003599,ORDGM003599,929.04,INR,pending,
GM003600,ORDGM003600,273.40,INR,pending,
GM003601,ORDGM003601,5227.30,INR,pending,
GM003602,ORDGM003602,350.79,INR,pending,
GM003603,ORDGM003603,5290.74,INR,pending,
GM003604,ORDGM003604,799.42,INR,pending,
GM003605,ORDGM003605,1863.67,INR,pending,
GM003606,ORDGM003606,667.93,INR,pending,
GM003607,ORDGM003607,4346.48,INR,pending,
GM003608,ORDGM003608,310.06,INR,pending,
GM003609,ORDGM003609,2310.15,INR,pending,
GM003610,ORDGM003610,5654.92,INR,pending,
GM003611,ORDGM003611,2.17,INR,pending,
GM003612,ORDGM003612,43.33,INR,pending,
GM003613,ORDGM003613,1708.94,INR,pending,
GM003614,ORDGM003614,327.67,INR,pending,
GM003615,ORDGM003615,11868.75,INR,pending,
GM003616,ORDGM003616,390.56,INR,pending,
GM003617,ORDGM003617,1190.14,INR,pending,
GM003618,ORDGM003618,987.05,INR,pending,
GM003619,ORDGM003619,1474.47,INR,pending,
GM003620,ORDGM003620,143.56,INR,pending,
GM003621,ORDGM003621,6022.89,INR,pending,
GM003622,ORDGM003622,320.25,INR,pending,
GM003623,ORDGM003623,547.60,INR,pending,
GM003624,ORDGM003624,1462.12,INR,pending,
GM003625,ORDGM003625,5967.35,INR,pending,
GM003626,ORDGM003626,1092.20,INR,pending,
GM003627,ORDGM003627,4915.61,INR,pending,
GM003628,ORDGM003628,2113.09,INR,pending,
GM003629,ORDGM003629,3146.74,INR,pending,
GM003631,ORDGM003631,2166.61,INR,pending,
GM003632,ORDGM003632,2482.40,INR,pending,
GM003633,ORDGM003633,168.82,INR,pending,
GM003635,ORDGM003635,1029.51,INR,pending,
GM003636,ORDGM003636,307.84,INR,pending,
GM003637,ORDGM003637,1419.40,INR,pending,
GM003638,ORDGM003638,2790.57,INR,pending,
GM003639,ORDGM003639,582.72,INR,pending,
GM003641,ORDGM003641,463.68,INR,pending,
GM003642,ORDGM003642,6165.78,INR,pending,
GM003643,ORDGM003643,3227.21,INR,pending,
GM003644,ORDGM003644,4239.18,INR,pending,
GM003645,ORDGM003645,3613.59,INR,pending,
GM003646,ORDGM003646,1862.09,INR,pending,
GM003647,ORDGM003647,1739.23,INR,pending,
GM003648,ORDGM003648,3438.52,INR,pending,
GM003650,ORDGM003650,1293.67,INR,pending,
GM003651,ORDGM003651,2278.71,INR,pending,
GM003652,ORDGM003652,608.60,INR,pending,
GM003653,ORDGM003653,1081.63,INR,pending,
GM003654,ORDGM003654,266.63,INR,pending,
GM003655,ORDGM003655,61.00,INR,pending,
GM003656,ORDGM003656,3471.90,INR,pending,
GM003657,ORDGM003657,1028.64,INR,pending,
GM003658,ORDGM003658,3248.10,INR,pending,
GM003659,ORDGM003659,4768.05,INR,pending,
GM003660,ORDGM003660,531.08,INR,pending,
GM003661,ORDGM003661,2082.70,INR,pending,
GM003662,ORDGM003662,689.15,INR,pending,
GM003663,ORDGM003663,250.81,INR,pending,
GM003664,ORDGM003664,60.75,INR,pending,
GM003665,ORDGM003665,2109.52,INR,pending,
GM003666,ORDGM003666,6834.91,INR,pending,
GM003667,ORDGM003667,135.56,INR,pending,
GM003668,ORDGM003668,1553.73,INR,pending,
GM003669,ORDGM003669,2380.87,INR,pending,
GM003670,ORDGM003670,1598.65,INR,pending,
GM003671,ORDGM003671,1150.94,INR,pending,
GM003672,ORDGM003672,1100.71,INR,pending,
GM003673,ORDGM003673,4484.51,INR,pending,
GM003674,ORDGM003674,14.11,INR,pending,
GM003675,ORDGM003675,3472.82,INR,pending,
GM003676,ORDGM003676,4017.34,INR,pending,
GM003677,ORDGM003677,33.13,INR,pending,
GM003678,ORDGM003678,404.76,INR,pending,
GM003679,ORDGM003679,375.25,INR,pending,
GM003680,ORDGM003680,666.42,INR,pending,
GM003681,ORDGM003681,560.92,INR,pending,
GM003683,ORDGM003683,6615.99,INR,pending,
GM003684,ORDGM003684,117.63,INR,pending,
GM003685,ORDGM003685,6523.25,INR,pending,
GM003686,ORDGM003686,763.91,INR,pending,
GM003687,ORDGM003687,5734.24,INR,pending,
GM003688,ORDGM003688,961.01,INR,pending,
GM003689,ORDGM003689,663.34,INR,pending,
GM003690,ORDGM003690,463.48,INR,pending,
GM003691,ORDGM003691,111.41,INR,pending,
GM003692,ORDGM003692,1012.10,INR,pending,
GM003693,ORDGM003693,2417.61,INR,pending,
GM003694,ORDGM003694,113.76,INR,pending,
GM003695,ORDGM003695,830.12,INR,pending,
GM003696,ORDGM003696,3594.06,INR,pending,
GM003697,ORDGM003697,2811.54,INR,pending,
GM003698,ORDGM003698,4442.78,INR,pending,
GM003700,ORDGM003700,221.37,INR,pending,
GM003701,ORDGM003701,3187.16,INR,pending,
GM003702,ORDGM003702,4952.25,INR,pending,
GM003703,ORDGM003703,228.61,INR,pending,
GM003704,ORDGM003704,1074.23,INR,pending,
GM003705,ORDGM003705,3516.96,INR,pending,
GM003706,ORDGM003706,13.64,INR,pending,
GM003707,ORDGM003707,705.46,INR,pending,
GM003708,ORDGM003708,743.59,INR,pending,
GM003709,ORDGM003709,230.08,INR,pending,
GM003710,ORDGM003710,495.97,INR,pending,
GM003711,ORDGM003711,1565.28,INR,pending,
GM003712,ORDGM003712,163.49,INR,pending,
GM003713,ORDGM003713,2374.43,INR,pending,
GM003714,ORDGM003714,104.88,INR,pending,
GM003715,ORDGM003715,722.64,INR,pending,
GM003716,ORDGM003716,868.79,INR,pending,
GM003717,ORDGM003717,433.23,INR,pending,
GM003718,ORDGM003718,794.96,INR,pending,
GM003719,ORDGM003719,1812.95,INR,pending,
GM003720,ORDGM003720,911.97,INR,pending,
GM003721,ORDGM003721,3020.17,INR,pending,
GM003722,ORDGM003722,1389.15,INR,pending,
GM003723,ORDGM003723,1587.58,INR,pending,
GM003724,ORDGM003724,1415.38,INR,pending,
GM003725,ORDGM003725,2983.99,INR,pending,
GM003726,ORDGM003726,420.10,INR,pending,
GM003727,ORDGM003727,7559.33,INR,pending,
GM003728,ORDGM003728,1706.62,INR,pending,
GM003729,ORDGM003729,1581.35,INR,pending,
GM003730,ORDGM003730,1139.34,INR,pending,
GM003731,ORDGM003731,3262.98,INR,pending,
GM003732,ORDGM003732,26.19,INR,pending,
GM003733,ORDGM003733,1777.89,INR,pending,
GM003734,ORDGM003734,1352.05,INR,pending,
GM003735,ORDGM003735,3758.71,INR,pending,
GM003736,ORDGM003736,134.00,INR,pending,
GM003737,ORDGM003737,863.89,INR,pending,
GM003738,ORDGM003738,3602.50,INR,pending,
GM003739,ORDGM003739,1307.91,INR,pending,
GM003740,ORDGM003740,652.91,INR,pending,
GM003741,ORDGM003741,8114.28,INR,pending,
GM003742,ORDGM003742,1077.09,INR,pending,
GM003743,ORDGM003743,553.41,INR,pending,
GM003744,ORDGM003744,399.22,INR,pending,
GM003745,ORDGM003745,549.38,INR,pending,
GM003746,ORDGM003746,716.91,INR,pending,
GM003747,ORDGM003747,1022.27,INR,pending,
GM003748,ORDGM003748,1029.85,INR,pending,
GM003749,ORDGM003749,2044.79,INR,pending,
GM003750,ORDGM003750,1274.25,INR,pending,
GM003751,ORDGM003751,205.21,INR,pending,
GM003752,ORDGM003752,1011.35,INR,pending,
GM003753,ORDGM003753,1441.52,INR,pending,
GM003754,ORDGM003754,1982.41,INR,pending,
GM003755,ORDGM003755,1061.02,INR,pending,
GM003756,ORDGM003756,4121.16,INR,pending,
GM003757,ORDGM003757,144.76,INR,pending,
GM003758,ORDGM003758,1364.81,INR,pending,
GM003759,ORDGM003759,320.05,INR,pending,
GM003760,ORDGM003760,5241.45,INR,pending,
GM003761,ORDGM003761,2437.18,INR,pending,
GM003762,ORDGM003762,2687.45,INR,pending,
GM003763,ORDGM003763,1196.60,INR,pending,
GM003764,ORDGM003764,233.27,INR,pending,
GM003765,ORDGM003765,224.12,INR,pending,
GM003766,ORDGM003766,560.24,INR,pending,
GM003767,ORDGM003767,894.87,INR,pending,
GM003768,ORDGM003768,2567.27,INR,pending,
GM003769,ORDGM003769,990.42,INR,pending,
GM003770,ORDGM003770,81.66,INR,pending,
GM003771,ORDGM003771,2436.34,INR,pending,
GM003772,ORDGM003772,625.67,INR,pending,
GM003774,ORDGM003774,5815.69,INR,pending,
GM003775,ORDGM003775,2336.38,INR,pending,
GM003776,ORDGM003776,1585.81,INR,pending,
GM003777,ORDGM003777,1339.89,INR,pending,
GM003778,ORDGM003778,1326.25,INR,pending,
GM003779,ORDGM003779,1249.84,INR,pending,
GM003780,ORDGM003780,853.82,INR,pending,
GM003781,ORDGM003781,4757.63,INR,pending,
GM003782,ORDGM003782,4091.56,INR,pending,
GM003783,ORDGM003783,1334.63,INR,pending,
GM003785,ORDGM003785,6151.15,INR,pending,
GM003786,ORDGM003786,780.93,INR,pending,
GM003787,ORDGM003787,48.68,INR,pending,
GM003789,ORDGM003789,1232.31,INR,pending,
GM003790,ORDGM003790,1215.36,INR,pending,
GM003791,ORDGM003791,2366.92,INR,pending,
GM003792,ORDGM003792,6184.19,INR,pending,
GM003793,ORDGM003793,41.64,INR,pending,
GM003794,ORDGM003794,1541.31,INR,pending,
GM003795,ORDGM003795,162.30,INR,pending,
GM003796,ORDGM003796,621.09,INR,pending,
GM003797,ORDGM003797,4316.66,INR,pending,
GM003798,ORDGM003798,681.89,INR,pending,
GM003799,ORDGM003799,806.81,INR,pending,
GM003800,ORDGM003800,131.77,INR,pending,
GM003801,ORDGM003801,677.08,INR,pending,
GM003802,ORDGM003802,2577.19,INR,pending,
GM003803,ORDGM003803,2328.49,INR,pending,
GM003804,ORDGM003804,244.67,INR,pending,
GM003805,ORDGM003805,1219.93,INR,pending,
GM003806,ORDGM003806,2339.14,INR,pending,
GM003807,ORDGM003807,231.74,INR,pending,
GM003808,ORDGM003808,1623.36,INR,pending,
GM003809,ORDGM003809,575.07,INR,pending,
GM003810,ORDGM003810,4885.76,INR,pending,
GM003811,ORDGM003811,2111.27,INR,pending,
GM003812,ORDGM003812,684.05,INR,pending,
GM003813,ORDGM003813,523.31,INR,pending,
GM003815,ORDGM003815,8792.41,INR,pending,
GM003816,ORDGM003816,543.86,INR,pending,
GM003817,ORDGM003817,942.16,INR,pending,
GM003818,ORDGM003818,2169.10,INR,pending,
GM003819,ORDGM003819,4432.77,INR,pending,
GM003820,ORDGM003820,2806.90,INR,pending,
GM003821,ORDGM003821,481.04,INR,pending,
GM003822,ORDGM003822,1314.60,INR,pending,
GM003823,ORDGM003823,854.67,INR,pending,
GM003824,ORDGM003824,845.72,INR,pending,
GM003825,ORDGM003825,504.96,INR,pending,
GM003826,ORDGM003826,4684.41,INR,pending,
GM003827,ORDGM003827,5506.29,INR,pending,
GM003828,ORDGM003828,979.38,INR,pending,
GM003829,ORDGM003829,1806.03,INR,pending,
GM003830,ORDGM003830,2546.62,INR,pending,
GM003831,ORDGM003831,1076.99,INR,pending,
GM003832,ORDGM003832,629.75,INR,pending,
GM003833,ORDGM003833,3834.40,INR,pending,
GM003834,ORDGM003834,2608.92,INR,pending,
GM003835,ORDGM003835,485.43,INR,pending,
GM003836,ORDGM003836,1921.39,INR,pending,
GM003837,ORDGM003837,2919.17,INR,pending,
GM003838,ORDGM003838,3038.83,INR,pending,
GM003839,ORDGM003839,5569.77,INR,pending,
GM003840,ORDGM003840,5568.74,INR,pending,
GM003841,ORDGM003841,992.17,INR,pending,
GM003842,ORDGM003842,875.82,INR,pending,
GM003843,ORDGM003843,3204.29,INR,pending,
GM003844,ORDGM003844,10439.04,INR,pending,
GM003845,ORDGM003845,356.94,INR,pending,
GM003846,ORDGM003846,881.41,INR,pending,
GM003847,ORDGM003847,206.04,INR,pending,
GM003848,ORDGM003848,2335.24,INR,pending,
GM003849,ORDGM003849,6881.40,INR,pending,
GM003850,ORDGM003850,1646.99,INR,pending,
GM003851,ORDGM003851,1776.13,INR,pending,
GM003852,ORDGM003852,281.82,INR,pending,
GM003853,ORDGM003853,3299.26,INR,pending,
GM003854,ORDGM003854,147.61,INR,pending,
GM003855,ORDGM003855,1697.64,INR,pending,
GM003856,ORDGM003856,555.21,INR,pending,
GM003857,ORDGM003857,2212.96,INR,pending,
GM003859,ORDGM003859,491.55,INR,pending,
GM003860,ORDGM003860,5964.45,INR,pending,
GM003861,ORDGM003861,2052.45,INR,pending,
GM003862,ORDGM003862,1133.55,INR,pending,
GM003863,ORDGM003863,5263.40,INR,pending,
GM003864,ORDGM003864,3917.79,INR,pending,
GM003865,ORDGM003865,2570.40,INR,pending,
GM003866,ORDGM003866,80.70,INR,pending,
GM003867,ORDGM003867,733.73,INR,pending,
GM003868,ORDGM003868,762.70,INR,pending,
GM003869,ORDGM003869,458.06,INR,pending,
GM003870,ORDGM003870,1679.95,INR,pending,
GM003871,ORDGM003871,332.87,INR,pending,
GM003872,ORDGM003872,507.95,INR,pending,
GM003873,ORDGM003873,655.51,INR,pending,
GM003874,ORDGM003874,510.20,INR,pending,
GM003875,ORDGM003875,2022.23,INR,pending,
GM003876,ORDGM003876,4014.12,INR,pending,
GM003877,ORDGM003877,2391.45,INR,pending,
GM003878,ORDGM003878,324.21,INR,pending,
GM003879,ORDGM003879,2392.07,INR,pending,
GM003880,ORDGM003880,606.93,INR,pending,
GM003883,ORDGM003883,822.30,INR,pending,
GM003884,ORDGM003884,644.16,INR,pending,
GM003885,ORDGM003885,2309.20,INR,pending,
GM003886,ORDGM003886,1472.64,INR,pending,
GM003887,ORDGM003887,505.98,INR,pending,
GM003888,ORDGM003888,1231.61,INR,pending,
GM003890,ORDGM003890,4825.60,INR,pending,
GM003892,ORDGM003892,1909.02,INR,pending,
GM003893,ORDGM003893,366.84,INR,pending,
GM003894,ORDGM003894,670.78,INR,pending,
GM003895,ORDGM003895,5415.56,INR,pending,
GM003896,ORDGM003896,209.73,INR,pending,
GM003897,ORDGM003897,1037.12,INR,pending,
GM003898,ORDGM003898,469.26,INR,pending,
GM003899,ORDGM003899,939.75,INR,pending,
GM003901,ORDGM003901,145.87,INR,pending,
GM003902,ORDGM003902,390.80,INR,pending,
GM003903,ORDGM003903,3563.39,INR,pending,
GM003904,ORDGM003904,1.10,INR,pending,
GM003905,ORDGM003905,389.03,INR,pending,
GM003906,ORDGM003906,5464.00,INR,pending,
GM003908,ORDGM003908,1915.42,INR,pending,
GM003909,ORDGM003909,855.35,INR,pending,
GM003910,ORDGM003910,320.96,INR,pending,
GM003911,ORDGM003911,138.74,INR,pending,
GM003912,ORDGM003912,5812.67,INR,pending,
GM003913,ORDGM003913,3777.36,INR,pending,
GM003914,ORDGM003914,2681.47,INR,pending,
GM003915,ORDGM003915,203.38,INR,pending,
GM003917,ORDGM003917,5185.16,INR,pending,
GM003918,ORDGM003918,2260.10,INR,pending,
GM003919,ORDGM003919,1927.75,INR,pending,
GM003920,ORDGM003920,4019.60,INR,pending,
GM003921,ORDGM003921,646.94,INR,pending,
GM003922,ORDGM003922,2657.05,INR,pending,
GM003923,ORDGM003923,840.59,INR,pending,
GM003924,ORDGM003924,648.42,INR,pending,
GM003925,ORDGM003925,369.57,INR,pending,
GM003926,ORDGM003926,1237.34,INR,pending,
GM003927,ORDGM003927,735.40,INR,pending,
GM003928,ORDGM003928,127.22,INR,pending,
GM003929,ORDGM003929,566.03,INR,pending,
GM003930,ORDGM003930,5404.41,INR,pending,
GM003931,ORDGM003931,59.57,INR,pending,
GM003932,ORDGM003932,2311.75,INR,pending,
GM003933,ORDGM003933,2256.62,INR,pending,
GM003934,ORDGM003934,2323.84,INR,pending,
GM003935,ORDGM003935,2243.74,INR,pending,
GM003936,ORDGM003936,3015.44,INR,pending,
GM003937,ORDGM003937,7656.51,INR,pending,
GM003938,ORDGM003938,1007.19,INR,pending,
GM003939,ORDGM003939,3334.47,INR,pending,
GM003940,ORDGM003940,911.80,INR,pending,
GM003942,ORDGM003942,186.28,INR,pending,
GM003943,ORDGM003943,1172.88,INR,pending,
GM003945,ORDGM003945,200.49,INR,pending,
GM003946,ORDGM003946,1797.09,INR,pending,
GM003947,ORDGM003947,634.30,INR,pending,
GM003948,ORDGM003948,382.09,INR,pending,
GM003949,ORDGM003949,1520.21,INR,pending,
GM003950,ORDGM003950,839.36,INR,pending,
GM003951,ORDGM003951,730.48,INR,pending,
GM003952,ORDGM003952,1153.48,INR,pending,
GM003953,ORDGM003953,175.35,INR,pending,
GM003954,ORDGM003954,2413.99,INR,pending,
GM003955,ORDGM003955,3816.10,INR,pending,
GM003956,ORDGM003956,610.12,INR,pending,
GM003957,ORDGM003957,23.61,INR,pending,
GM003958,ORDGM003958,888.98,INR,pending,
GM003959,ORDGM003959,337.24,INR,pending,
GM003961,ORDGM003961,4275.08,INR,pending,
GM003962,ORDGM003962,2069.12,INR,pending,
GM003963,ORDGM003963,808.29,INR,pending,
GM003964,ORDGM003964,106.52,INR,pending,
GM003965,ORDGM003965,2312.73,INR,pending,
GM003966,ORDGM003966,579.70,INR,pending,
GM003967,ORDGM003967,6432.92,INR,pending,
GM003968,ORDGM003968,1269.85,INR,pending,
GM003969,ORDGM003969,3316.00,INR,pending,
GM003970,ORDGM003970,354.43,INR,pending,
GM003971,ORDGM003971,870.51,INR,pending,
GM003972,ORDGM003972,3749.85,INR,pending,
GM003973,ORDGM003973,905.71,INR,pending,
GM003974,ORDGM003974,1733.60,INR,pending,
GM003975,ORDGM003975,515.83,INR,pending,
GM003976,ORDGM003976,2273.21,INR,pending,
GM003977,ORDGM003977,2342.90,INR,pending,
GM003978,ORDGM003978,2322.31,INR,pending,
GM003979,ORDGM003979,6662.02,INR,pending,
GM003980,ORDGM003980,500.36,INR,pending,
GM003981,ORDGM003981,1437.17,INR,pending,
GM003982,ORDGM003982,2102.19,INR,pending,
GM003983,ORDGM003983,118.53,INR,pending,
GM003984,ORDGM003984,176.15,INR,pending,
GM003985,ORDGM003985,4408.56,INR,pending,
GM003986,ORDGM003986,611.31,INR,pending,
GM003988,ORDGM003988,7337.46,INR,pending,
GM003989,ORDGM003989,747.17,INR,pending,
GM003990,ORDGM003990,2230.51,INR,pending,
GM003991,ORDGM003991,179.36,INR,pending,
GM003992,ORDGM003992,6576.33,INR,pending,
GM003993,ORDGM003993,144.93,INR,pending,
GM003994,ORDGM003994,51.10,INR,pending,
GM003995,ORDGM003995,763.50,INR,pending,
GM003996,ORDGM003996,1131.43,INR,pending,
GM003997,ORDGM003997,78.72,INR,pending,
GM003998,ORDGM003998,1776.96,INR,pending,
GM003999,ORDGM003999,1151.81,INR,pending,
GM004000,ORDGM004000,126.13,INR,pending,
GM004001,ORDGM004001,12.32,INR,pending,
GM004002,ORDGM004002,94.29,INR,pending,
GM004003,ORDGM004003,812.55,INR,pending,
GM004004,ORDGM004004,3986.82,INR,pending,
GM004005,ORDGM004005,961.65,INR,pending,
GM004006,ORDGM004006,5257.56,INR,pending,
GM004007,ORDGM004007,8632.56,INR,pending,
GM004008,ORDGM004008,4566.79,INR,pending,
GM004009,ORDGM004009,2070.89,INR,pending,
GM004010,ORDGM004010,724.19,INR,pending,
GM004011,ORDGM004011,556.58,INR,pending,
GM004012,ORDGM004012,2074.69,INR,pending,
GM004013,ORDGM004013,558.18,INR,pending,
GM004014,ORDGM004014,509.31,INR,pending,
GM004015,ORDGM004015,1626.47,INR,pending,
GM004016,ORDGM004016,1752.81,INR,pending,
GM004017,ORDGM004017,1385.59,INR,pending,
GM004018,ORDGM004018,2529.08,INR,pending,
GM004019,ORDGM004019,106.91,INR,pending,
GM004020,ORDGM004020,4828.52,INR,pending,
GM004021,ORDGM004021,2910.62,INR,pending,
GM004022,ORDGM004022,604.34,INR,pending,
GM004023,ORDGM004023,822.96,INR,pending,
GM004024,ORDGM004024,2184.38,INR,pending,
GM004025,ORDGM004025,16.58,INR,pending,
GM004026,ORDGM004026,8264.61,INR,pending,
GM004027,ORDGM004027,651.91,INR,pending,
GM004028,ORDGM004028,2145.38,INR,pending,
GM004029,ORDGM004029,3557.46,INR,pending,
GM004030,ORDGM004030,2397.52,INR,pending,
GM004031,ORDGM004031,2860.79,INR,pending,
GM004032,ORDGM004032,3907.98,INR,pending,
GM004033,ORDGM004033,1303.91,INR,pending,
GM004034,ORDGM004034,53.11,INR,pending,
GM004035,ORDGM004035,1386.35,INR,pending,
GM004036,ORDGM004036,1209.99,INR,pending,
GM004037,ORDGM004037,2158.91,INR,pending,
GM004038,ORDGM004038,2678.74,INR,pending,
GM004039,ORDGM004039,381.08,INR,pending,
GM004041,ORDGM004041,594.99,INR,pending,
GM004042,ORDGM004042,619.80,INR,pending,
GM004044,ORDGM004044,1501.06,INR,pending,
GM004045,ORDGM004045,632.63,INR,pending,
GM004046,ORDGM004046,2057.68,INR,pending,
GM004047,ORDGM004047,942.57,INR,pending,
GM004048,ORDGM004048,5785.70,INR,pending,
GM004049,ORDGM004049,1882.44,INR,pending,
GM004050,ORDGM004050,624.63,INR,pending,
GM004053,ORDGM004053,1530.95,INR,pending,
GM004054,ORDGM004054,650.61,INR,pending,
GM004055,ORDGM004055,5348.28,INR,pending,
GM004056,ORDGM004056,2668.43,INR,pending,
GM004057,ORDGM004057,1730.02,INR,pending,
GM004058,ORDGM004058,1203.43,INR,pending,
GM004059,ORDGM004059,1336.30,INR,pending,
GM004060,ORDGM004060,221.98,INR,pending,
GM004061,ORDGM004061,5846.55,INR,pending,
GM004062,ORDGM004062,1783.09,INR,pending,
GM004063,ORDGM004063,1260.44,INR,pending,
GM004064,ORDGM004064,220.27,INR,pending,
GM004065,ORDGM004065,795.83,INR,pending,
GM004066,ORDGM004066,2287.24,INR,pending,
GM004067,ORDGM004067,1113.79,INR,pending,
GM004068,ORDGM004068,896.73,INR,pending,
GM004070,ORDGM004070,4529.43,INR,pending,
GM004071,ORDGM004071,196.46,INR,pending,
GM004073,ORDGM004073,684.22,INR,pending,
GM004074,ORDGM004074,2139.98,INR,pending,
GM004075,ORDGM004075,3063.53,INR,pending,
GM004076,ORDGM004076,1003.51,INR,pending,
GM004077,ORDGM004077,305.59,INR,pending,
GM004078,ORDGM004078,2619.59,INR,pending,
GM004079,ORDGM004079,1387.96,INR,pending,
GM004080,ORDGM004080,2520.87,INR,pending,
GM004081,ORDGM004081,479.59,INR,pending,
GM004082,ORDGM004082,1386.32,INR,pending,
GM004083,ORDGM004083,1711.49,INR,pending,
GM004085,ORDGM004085,144.50,INR,pending,
GM004086,ORDGM004086,1380.52,INR,pending,
GM004087,ORDGM004087,315.52,INR,pending,
GM004088,ORDGM004088,42.34,INR,pending,
GM004089,ORDGM004089,2303.19,INR,pending,
GM004090,ORDGM004090,1759.32,INR,pending,
GM004091,ORDGM004091,950.73,INR,pending,
GM004092,ORDGM004092,1315.47,INR,pending,
GM004093,ORDGM004093,477.16,INR,pending,
GM004094,ORDGM004094,6432.46,INR,pending,
GM004095,ORDGM004095,2034.50,INR,pending,
GM004096,ORDGM004096,154.12,INR,pending,
GM004097,ORDGM004097,887.67,INR,pending,
GM004098,ORDGM004098,1452.11,INR,pending,
GM004099,ORDGM004099,688.76,INR,pending,
GM004100,ORDGM004100,513.98,INR,pending,
GM004101,ORDGM004101,8549.06,INR,pending,
GM004103,ORDGM004103,1336.59,INR,pending,
GM004104,ORDGM004104,861.53,INR,pending,
GM004105,ORDGM004105,4012.66,INR,pending,
GM004106,ORDGM004106,1888.09,INR,pending,
GM004107,ORDGM004107,950.62,INR,pending,
GM004108,ORDGM004108,456.90,INR,pending,
GM004109,ORDGM004109,1215.41,INR,pending,
GM004110,ORDGM004110,1483.80,INR,pending,
GM004111,ORDGM004111,5050.25,INR,pending,
GM004112,ORDGM004112,310.01,INR,pending,
GM004113,ORDGM004113,1839.01,INR,pending,
GM004114,ORDGM004114,963.93,INR,pending,
GM004115,ORDGM004115,990.60,INR,pending,
GM004116,ORDGM004116,2124.69,INR,pending,
GM004117,ORDGM004117,2281.10,INR,pending,
GM004118,ORDGM004118,3796.04,INR,pending,
GM004119,ORDGM004119,5700.89,INR,pending,
GM004120,ORDGM004120,3764.80,INR,pending,
GM004121,ORDGM004121,3731.76,INR,pending,
GM004122,ORDGM004122,212.65,INR,pending,
GM004123,ORDGM004123,215.87,INR,pending,
GM004125,ORDGM004125,953.48,INR,pending,
GM004126,ORDGM004126,4585.38,INR,pending,
GM004127,ORDGM004127,96.60,INR,pending,
GM004129,ORDGM004129,753.01,INR,pending,
GM004130,ORDGM004130,969.17,INR,pending,
GM004131,ORDGM004131,1209.98,INR,pending,
GM004133,ORDGM004133,1323.38,INR,pending,
GM004134,ORDGM004134,1059.23,INR,pending,
GM004135,ORDGM004135,276.73,INR,pending,
GM004136,ORDGM004136,1026.53,INR,pending,
GM004137,ORDGM004137,12001.58,INR,pending,
GM004139,ORDGM004139,2973.53,INR,pending,
GM004140,ORDGM004140,677.50,INR,pending,
GM004141,ORDGM004141,3922.22,INR,pending,
GM004142,ORDGM004142,6398.27,INR,pending,
GM004143,ORDGM004143,530.05,INR,pending,
GM004145,ORDGM004145,2354.40,INR,pending,
GM004146,ORDGM004146,4117.99,INR,pending,
GM004147,ORDGM004147,2338.53,INR,pending,
GM004148,ORDGM004148,609.66,INR,pending,
GM004149,ORDGM004149,742.59,INR,pending,
GM004150,ORDGM004150,2405.70,INR,pending,
GM004151,ORDGM004151,2044.83,INR,pending,
GM004153,ORDGM004153,1065.88,INR,pending,
GM004154,ORDGM004154,7.91,INR,pending,
GM004155,ORDGM004155,1164.37,INR,pending,
GM004156,ORDGM004156,9.09,INR,pending,
GM004157,ORDGM004157,1148.08,INR,pending,
GM004158,ORDGM004158,138.64,INR,pending,
GM004159,ORDGM004159,856.15,INR,pending,
GM004160,ORDGM004160,2967.48,INR,pending,
GM004161,ORDGM004161,78.08,INR,pending,
GM004163,ORDGM004163,8750.12,INR,pending,
GM004164,ORDGM004164,1961.59,INR,pending,
GM004165,ORDGM004165,5976.14,INR,pending,
GM004166,ORDGM004166,660.87,INR,pending,
GM004167,ORDGM004167,51.53,INR,pending,
GM004168,ORDGM004168,1166.76,INR,pending,
GM004169,ORDGM004169,3713.86,INR,pending,
GM004170,ORDGM004170,2219.37,INR,pending,
GM004171,ORDGM004171,5067.27,INR,pending,
GM004172,ORDGM004172,141.30,INR,pending,
GM004173,ORDGM004173,7336.18,INR,pending,
GM004174,ORDGM004174,2904.58,INR,pending,
GM004175,ORDGM004175,8250.94,INR,pending,
GM004176,ORDGM004176,449.70,INR,pending,
GM004177,ORDGM004177,334.67,INR,pending,
GM004178,ORDGM004178,1125.39,INR,pending,
GM004179,ORDGM004179,478.55,INR,pending,
GM004180,ORDGM004180,1898.49,INR,pending,
GM004181,ORDGM004181,63.38,INR,pending,
GM004182,ORDGM004182,3296.70,INR,pending,
GM004183,ORDGM004183,1087.68,INR,pending,
GM004184,ORDGM004184,294.04,INR,pending,
GM004185,ORDGM004185,317.96,INR,pending,
GM004186,ORDGM004186,2032.71,INR,pending,
GM004187,ORDGM004187,909.14,INR,pending,
GM004188,ORDGM004188,1914.94,INR,pending,
GM004189,ORDGM004189,417.47,INR,pending,
GM004190,ORDGM004190,228.66,INR,pending,
GM004191,ORDGM004191,2924.97,INR,pending,
GM004192,ORDGM004192,313.41,INR,pending,
GM004193,ORDGM004193,208.63,INR,pending,
GM004194,ORDGM004194,2051.57,INR,pending,
GM004195,ORDGM004195,313.55,INR,pending,
GM004197,ORDGM004197,2282.98,INR,pending,
GM004198,ORDGM004198,3732.01,INR,pending,
GM004199,ORDGM004199,333.55,INR,pending,
GM004200,ORDGM004200,330.15,INR,pending,
GM004201,ORDGM004201,520.88,INR,pending,
GM004202,ORDGM004202,57.84,INR,pending,
GM004203,ORDGM004203,2806.75,INR,pending,
GM004204,ORDGM004204,5532.32,INR,pending,
GM004205,ORDGM004205,858.17,INR,pending,
GM004206,ORDGM004206,2253.70,INR,pending,
GM004207,ORDGM004207,2239.80,INR,pending,
GM004208,ORDGM004208,1120.53,INR,pending,
GM004209,ORDGM004209,814.68,INR,pending,
GM004210,ORDGM004210,4380.29,INR,pending,
GM004211,ORDGM004211,846.84,INR,pending,
GM004212,ORDGM004212,3455.32,INR,pending,
GM004213,ORDGM004213,781.03,INR,pending,
GM004214,ORDGM004214,6042.52,INR,pending,
GM004215,ORDGM004215,1738.14,INR,pending,
GM004216,ORDGM004216,1927.13,INR,pending,
GM004217,ORDGM004217,1220.90,INR,pending,
GM004218,ORDGM004218,3204.61,INR,pending,
GM004219,ORDGM004219,432.16,INR,pending,
GM004220,ORDGM004220,2937.36,INR,pending,
GM004221,ORDGM004221,2665.79,INR,pending,
GM004222,ORDGM004222,1289.66,INR,pending,
GM004223,ORDGM004223,5581.99,INR,pending,
GM004224,ORDGM004224,12171.11,INR,pending,
GM004225,ORDGM004225,401.42,INR,pending,
GM004226,ORDGM004226,0.97,INR,pending,
GM004227,ORDGM004227,2859.40,INR,pending,
GM004228,ORDGM004228,6145.29,INR,pending,
GM004229,ORDGM004229,1919.33,INR,pending,
GM004230,ORDGM004230,244.57,INR,pending,
GM004231,ORDGM004231,2315.78,INR,pending,
GM004232,ORDGM004232,4837.05,INR,pending,
GM004233,ORDGM004233,885.21,INR,pending,
GM004234,ORDGM004234,1336.70,INR,pending,
GM004235,ORDGM004235,528.68,INR,pending,
GM004236,ORDGM004236,3391.99,INR,pending,
GM004238,ORDGM004238,2294.86,INR,pending,
GM004239,ORDGM004239,6478.92,INR,pending,
GM004240,ORDGM004240,952.64,INR,pending,
GM004241,ORDGM004241,1085.02,INR,pending,
GM004242,ORDGM004242,2611.31,INR,pending,
GM004244,ORDGM004244,2427.64,INR,pending,
GM004245,ORDGM004245,6326.51,INR,pending,
GM004246,ORDGM004246,1048.78,INR,pending,
GM004247,ORDGM004247,1982.50,INR,pending,
GM004248,ORDGM004248,13058.54,INR,pending,
GM004249,ORDGM004249,896.38,INR,pending,
GM004250,ORDGM004250,1917.41,INR,pending,
GM004251,ORDGM004251,940.54,INR,pending,
GM004252,ORDGM004252,1739.91,INR,pending,
GM004253,ORDGM004253,717.12,INR,pending,
GM004254,ORDGM004254,1409.23,INR,pending,
GM004255,ORDGM004255,2382.06,INR,pending,
GM004258,ORDGM004258,2396.64,INR,pending,
GM004259,ORDGM004259,544.36,INR,pending,
GM004260,ORDGM004260,3033.96,INR,pending,
GM004261,ORDGM004261,808.56,INR,pending,
GM004262,ORDGM004262,1184.36,INR,pending,
GM004263,ORDGM004263,516.75,INR,pending,
GM004264,ORDGM004264,1222.82,INR,pending,
GM004265,ORDGM004265,3718.21,INR,pending,
GM004266,ORDGM004266,1228.92,INR,pending,
GM004267,ORDGM004267,311.27,INR,pending,
GM004268,ORDGM004268,1991.30,INR,pending,
GM004269,ORDGM004269,4048.06,INR,pending,
GM004270,ORDGM004270,36.92,INR,pending,
GM004271,ORDGM004271,827.62,INR,pending,
GM004272,ORDGM004272,1478.46,INR,pending,
GM004273,ORDGM004273,2569.36,INR,pending,
GM004274,ORDGM004274,199.50,INR,pending,
GM004275,ORDGM004275,1279.17,INR,pending,
GM004276,ORDGM004276,3538.74,INR,pending,
GM004277,ORDGM004277,4102.23,INR,pending,
GM004278,ORDGM004278,2071.03,INR,pending,
GM004279,ORDGM004279,5071.71,INR,pending,
GM004280,ORDGM004280,189.89,INR,pending,
GM004281,ORDGM004281,807.38,INR,pending,
GM004282,ORDGM004282,2676.72,INR,pending,
GM004283,ORDGM004283,699.13,INR,pending,
GM004284,ORDGM004284,1077.93,INR,pending,
GM004286,ORDGM004286,474.83,INR,pending,
GM004287,ORDGM004287,2029.94,INR,pending,
GM004288,ORDGM004288,3807.99,INR,pending,
GM004289,ORDGM004289,1200.09,INR,pending,
GM004290,ORDGM004290,2562.19,INR,pending,
GM004291,ORDGM004291,2189.21,INR,pending,
GM004292,ORDGM004292,1062.69,INR,pending,
GM004293,ORDGM004293,497.18,INR,pending,
GM004294,ORDGM004294,669.77,INR,pending,
GM004295,ORDGM004295,135.82,INR,pending,
GM004296,ORDGM004296,438.17,INR,pending,
GM004297,ORDGM004297,2724.31,INR,pending,
GM004298,ORDGM004298,3968.44,INR,pending,
GM004299,ORDGM004299,3157.52,INR,pending,
GM004301,ORDGM004301,7708.21,INR,pending,
GM004303,ORDGM004303,117.93,INR,pending,
GM004304,ORDGM004304,813.36,INR,pending,
GM004305,ORDGM004305,1952.34,INR,pending,
GM004306,ORDGM004306,67.93,INR,pending,
GM004307,ORDGM004307,555.37,INR,pending,
GM004308,ORDGM004308,5513.78,INR,pending,
GM004309,ORDGM004309,4162.09,INR,pending,
GM004312,ORDGM004312,4906.15,INR,pending,
GM004313,ORDGM004313,873.15,INR,pending,
GM004314,ORDGM004314,1263.74,INR,pending,
GM004315,ORDGM004315,4058.04,INR,pending,
GM004316,ORDGM004316,1566.75,INR,pending,
GM004317,ORDGM004317,3800.07,INR,pending,
GM004318,ORDGM004318,4157.30,INR,pending,
GM004319,ORDGM004319,3639.91,INR,pending,
GM004320,ORDGM004320,1020.34,INR,pending,
GM004321,ORDGM004321,277.95,INR,pending,
GM004322,ORDGM004322,3313.54,INR,pending,
GM004323,ORDGM004323,1475.38,INR,pending,
GM004324,ORDGM004324,3718.85,INR,pending,
GM004325,ORDGM004325,5678.83,INR,pending,
GM004326,ORDGM004326,667.85,INR,pending,
GM004327,ORDGM004327,697.64,INR,pending,
GM004328,ORDGM004328,4680.45,INR,pending,
GM004329,ORDGM004329,857.21,INR,pending,
GM004330,ORDGM004330,2266.11,INR,pending,
GM004331,ORDGM004331,1960.55,INR,pending,
GM004332,ORDGM004332,207.54,INR,pending,
GM004333,ORDGM004333,416.66,INR,pending,
GM004334,ORDGM004334,1195.76,INR,pending,
GM004335,ORDGM004335,902.97,INR,pending,
GM004336,ORDGM004336,952.61,INR,pending,
GM004337,ORDGM004337,2744.20,INR,pending,
GM004338,ORDGM004338,414.02,INR,pending,
GM004339,ORDGM004339,1859.24,INR,pending,
GM004340,ORDGM004340,831.52,INR,pending,
GM004342,ORDGM004342,968.34,INR,pending,
GM004343,ORDGM004343,1584.98,INR,pending,
GM004344,ORDGM004344,1024.01,INR,pending,
GM004345,ORDGM004345,1170.58,INR,pending,
GM004346,ORDGM004346,552.76,INR,pending,
GM004347,ORDGM004347,1232.04,INR,pending,
GM004348,ORDGM004348,95.23,INR,pending,
GM004349,ORDGM004349,1333.99,INR,pending,
GM004350,ORDGM004350,1018.74,INR,pending,
GM004351,ORDGM004351,644.47,INR,pending,
GM004352,ORDGM004352,893.58,INR,pending,
GM004353,ORDGM004353,1168.75,INR,pending,
GM004354,ORDGM004354,553.36,INR,pending,
GM004356,ORDGM004356,3476.52,INR,pending,
GM004357,ORDGM004357,2576.41,INR,pending,
GM004358,ORDGM004358,10051.21,INR,pending,
GM004359,ORDGM004359,4175.76,INR,pending,
GM004360,ORDGM004360,222.84,INR,pending,
GM004361,ORDGM004361,2322.61,INR,pending,
GM004362,ORDGM004362,1748.78,INR,pending,
GM004363,ORDGM004363,1880.27,INR,pending,
GM004364,ORDGM004364,2104.19,INR,pending,
GM004365,ORDGM004365,1656.42,INR,pending,
GM004366,ORDGM004366,4164.38,INR,pending,
GM004367,ORDGM004367,14.09,INR,pending,
GM004368,ORDGM004368,2277.48,INR,pending,
GM004369,ORDGM004369,1938.93,INR,pending,
GM004370,ORDGM004370,4071.85,INR,pending,
GM004371,ORDGM004371,1207.01,INR,pending,
GM004372,ORDGM004372,3979.76,INR,pending,
GM004373,ORDGM004373,295.25,INR,pending,
GM004374,ORDGM004374,2695.58,INR,pending,
GM004375,ORDGM004375,498.58,INR,pending,
GM004376,ORDGM004376,6791.63,INR,pending,
GM004377,ORDGM004377,4544.25,INR,pending,
GM004378,ORDGM004378,94.06,INR,pending,
GM004379,ORDGM004379,1760.75,INR,pending,
GM004380,ORDGM004380,3714.11,INR,pending,
GM004381,ORDGM004381,969.55,INR,pending,
GM004382,ORDGM004382,1816.23,INR,pending,
GM004383,ORDGM004383,112.98,INR,pending,
GM004384,ORDGM004384,2503.58,INR,pending,
GM004385,ORDGM004385,3626.81,INR,pending,
GM004386,ORDGM004386,2122.97,INR,pending,
GM004387,ORDGM004387,4212.79,INR,pending,
GM004388,ORDGM004388,1014.68,INR,pending,
GM004389,ORDGM004389,459.54,INR,pending,
GM004390,ORDGM004390,1354.74,INR,pending,
GM004391,ORDGM004391,3072.83,INR,pending,
GM004392,ORDGM004392,2217.17,INR,pending,
GM004394,ORDGM004394,406.23,INR,pending,
GM004395,ORDGM004395,564.82,INR,pending,
GM004397,ORDGM004397,3900.84,INR,pending,
GM004398,ORDGM004398,2341.90,INR,pending,
GM004399,ORDGM004399,2685.97,INR,pending,
GM004400,ORDGM004400,3559.76,INR,pending,
GM004401,ORDGM004401,3846.31,INR,pending,
GM004402,ORDGM004402,1000.18,INR,pending,
GM004403,ORDGM004403,720.72,INR,pending,
GM004405,ORDGM004405,587.67,INR,pending,
GM004406,ORDGM004406,353.18,INR,pending,
GM004408,ORDGM004408,130.09,INR,pending,
GM004410,ORDGM004410,701.24,INR,pending,
GM004411,ORDGM004411,565.29,INR,pending,
GM004412,ORDGM004412,2327.26,INR,pending,
GM004413,ORDGM004413,259.62,INR,pending,
GM004414,ORDGM004414,527.03,INR,pending,
GM004415,ORDGM004415,218.24,INR,pending,
GM004416,ORDGM004416,27.44,INR,pending,
GM004417,ORDGM004417,1229.40,INR,pending,
GM004418,ORDGM004418,1333.59,INR,pending,
GM004419,ORDGM004419,1837.92,INR,pending,
GM004420,ORDGM004420,3553.37,INR,pending,
GM004421,ORDGM004421,850.21,INR,pending,
GM004422,ORDGM004422,2605.83,INR,pending,
GM004423,ORDGM004423,2874.12,INR,pending,
GM004424,ORDGM004424,1.79,INR,pending,
GM004425,ORDGM004425,9.78,INR,pending,
GM004426,ORDGM004426,350.13,INR,pending,
GM004427,ORDGM004427,9736.63,INR,pending,
GM004429,ORDGM004429,1823.66,INR,pending,
GM004430,ORDGM004430,2802.21,INR,pending,
GM004431,ORDGM004431,3171.85,INR,pending,
GM004432,ORDGM004432,3662.65,INR,pending,
GM004434,ORDGM004434,675.91,INR,pending,
GM004435,ORDGM004435,1723.48,INR,pending,
GM004436,ORDGM004436,1323.02,INR,pending,
GM004437,ORDGM004437,1112.80,INR,pending,
GM004438,ORDGM004438,6270.85,INR,pending,
GM004439,ORDGM004439,3771.47,INR,pending,
GM004440,ORDGM004440,4842.53,INR,pending,
GM004441,ORDGM004441,3870.97,INR,pending,
GM004442,ORDGM004442,179.56,INR,pending,
GM004444,ORDGM004444,2805.65,INR,pending,
GM004445,ORDGM004445,356.47,INR,pending,
GM004446,ORDGM004446,933.36,INR,pending,
GM004447,ORDGM004447,4119.81,INR,pending,
GM004449,ORDGM004449,1109.09,INR,pending,
GM004450,ORDGM004450,3366.41,INR,pending,
GM004451,ORDGM004451,1320.14,INR,pending,
GM004452,ORDGM004452,1275.03,INR,pending,
GM004453,ORDGM004453,734.55,INR,pending,
GM004454,ORDGM004454,8481.72,INR,pending,
GM004455,ORDGM004455,1394.97,INR,pending,
GM004456,ORDGM004456,1692.51,INR,pending,
GM004457,ORDGM004457,3704.27,INR,pending,
GM004458,ORDGM004458,923.05,INR,pending,
GM004459,ORDGM004459,121.31,INR,pending,
GM004460,ORDGM004460,524.25,INR,pending,
GM004461,ORDGM004461,4835.17,INR,pending,
GM004462,ORDGM004462,68.43,INR,pending,
GM004463,ORDGM004463,3350.82,INR,pending,
GM004464,ORDGM004464,1138.39,INR,pending,
GM004465,ORDGM004465,1426.29,INR,pending,
GM004466,ORDGM004466,880.25,INR,pending,
GM004467,ORDGM004467,173.08,INR,pending,
GM004468,ORDGM004468,12.95,INR,pending,
GM004469,ORDGM004469,28.96,INR,pending,
GM004470,ORDGM004470,1022.68,INR,pending,
GM004471,ORDGM004471,1021.43,INR,pending,
GM004472,ORDGM004472,8047.41,INR,pending,
GM004473,ORDGM004473,935.19,INR,pending,
GM004474,ORDGM004474,5848.60,INR,pending,
GM004475,ORDGM004475,997.45,INR,pending,
GM004476,ORDGM004476,3605.44,INR,pending,
GM004477,ORDGM004477,1059.40,INR,pending,
GM004478,ORDGM004478,1200.14,INR,pending,
GM004480,ORDGM004480,3110.97,INR,pending,
GM004481,ORDGM004481,1551.40,INR,pending,
GM004482,ORDGM004482,461.90,INR,pending,
GM004483,ORDGM004483,2327.70,INR,pending,
GM004484,ORDGM004484,1028.95,INR,pending,
GM004486,ORDGM004486,6635.44,INR,pending,
GM004487,ORDGM004487,562.16,INR,pending,
GM004488,ORDGM004488,316.94,INR,pending,
GM004489,ORDGM004489,506.83,INR,pending,
GM004490,ORDGM004490,1165.36,INR,pending,
GM004491,ORDGM004491,1231.69,INR,pending,
GM004492,ORDGM004492,9890.07,INR,pending,
GM004493,ORDGM004493,88.12,INR,pending,
GM004494,ORDGM004494,4064.20,INR,pending,
GM004495,ORDGM004495,149.24,INR,pending,
GM004496,ORDGM004496,3154.24,INR,pending,
GM004497,ORDGM004497,1492.44,INR,pending,
GM004498,ORDGM004498,307.47,INR,pending,
GM004499,ORDGM004499,1150.98,INR,pending,
GM004500,ORDGM004500,1980.30,INR,pending,
GM004501,ORDGM004501,688.22,INR,pending,
GM004502,ORDGM004502,1819.62,INR,pending,
GM004503,ORDGM004503,2113.57,INR,pending,
GM004504,ORDGM004504,734.46,INR,pending,
GM004505,ORDGM004505,950.83,INR,pending,
GM004506,ORDGM004506,331.87,INR,pending,
GM004508,ORDGM004508,1174.69,INR,pending,
GM004509,ORDGM004509,580.73,INR,pending,
GM004510,ORDGM004510,1149.94,INR,pending,
GM004511,ORDGM004511,1400.09,INR,pending,
GM004512,ORDGM004512,4473.83,INR,pending,
GM004514,ORDGM004514,1411.65,INR,pending,
GM004515,ORDGM004515,575.11,INR,pending,
GM004516,ORDGM004516,3478.63,INR,pending,
GM004517,ORDGM004517,184.04,INR,pending,
GM004518,ORDGM004518,325.81,INR,pending,
GM004519,ORDGM004519,7127.07,INR,pending,
GM004520,ORDGM004520,796.64,INR,pending,
GM004521,ORDGM004521,4757.09,INR,pending,
GM004522,ORDGM004522,2191.69,INR,pending,
GM004523,ORDGM004523,1981.30,INR,pending,
GM004524,ORDGM004524,2296.16,INR,pending,
GM004525,ORDGM004525,1329.65,INR,pending,
GM004526,ORDGM004526,2359.53,INR,pending,
GM004527,ORDGM004527,1708.45,INR,pending,
GM004529,ORDGM004529,3116.19,INR,pending,
GM004530,ORDGM004530,7137.55,INR,pending,
GM004531,ORDGM004531,462.82,INR,pending,
GM004532,ORDGM004532,1320.24,INR,pending,
GM004533,ORDGM004533,36.12,INR,pending,
GM004534,ORDGM004534,948.18,INR,pending,
GM004535,ORDGM004535,5488.81,INR,pending,
GM004536,ORDGM004536,1875.47,INR,pending,
GM004537,ORDGM004537,3884.32,INR,pending,
GM004538,ORDGM004538,2196.62,INR,pending,
GM004539,ORDGM004539,4752.65,INR,pending,
GM004540,ORDGM004540,121.61,INR,pending,
GM004541,ORDGM004541,75.88,INR,pending,
GM004542,ORDGM004542,3220.19,INR,pending,
GM004543,ORDGM004543,3255.58,INR,pending,
GM004544,ORDGM004544,3558.19,INR,pending,
GM004545,ORDGM004545,2992.66,INR,pending,
GM004546,ORDGM004546,923.89,INR,pending,
GM004547,ORDGM004547,1891.87,INR,pending,
GM004548,ORDGM004548,418.04,INR,pending,
GM004549,ORDGM004549,112.70,INR,pending,
GM004550,ORDGM004550,3417.93,INR,pending,
GM004551,ORDGM004551,42.99,INR,pending,
GM004552,ORDGM004552,1231.85,INR,pending,
GM004553,ORDGM004553,115.37,INR,pending,
GM004554,ORDGM004554,429.32,INR,pending,
GM004555,ORDGM004555,1842.22,INR,pending,
GM004556,ORDGM004556,1426.53,INR,pending,
GM004557,ORDGM004557,1782.48,INR,pending,
GM004558,ORDGM004558,582.51,INR,pending,
GM004559,ORDGM004559,463.35,INR,pending,
GM004560,ORDGM004560,241.10,INR,pending,
GM004561,ORDGM004561,1286.15,INR,pending,
GM004562,ORDGM004562,2677.14,INR,pending,
GM004563,ORDGM004563,617.53,INR,pending,
GM004564,ORDGM004564,25.04,INR,pending,
GM004565,ORDGM004565,462.16,INR,pending,
GM004566,ORDGM004566,1555.52,INR,pending,
GM004567,ORDGM004567,578.77,INR,pending,
GM004568,ORDGM004568,1734.91,INR,pending,
GM004569,ORDGM004569,1434.74,INR,pending,
GM004570,ORDGM004570,1609.85,INR,pending,
GM004572,ORDGM004572,1386.29,INR,pending,
GM004573,ORDGM004573,405.34,INR,pending,
GM004574,ORDGM004574,1663.18,INR,pending,
GM004575,ORDGM004575,2255.37,INR,pending,
GM004576,ORDGM004576,11631.01,INR,pending,
GM004577,ORDGM004577,1524.32,INR,pending,
GM004578,ORDGM004578,1562.37,INR,pending,
GM004579,ORDGM004579,879.86,INR,pending,
GM004580,ORDGM004580,106.44,INR,pending,
GM004581,ORDGM004581,439.19,INR,pending,
GM004582,ORDGM004582,3992.96,INR,pending,
GM004583,ORDGM004583,382.49,INR,pending,
GM004584,ORDGM004584,2819.59,INR,pending,
GM004585,ORDGM004585,6605.50,INR,pending,
GM004586,ORDGM004586,3077.08,INR,pending,
GM004587,ORDGM004587,580.44,INR,pending,
GM004588,ORDGM004588,1780.56,INR,pending,
GM004589,ORDGM004589,637.18,INR,pending,
GM004590,ORDGM004590,1908.17,INR,pending,
GM004591,ORDGM004591,5710.93,INR,pending,
GM004592,ORDGM004592,393.17,INR,pending,
GM004593,ORDGM004593,1290.14,INR,pending,
GM004594,ORDGM004594,43.39,INR,pending,
GM004595,ORDGM004595,153.29,INR,pending,
GM004596,ORDGM004596,285.59,INR,pending,
GM004597,ORDGM004597,5160.49,INR,pending,
GM004598,ORDGM004598,3099.17,INR,pending,
GM004599,ORDGM004599,1090.33,INR,pending,
GM004600,ORDGM004600,1780.92,INR,pending,
GM004601,ORDGM004601,667.40,INR,pending,
GM004602,ORDGM004602,846.95,INR,pending,
GM004603,ORDGM004603,1425.00,INR,pending,
GM004604,ORDGM004604,2040.08,INR,pending,
GM004605,ORDGM004605,3053.41,INR,pending,
GM004607,ORDGM004607,5131.76,INR,pending,
GM004609,ORDGM004609,522.83,INR,pending,
GM004610,ORDGM004610,396.66,INR,pending,
GM004611,ORDGM004611,684.68,INR,pending,
GM004613,ORDGM004613,1139.86,INR,pending,
GM004614,ORDGM004614,595.20,INR,pending,
GM004615,ORDGM004615,4872.22,INR,pending,
GM004616,ORDGM004616,29.65,INR,pending,
GM004617,ORDGM004617,1385.34,INR,pending,
GM004618,ORDGM004618,1509.86,INR,pending,
GM004619,ORDGM004619,7503.46,INR,pending,
GM004620,ORDGM004620,3072.97,INR,pending,
GM004621,ORDGM004621,5018.72,INR,pending,
GM004622,ORDGM004622,3891.11,INR,pending,
GM004623,ORDGM004623,260.27,INR,pending,
GM004624,ORDGM004624,361.46,INR,pending,
GM004625,ORDGM004625,569.38,INR,pending,
GM004626,ORDGM004626,2431.58,INR,pending,
GM004627,ORDGM004627,643.89,INR,pending,
GM004628,ORDGM004628,2584.38,INR,pending,
GM004629,ORDGM004629,2619.14,INR,pending,
GM004630,ORDGM004630,1238.18,INR,pending,
GM004631,ORDGM004631,269.03,INR,pending,
GM004632,ORDGM004632,556.24,INR,pending,
GM004634,ORDGM004634,2600.93,INR,pending,
GM004635,ORDGM004635,1191.21,INR,pending,
GM004636,ORDGM004636,919.68,INR,pending,
GM004638,ORDGM004638,2136.58,INR,pending,
GM004639,ORDGM004639,809.84,INR,pending,
GM004640,ORDGM004640,235.25,INR,pending,
GM004641,ORDGM004641,1145.05,INR,pending,
GM004642,ORDGM004642,6577.46,INR,pending,
GM004643,ORDGM004643,3510.80,INR,pending,
GM004644,ORDGM004644,1875.90,INR,pending,
GM004645,ORDGM004645,6268.10,INR,pending,
GM004646,ORDGM004646,3517.68,INR,pending,
GM004647,ORDGM004647,254.62,INR,pending,
GM004648,ORDGM004648,537.35,INR,pending,
GM004649,ORDGM004649,3923.61,INR,pending,
GM004650,ORDGM004650,520.82,INR,pending,
GM004651,ORDGM004651,2725.37,INR,pending,
GM004652,ORDGM004652,1588.51,INR,pending,
GM004653,ORDGM004653,1947.95,INR,pending,
GM004654,ORDGM004654,128.80,INR,pending,
GM004655,ORDGM004655,232.00,INR,pending,
GM004656,ORDGM004656,291.81,INR,pending,
GM004657,ORDGM004657,563.72,INR,pending,
GM004658,ORDGM004658,986.06,INR,pending,
GM004659,ORDGM004659,1244.53,INR,pending,
GM004660,ORDGM004660,306.96,INR,pending,
GM004661,ORDGM004661,284.86,INR,pending,
GM004662,ORDGM004662,8946.17,INR,pending,
GM004663,ORDGM004663,573.55,INR,pending,
GM004664,ORDGM004664,150.09,INR,pending,
GM004665,ORDGM004665,827.57,INR,pending,
GM004666,ORDGM004666,5715.97,INR,pending,
GM004667,ORDGM004667,2169.28,INR,pending,
GM004668,ORDGM004668,3005.57,INR,pending,
GM004669,ORDGM004669,980.68,INR,pending,
GM004670,ORDGM004670,3039.08,INR,pending,
GM004671,ORDGM004671,2631.04,INR,pending,
GM004672,ORDGM004672,1778.40,INR,pending,
GM004673,ORDGM004673,459.36,INR,pending,
GM004674,ORDGM004674,1740.46,INR,pending,
GM004675,ORDGM004675,554.79,INR,pending,
GM004676,ORDGM004676,2000.64,INR,pending,
GM004677,ORDGM004677,306.10,INR,pending,
GM004678,ORDGM004678,1761.03,INR,pending,
GM004679,ORDGM004679,867.57,INR,pending,
GM004680,ORDGM004680,3491.53,INR,pending,
GM004681,ORDGM004681,2255.98,INR,pending,
GM004682,ORDGM004682,721.65,INR,pending,
GM004683,ORDGM004683,967.90,INR,pending,
GM004684,ORDGM004684,4601.60,INR,pending,
GM004685,ORDGM004685,2689.11,INR,pending,
GM004686,ORDGM004686,802.54,INR,pending,
GM004687,ORDGM004687,2741.83,INR,pending,
GM004688,ORDGM004688,453.36,INR,pending,
GM004689,ORDGM004689,1315.42,INR,pending,
GM004690,ORDGM004690,2824.26,INR,pending,
GM004691,ORDGM004691,11209.39,INR,pending,
GM004692,ORDGM004692,2773.30,INR,pending,
GM004693,ORDGM004693,2495.50,INR,pending,
GM004694,ORDGM004694,781.24,INR,pending,
GM004695,ORDGM004695,1268.08,INR,pending,
GM004696,ORDGM004696,1831.41,INR,pending,
GM004697,ORDGM004697,2433.54,INR,pending,
GM004698,ORDGM004698,1233.51,INR,pending,
GM004699,ORDGM004699,2112.54,INR,pending,
GM004700,ORDGM004700,88.37,INR,pending,
GM004701,ORDGM004701,508.09,INR,pending,
GM004702,ORDGM004702,903.93,INR,pending,
GM004703,ORDGM004703,5738.75,INR,pending,
GM004704,ORDGM004704,376.28,INR,pending,
GM004705,ORDGM004705,3340.83,INR,pending,
GM004706,ORDGM004706,4504.09,INR,pending,
GM004707,ORDGM004707,334.50,INR,pending,
GM004709,ORDGM004709,396.32,INR,pending,
GM004710,ORDGM004710,1661.10,INR,pending,
GM004711,ORDGM004711,365.46,INR,pending,
GM004713,ORDGM004713,781.97,INR,pending,
GM004714,ORDGM004714,2244.82,INR,pending,
GM004715,ORDGM004715,744.09,INR,pending,
GM004716,ORDGM004716,339.23,INR,pending,
GM004717,ORDGM004717,726.09,INR,pending,
GM004718,ORDGM004718,488.68,INR,pending,
GM004719,ORDGM004719,516.91,INR,pending,
GM004720,ORDGM004720,278.80,INR,pending,
GM004721,ORDGM004721,1459.38,INR,pending,
GM004722,ORDGM004722,1107.99,INR,pending,
GM004723,ORDGM004723,3845.40,INR,pending,
GM004724,ORDGM004724,2667.48,INR,pending,
GM004725,ORDGM004725,1232.41,INR,pending,
GM004726,ORDGM004726,1859.87,INR,pending,
GM004727,ORDGM004727,2039.30,INR,pending,
GM004728,ORDGM004728,283.70,INR,pending,
GM004729,ORDGM004729,307.21,INR,pending,
GM004730,ORDGM004730,1715.05,INR,pending,
GM004731,ORDGM004731,362.57,INR,pending,
GM004732,ORDGM004732,1903.61,INR,pending,
GM004733,ORDGM004733,257.44,INR,pending,
GM004734,ORDGM004734,1817.74,INR,pending,
GM004735,ORDGM004735,4540.46,INR,pending,
GM004737,ORDGM004737,256.74,INR,pending,
GM004738,ORDGM004738,1809.90,INR,pending,
GM004739,ORDGM004739,1083.72,INR,pending,
GM004740,ORDGM004740,2341.82,INR,pending,
GM004741,ORDGM004741,537.92,INR,pending,
GM004742,ORDGM004742,2303.63,INR,pending,
GM004743,ORDGM004743,433.30,INR,pending,
GM004744,ORDGM004744,239.76,INR,pending,
GM004745,ORDGM004745,645.79,INR,pending,
GM004746,ORDGM004746,235.31,INR,pending,
GM004748,ORDGM004748,1405.21,INR,pending,
GM004749,ORDGM004749,279.25,INR,pending,
GM004750,ORDGM004750,194.75,INR,pending,
GM004751,ORDGM004751,1307.59,INR,pending,
GM004752,ORDGM004752,1099.25,INR,pending,
GM004753,ORDGM004753,83.31,INR,pending,
GM004754,ORDGM004754,2017.31,INR,pending,
GM004755,ORDGM004755,8266.05,INR,pending,
GM004756,ORDGM004756,1755.44,INR,pending,
GM004757,ORDGM004757,1893.32,INR,pending,
GM004758,ORDGM004758,2509.75,INR,pending,
GM004760,ORDGM004760,1493.62,INR,pending,
GM004761,ORDGM004761,514.03,INR,pending,
GM004762,ORDGM004762,873.46,INR,pending,
GM004763,ORDGM004763,529.70,INR,pending,
GM004764,ORDGM004764,510.40,INR,pending,
GM004765,ORDGM004765,1632.33,INR,pending,
GM004766,ORDGM004766,1770.51,INR,pending,
GM004767,ORDGM004767,230.08,INR,pending,
GM004769,ORDGM004769,1141.25,INR,pending,
GM004770,ORDGM004770,1537.60,INR,pending,
GM004772,ORDGM004772,1403.56,INR,pending,
GM004773,ORDGM004773,1073.49,INR,pending,
GM004774,ORDGM004774,1562.83,INR,pending,
GM004775,ORDGM004775,966.40,INR,pending,
GM004776,ORDGM004776,2416.04,INR,pending,
GM004777,ORDGM004777,489.27,INR,pending,
GM004778,ORDGM004778,1623.41,INR,pending,
GM004779,ORDGM004779,1003.13,INR,pending,
GM004780,ORDGM004780,1168.51,INR,pending,
GM004781,ORDGM004781,9.31,INR,pending,
GM004782,ORDGM004782,3732.96,INR,pending,
GM004783,ORDGM004783,2637.26,INR,pending,
GM004784,ORDGM004784,8082.33,INR,pending,
GM004785,ORDGM004785,1759.52,INR,pending,
GM004786,ORDGM004786,7271.76,INR,pending,
GM004787,ORDGM004787,264.63,INR,pending,
GM004788,ORDGM004788,2743.07,INR,pending,
GM004789,ORDGM004789,1569.00,INR,pending,
GM004790,ORDGM004790,476.23,INR,pending,
GM004791,ORDGM004791,893.10,INR,pending,
GM004792,ORDGM004792,1094.63,INR,pending,
GM004793,ORDGM004793,2122.50,INR,pending,
GM004794,ORDGM004794,1165.57,INR,pending,
GM004795,ORDGM004795,1637.49,INR,pending,
GM004796,ORDGM004796,2364.51,INR,pending,
GM004797,ORDGM004797,987.91,INR,pending,
GM004798,ORDGM004798,528.58,INR,pending,
GM004799,ORDGM004799,72.74,INR,pending,
GM004800,ORDGM004800,1619.74,INR,pending,
GM004801,ORDGM004801,1073.73,INR,pending,
GM004802,ORDGM004802,5468.23,INR,pending,
GM004803,ORDGM004803,3248.71,INR,pending,
GM004805,ORDGM004805,207.68,INR,pending,
GM004806,ORDGM004806,5342.89,INR,pending,
GM004807,ORDGM004807,7832.14,INR,pending,
GM004808,ORDGM004808,2404.27,INR,pending,
GM004809,ORDGM004809,10973.28,INR,pending,
GM004810,ORDGM004810,3513.51,INR,pending,
GM004811,ORDGM004811,2495.60,INR,pending,
GM004812,ORDGM004812,4212.78,INR,pending,
GM004813,ORDGM004813,3759.06,INR,pending,
GM004814,ORDGM004814,838.67,INR,pending,
GM004815,ORDGM004815,1654.71,INR,pending,
GM004816,ORDGM004816,203.53,INR,pending,
GM004817,ORDGM004817,630.00,INR,pending,
GM004818,ORDGM004818,5777.96,INR,pending,
GM004819,ORDGM004819,135.88,INR,pending,
GM004820,ORDGM004820,654.17,INR,pending,
GM004821,ORDGM004821,71.20,INR,pending,
GM004822,ORDGM004822,1999.19,INR,pending,
GM004823,ORDGM004823,1998.38,INR,pending,
GM004824,ORDGM004824,945.75,INR,pending,
GM004825,ORDGM004825,1787.93,INR,pending,
GM004826,ORDGM004826,2536.12,INR,pending,
GM004827,ORDGM004827,563.62,INR,pending,
GM004828,ORDGM004828,5761.42,INR,pending,
GM004829,ORDGM004829,706.67,INR,pending,
GM004830,ORDGM004830,1906.23,INR,pending,
GM004831,ORDGM004831,586.79,INR,pending,
GM004832,ORDGM004832,1302.00,INR,pending,
GM004833,ORDGM004833,1213.36,INR,pending,
GM004834,ORDGM004834,1531.22,INR,pending,
GM004835,ORDGM004835,2019.66,INR,pending,
GM004836,ORDGM004836,993.32,INR,pending,
GM004837,ORDGM004837,39.49,INR,pending,
GM004838,ORDGM004838,2970.54,INR,pending,
GM004839,ORDGM004839,813.35,INR,pending,
GM004840,ORDGM004840,2377.15,INR,pending,
GM004841,ORDGM004841,328.70,INR,pending,
GM004842,ORDGM004842,1285.55,INR,pending,
GM004843,ORDGM004843,380.96,INR,pending,
GM004844,ORDGM004844,124.00,INR,pending,
GM004845,ORDGM004845,1316.82,INR,pending,
GM004846,ORDGM004846,577.23,INR,pending,
GM004847,ORDGM004847,2342.18,INR,pending,
GM004848,ORDGM004848,3545.82,INR,pending,
GM004849,ORDGM004849,140.09,INR,pending,
GM004850,ORDGM004850,361.49,INR,pending,
GM004851,ORDGM004851,2027.04,INR,pending,
GM004852,ORDGM004852,6404.91,INR,pending,
GM004853,ORDGM004853,1414.35,INR,pending,
GM004854,ORDGM004854,5414.17,INR,pending,
GM004855,ORDGM004855,1640.87,INR,pending,
GM004856,ORDGM004856,419.03,INR,pending,
GM004857,ORDGM004857,1789.44,INR,pending,
GM004858,ORDGM004858,12699.86,INR,pending,
GM004859,ORDGM004859,98.20,INR,pending,
GM004860,ORDGM004860,1912.31,INR,pending,
GM004861,ORDGM004861,2240.27,INR,pending,
GM004862,ORDGM004862,3154.08,INR,pending,
GM004864,ORDGM004864,1759.90,INR,pending,
GM004865,ORDGM004865,1801.18,INR,pending,
GM004866,ORDGM004866,2532.52,INR,pending,
GM004867,ORDGM004867,638.17,INR,pending,
GM004868,ORDGM004868,437.05,INR,pending,
GM004869,ORDGM004869,4120.22,INR,pending,
GM004870,ORDGM004870,281.39,INR,pending,
GM004871,ORDGM004871,2705.95,INR,pending,
GM004872,ORDGM004872,853.00,INR,pending,
GM004875,ORDGM004875,3747.32,INR,pending,
GM004876,ORDGM004876,3825.99,INR,pending,
GM004877,ORDGM004877,1313.00,INR,pending,
GM004878,ORDGM004878,1405.08,INR,pending,
GM004879,ORDGM004879,590.02,INR,pending,
GM004880,ORDGM004880,1499.27,INR,pending,
GM004881,ORDGM004881,1937.38,INR,pending,
GM004882,ORDGM004882,1880.68,INR,pending,
GM004883,ORDGM004883,1179.22,INR,pending,
GM004884,ORDGM004884,1888.79,INR,pending,
GM004885,ORDGM004885,790.00,INR,pending,
GM004886,ORDGM004886,4735.46,INR,pending,
GM004887,ORDGM004887,673.42,INR,pending,
GM004888,ORDGM004888,1900.93,INR,pending,
GM004889,ORDGM004889,487.90,INR,pending,
GM004890,ORDGM004890,606.24,INR,pending,
GM004891,ORDGM004891,7831.23,INR,pending,
GM004892,ORDGM004892,1089.19,INR,pending,
GM004893,ORDGM004893,2871.21,INR,pending,
GM004894,ORDGM004894,557.62,INR,pending,
GM004895,ORDGM004895,339.96,INR,pending,
GM004896,ORDGM004896,302.52,INR,pending,
GM004897,ORDGM004897,224.86,INR,pending,
GM004898,ORDGM004898,4153.22,INR,pending,
GM004899,ORDGM004899,1982.06,INR,pending,
GM004900,ORDGM004900,2095.17,INR,pending,
GM004902,ORDGM004902,474.42,INR,pending,
GM004903,ORDGM004903,171.22,INR,pending,
GM004904,ORDGM004904,6325.47,INR,pending,
GM004905,ORDGM004905,534.51,INR,pending,
GM004906,ORDGM004906,2135.43,INR,pending,
GM004907,ORDGM004907,632.51,INR,pending,
GM004909,ORDGM004909,6569.78,INR,pending,
GM004910,ORDGM004910,132.81,INR,pending,
GM004911,ORDGM004911,693.50,INR,pending,
GM004912,ORDGM004912,1002.67,INR,pending,
GM004913,ORDGM004913,1790.20,INR,pending,
GM004915,ORDGM004915,4855.38,INR,pending,
GM004916,ORDGM004916,22.32,INR,pending,
GM004917,ORDGM004917,757.31,INR,pending,
GM004918,ORDGM004918,2966.84,INR,pending,
GM004919,ORDGM004919,1736.02,INR,pending,
GM004920,ORDGM004920,6.02,INR,pending,
GM004921,ORDGM004921,2185.37,INR,pending,
GM004922,ORDGM004922,322.08,INR,pending,
GM004923,ORDGM004923,2101.57,INR,pending,
GM004924,ORDGM004924,3551.31,INR,pending,
GM004925,ORDGM004925,326.71,INR,pending,
GM004926,ORDGM004926,2054.71,INR,pending,
GM004928,ORDGM004928,8590.71,INR,pending,
GM004929,ORDGM004929,773.72,INR,pending,
GM004930,ORDGM004930,158.07,INR,pending,
GM004931,ORDGM004931,2189.95,INR,pending,
GM004932,ORDGM004932,1629.70,INR,pending,
GM004933,ORDGM004933,482.17,INR,pending,
GM004934,ORDGM004934,4731.99,INR,pending,
GM004935,ORDGM004935,63.88,INR,pending,
GM004936,ORDGM004936,628.23,INR,pending,
GM004937,ORDGM004937,2792.13,INR,pending,
GM004938,ORDGM004938,86.44,INR,pending,
GM004939,ORDGM004939,3109.09,INR,pending,
GM004940,ORDGM004940,333.70,INR,pending,
GM004941,ORDGM004941,2189.86,INR,pending,
GM004942,ORDGM004942,291.78,INR,pending,
GM004943,ORDGM004943,2299.06,INR,pending,
GM004944,ORDGM004944,2826.16,INR,pending,
GM004945,ORDGM004945,1603.16,INR,pending,
GM004946,ORDGM004946,1150.65,INR,pending,
GM004947,ORDGM004947,2608.12,INR,pending,
GM004948,ORDGM004948,367.04,INR,pending,
GM004949,ORDGM004949,777.09,INR,pending,
GM004950,ORDGM004950,1361.66,INR,pending,
GM004951,ORDGM004951,3083.38,INR,pending,
GM004952,ORDGM004952,2219.52,INR,pending,
GM004953,ORDGM004953,194.01,INR,pending,
GM004954,ORDGM004954,762.51,INR,pending,
GM004955,ORDGM004955,325.86,INR,pending,
GM004956,ORDGM004956,2186.42,INR,pending,
GM004957,ORDGM004957,1529.09,INR,pending,
GM004958,ORDGM004958,5086.04,INR,pending,
GM004959,ORDGM004959,223.14,INR,pending,
GM004960,ORDGM004960,250.81,INR,pending,
GM004961,ORDGM004961,3399.29,INR,pending,
GM004962,ORDGM004962,1099.44,INR,pending,
GM004963,ORDGM004963,303.73,INR,pending,
GM004964,ORDGM004964,830.34,INR,pending,
GM004965,ORDGM004965,1315.85,INR,pending,
GM004966,ORDGM004966,5446.91,INR,pending,
GM004967,ORDGM004967,2988.72,INR,pending,
GM004968,ORDGM004968,1134.68,INR,pending,
GM004969,ORDGM004969,1789.64,INR,pending,
GM004970,ORDGM004970,891.53,INR,pending,
GM004971,ORDGM004971,3008.68,INR,pending,
GM004972,ORDGM004972,1346.82,INR,pending,
GM004973,ORDGM004973,247.61,INR,pending,
GM004974,ORDGM004974,3308.50,INR,pending,
GM004975,ORDGM004975,153.54,INR,pending,
GM004976,ORDGM004976,1644.56,INR,pending,
GM004977,ORDGM004977,621.29,INR,pending,
GM004978,ORDGM004978,1112.78,INR,pending,
GM004979,ORDGM004979,97.48,INR,pending,
GM004980,ORDGM004980,343.69,INR,pending,
GM004981,ORDGM004981,2382.28,INR,pending,
GM004982,ORDGM004982,2499.25,INR,pending,
GM004983,ORDGM004983,407.12,INR,pending,
GM004984,ORDGM004984,530.20,INR,pending,
GM004985,ORDGM004985,1870.51,INR,pending,
GM004986,ORDGM004986,10032.46,INR,pending,
GM004987,ORDGM004987,2807.75,INR,pending,
GM004988,ORDGM004988,2972.16,INR,pending,
GM004989,ORDGM004989,1033.85,INR,pending,
GM004990,ORDGM004990,2068.19,INR,pending,
GM004991,ORDGM004991,1372.24,INR,pending,
GM004992,ORDGM004992,161.27,INR,pending,
GM004993,ORDGM004993,191.79,INR,pending,
GM004994,ORDGM004994,1893.44,INR,pending,
GM004995,ORDGM004995,1193.89,INR,pending,
GM004996,ORDGM004996,6130.76,INR,pending,
GM004997,ORDGM004997,213.40,INR,pending,
GM004998,ORDGM004998,560.36,INR,pending,
GM004999,ORDGM004999,3599.15,INR,pending,
GM005000,ORDGM005000,377.10,INR,pending,
GM005001,ORDGM005001,5264.89,INR,pending,
GM005002,ORDGM005002,1387.28,INR,pending,
GM005003,ORDGM005003,662.96,INR,pending,
GM005004,ORDGM005004,3296.52,INR,pending,
GM005005,ORDGM005005,1057.50,INR,pending,
GM005006,ORDGM005006,11002.74,INR,pending,
GM005008,ORDGM005008,863.92,INR,pending,
GM005009,ORDGM005009,3150.52,INR,pending,
GM005010,ORDGM005010,2660.61,INR,pending,
GM005011,ORDGM005011,2323.92,INR,pending,
GM005012,ORDGM005012,3149.54,INR,pending,
GM005013,ORDGM005013,2260.45,INR,pending,
GM005014,ORDGM005014,814.62,INR,pending,
GM005016,ORDGM005016,1164.34,INR,pending,
GM005017,ORDGM005017,91.98,INR,pending,
GM005019,ORDGM005019,224.55,INR,pending,
GM005020,ORDGM005020,6010.23,INR,pending,
GM005021,ORDGM005021,1389.40,INR,pending,
GM005022,ORDGM005022,692.39,INR,pending,
GM005024,ORDGM005024,1.29,INR,pending,
GM005025,ORDGM005025,752.43,INR,pending,
GM005027,ORDGM005027,96.80,INR,pending,
GM005028,ORDGM005028,7598.74,INR,pending,
GM005030,ORDGM005030,673.62,INR,pending,
GM005031,ORDGM005031,394.92,INR,pending,
GM005032,ORDGM005032,1174.76,INR,pending,
GM005033,ORDGM005033,2522.91,INR,pending,
GM005034,ORDGM005034,2475.65,INR,pending,
GM005035,ORDGM005035,142.08,INR,pending,
GM005036,ORDGM005036,1487.32,INR,pending,
GM005037,ORDGM005037,2868.79,INR,pending,
GM005038,ORDGM005038,2822.70,INR,pending,
GM005039,ORDGM005039,278.76,INR,pending,
GM005040,ORDGM005040,623.21,INR,pending,
GM005041,ORDGM005041,2330.18,INR,pending,
GM005042,ORDGM005042,4964.98,INR,pending,
GM005043,ORDGM005043,1140.31,INR,pending,
GM005044,ORDGM005044,1018.48,INR,pending,
GM005045,ORDGM005045,4638.01,INR,pending,
GM005046,ORDGM005046,1653.38,INR,pending,
GM005047,ORDGM005047,1369.66,INR,pending,
GM005048,ORDGM005048,1580.03,INR,pending,
GM005050,ORDGM005050,95.57,INR,pending,
GM005051,ORDGM005051,3179.88,INR,pending,
GM005052,ORDGM005052,2087.05,INR,pending,
GM005053,ORDGM005053,5976.54,INR,pending,
GM005055,ORDGM005055,6581.74,INR,pending,
GM005056,ORDGM005056,4335.28,INR,pending,
GM005057,ORDGM005057,1345.94,INR,pending,
GM005058,ORDGM005058,2259.59,INR,pending,
GM005059,ORDGM005059,269.59,INR,pending,
GM005060,ORDGM005060,766.67,INR,pending,
GM005061,ORDGM005061,2908.57,INR,pending,
GM005062,ORDGM005062,1444.04,INR,pending,
GM005063,ORDGM005063,2332.50,INR,pending,
GM005064,ORDGM005064,827.92,INR,pending,
GM005065,ORDGM005065,225.83,INR,pending,
GM005067,ORDGM005067,2496.08,INR,pending,
GM005068,ORDGM005068,512.40,INR,pending,
GM005069,ORDGM005069,1764.97,INR,pending,
GM005070,ORDGM005070,486.90,INR,pending,
GM005071,ORDGM005071,2687.54,INR,pending,
GM005073,ORDGM005073,157.10,INR,pending,
GM005074,ORDGM005074,1208.43,INR,pending,
GM005075,ORDGM005075,208.24,INR,pending,
GM005076,ORDGM005076,4181.64,INR,pending,
GM005077,ORDGM005077,611.41,INR,pending,
GM005078,ORDGM005078,950.44,INR,pending,
GM005079,ORDGM005079,3141.54,INR,pending,
GM005080,ORDGM005080,392.95,INR,pending,
GM005081,ORDGM005081,897.42,INR,pending,
GM005082,ORDGM005082,21.95,INR,pending,
GM005083,ORDGM005083,1569.28,INR,pending,
GM005084,ORDGM005084,962.94,INR,pending,
GM005085,ORDGM005085,2024.16,INR,pending,
GM005086,ORDGM005086,996.59,INR,pending,
GM005087,ORDGM005087,461.86,INR,pending,
GM005088,ORDGM005088,426.46,INR,pending,
GM005089,ORDGM005089,496.01,INR,pending,
GM005090,ORDGM005090,405.62,INR,pending,
GM005091,ORDGM005091,1360.77,INR,pending,
GM005092,ORDGM005092,2619.97,INR,pending,
GM005093,ORDGM005093,2426.20,INR,pending,
GM005095,ORDGM005095,950.48,INR,pending,
GM005096,ORDGM005096,1076.21,INR,pending,
GM005097,ORDGM005097,8293.28,INR,pending,
GM005099,ORDGM005099,1272.81,INR,pending,
GM005100,ORDGM005100,1219.25,INR,pending,
GM005102,ORDGM005102,512.01,INR,pending,
GM005103,ORDGM005103,403.72,INR,pending,
GM005104,ORDGM005104,2746.88,INR,pending,
GM005105,ORDGM005105,144.06,INR,pending,
GM005106,ORDGM005106,1529.38,INR,pending,
GM005107,ORDGM005107,943.50,INR,pending,
GM005109,ORDGM005109,3829.70,INR,pending,
GM005110,ORDGM005110,969.39,INR,pending,
GM005111,ORDGM005111,169.89,INR,pending,
GM005112,ORDGM005112,805.08,INR,pending,
GM005113,ORDGM005113,7029.63,INR,pending,
GM005114,ORDGM005114,681.15,INR,pending,
GM005115,ORDGM005115,3775.34,INR,pending,
GM005116,ORDGM005116,738.90,INR,pending,
GM005117,ORDGM005117,499.62,INR,pending,
GM005118,ORDGM005118,739.14,INR,pending,
GM005119,ORDGM005119,3806.91,INR,pending,
GM005120,ORDGM005120,1817.68,INR,pending,
GM005121,ORDGM005121,710.96,INR,pending,
GM005122,ORDGM005122,1337.96,INR,pending,
GM005123,ORDGM005123,948.25,INR,pending,
GM005124,ORDGM005124,1604.87,INR,pending,
GM005125,ORDGM005125,1882.89,INR,pending,
GM005126,ORDGM005126,82.92,INR,pending,
GM005127,ORDGM005127,88.98,INR,pending,
GM005128,ORDGM005128,6455.42,INR,pending,
GM005129,ORDGM005129,1768.09,INR,pending,
GM005130,ORDGM005130,3492.84,INR,pending,
GM005131,ORDGM005131,3222.59,INR,pending,
GM005132,ORDGM005132,720.70,INR,pending,
GM005133,ORDGM005133,2157.45,INR,pending,
GM005134,ORDGM005134,53.51,INR,pending,
GM005135,ORDGM005135,4149.00,INR,pending,
GM005136,ORDGM005136,699.46,INR,pending,
GM005137,ORDGM005137,5598.82,INR,pending,
GM005138,ORDGM005138,1280.47,INR,pending,
GM005139,ORDGM005139,1173.77,INR,pending,
GM005140,ORDGM005140,2376.71,INR,pending,
GM005141,ORDGM005141,1134.64,INR,pending,
GM005144,ORDGM005144,6134.67,INR,pending,
GM005145,ORDGM005145,4849.17,INR,pending,
GM005147,ORDGM005147,146.21,INR,pending,
GM005148,ORDGM005148,4485.53,INR,pending,
GM005149,ORDGM005149,75.15,INR,pending,
GM005150,ORDGM005150,1241.63,INR,pending,
GM005151,ORDGM005151,990.39,INR,pending,
GM005152,ORDGM005152,444.43,INR,pending,
GM005153,ORDGM005153,1279.76,INR,pending,
GM005154,ORDGM005154,393.64,INR,pending,
GM005155,ORDGM005155,1040.64,INR,pending,
GM005156,ORDGM005156,313.88,INR,pending,
GM005157,ORDGM005157,3535.24,INR,pending,
GM005158,ORDGM005158,857.04,INR,pending,
GM005159,ORDGM005159,3349.93,INR,pending,
GM005160,ORDGM005160,1054.89,INR,pending,
GM005161,ORDGM005161,1771.31,INR,pending,
GM005163,ORDGM005163,3089.34,INR,pending,
GM005164,ORDGM005164,1957.52,INR,pending,
GM005165,ORDGM005165,1447.63,INR,pending,
GM005166,ORDGM005166,4030.32,INR,pending,
GM005167,ORDGM005167,805.82,INR,pending,
GM005168,ORDGM005168,3393.83,INR,pending,
GM005169,ORDGM005169,836.64,INR,pending,
GM005170,ORDGM005170,1994.04,INR,pending,
GM005171,ORDGM005171,5427.76,INR,pending,
GM005172,ORDGM005172,3637.83,INR,pending,
GM005173,ORDGM005173,336.39,INR,pending,
GM005174,ORDGM005174,1091.51,INR,pending,
GM005175,ORDGM005175,4141.96,INR,pending,
GM005176,ORDGM005176,4087.48,INR,pending,
GM005177,ORDGM005177,9359.56,INR,pending,
GM005178,ORDGM005178,5595.45,INR,pending,
GM005179,ORDGM005179,1595.60,INR,pending,
GM005180,ORDGM005180,191.65,INR,pending,
GM005182,ORDGM005182,4263.51,INR,pending,
GM005183,ORDGM005183,58.54,INR,pending,
GM005184,ORDGM005184,1424.50,INR,pending,
GM005185,ORDGM005185,1279.45,INR,pending,
GM005186,ORDGM005186,805.08,INR,pending,
GM005187,ORDGM005187,4621.71,INR,pending,
GM005188,ORDGM005188,4892.38,INR,pending,
GM005189,ORDGM005189,6565.77,INR,pending,
GM005190,ORDGM005190,1657.69,INR,pending,
GM005191,ORDGM005191,2329.33,INR,pending,
GM005192,ORDGM005192,44.10,INR,pending,
GM005193,ORDGM005193,162.63,INR,pending,
GM005194,ORDGM005194,297.23,INR,pending,
GM005195,ORDGM005195,510.30,INR,pending,
GM005196,ORDGM005196,545.81,INR,pending,
GM005197,ORDGM005197,619.68,INR,pending,
GM005198,ORDGM005198,989.07,INR,pending,
GM005199,ORDGM005199,111.19,INR,pending,
GM005200,ORDGM005200,2253.05,INR,pending,
GM005201,ORDGM005201,1895.83,INR,pending,
GM005202,ORDGM005202,4487.06,INR,pending,
GM005203,ORDGM005203,330.72,INR,pending,
GM005204,ORDGM005204,188.88,INR,pending,
GM005206,ORDGM005206,826.26,INR,pending,
GM005207,ORDGM005207,597.68,INR,pending,
GM005208,ORDGM005208,4981.20,INR,pending,
GM005209,ORDGM005209,251.48,INR,pending,
GM005211,ORDGM005211,606.83,INR,pending,
GM005212,ORDGM005212,2641.49,INR,pending,
GM005213,ORDGM005213,828.98,INR,pending,
GM005214,ORDGM005214,114.46,INR,pending,
GM005215,ORDGM005215,1122.61,INR,pending,
GM005216,ORDGM005216,2854.69,INR,pending,
GM005217,ORDGM005217,487.62,INR,pending,
GM005218,ORDGM005218,295.71,INR,pending,
GM005219,ORDGM005219,505.73,INR,pending,
GM005220,ORDGM005220,8905.20,INR,pending,
GM005221,ORDGM005221,7165.49,INR,pending,
GM005222,ORDGM005222,844.79,INR,pending,
GM005224,ORDGM005224,894.59,INR,pending,
GM005225,ORDGM005225,755.23,INR,pending,
GM005226,ORDGM005226,324.97,INR,pending,
GM005228,ORDGM005228,1463.15,INR,pending,
GM005229,ORDGM005229,2997.76,INR,pending,
GM005230,ORDGM005230,605.03,INR,pending,
GM005233,ORDGM005233,2308.08,INR,pending,
GM005234,ORDGM005234,2324.45,INR,pending,
GM005235,ORDGM005235,1106.88,INR,pending,
GM005236,ORDGM005236,546.32,INR,pending,
GM005237,ORDGM005237,546.10,INR,pending,
GM005238,ORDGM005238,2420.12,INR,pending,
GM005239,ORDGM005239,851.39,INR,pending,
GM005240,ORDGM005240,18.07,INR,pending,
GM005241,ORDGM005241,546.30,INR,pending,
GM005243,ORDGM005243,1627.68,INR,pending,
GM005244,ORDGM005244,2168.50,INR,pending,
GM005245,ORDGM005245,2022.14,INR,pending,
GM005246,ORDGM005246,4665.66,INR,pending,
GM005247,ORDGM005247,739.20,INR,pending,
GM005248,ORDGM005248,600.23,INR,pending,
GM005249,ORDGM005249,2431.23,INR,pending,
GM005250,ORDGM005250,392.22,INR,pending,
GM005251,ORDGM005251,300.11,INR,pending,
GM005252,ORDGM005252,6845.79,INR,pending,
GM005253,ORDGM005253,130.62,INR,pending,
GM005254,ORDGM005254,164.93,INR,pending,
GM005255,ORDGM005255,3289.47,INR,pending,
GM005256,ORDGM005256,3633.66,INR,pending,
GM005257,ORDGM005257,1926.20,INR,pending,
GM005258,ORDGM005258,4046.38,INR,pending,
GM005259,ORDGM005259,4620.04,INR,pending,
GM005260,ORDGM005260,2055.64,INR,pending,
GM005261,ORDGM005261,2290.73,INR,pending,
GM005262,ORDGM005262,1583.54,INR,pending,
GM005263,ORDGM005263,5237.54,INR,pending,
GM005264,ORDGM005264,2989.57,INR,pending,
GM005265,ORDGM005265,762.95,INR,pending,
GM005266,ORDGM005266,3386.23,INR,pending,
GM005267,ORDGM005267,2188.85,INR,pending,
GM005268,ORDGM005268,1777.61,INR,pending,
GM005269,ORDGM005269,503.76,INR,pending,
GM005270,ORDGM005270,2029.91,INR,pending,
GM005271,ORDGM005271,13.89,INR,pending,
GM005272,ORDGM005272,114.05,INR,pending,
GM005273,ORDGM005273,954.91,INR,pending,
GM005274,ORDGM005274,306.41,INR,pending,
GM005275,ORDGM005275,442.17,INR,pending,
GM005276,ORDGM005276,89.19,INR,pending,
GM005277,ORDGM005277,318.04,INR,pending,
GM005278,ORDGM005278,1279.81,INR,pending,
GM005280,ORDGM005280,2543.25,INR,pending,
GM005281,ORDGM005281,3018.70,INR,pending,
GM005282,ORDGM005282,2558.06,INR,pending,
GM005283,ORDGM005283,2343.23,INR,pending,
GM005284,ORDGM005284,2143.35,INR,pending,
GM005285,ORDGM005285,7536.67,INR,pending,
GM005286,ORDGM005286,1009.63,INR,pending,
GM005287,ORDGM005287,2015.88,INR,pending,
GM005288,ORDGM005288,870.91,INR,pending,
GM005289,ORDGM005289,3584.54,INR,pending,
GM005290,ORDGM005290,2457.79,INR,pending,
GM005291,ORDGM005291,4860.15,INR,pending,
GM005292,ORDGM005292,242.23,INR,pending,
GM005293,ORDGM005293,192.28,INR,pending,
GM005294,ORDGM005294,1939.77,INR,pending,
GM005295,ORDGM005295,2052.45,INR,pending,
GM005296,ORDGM005296,119.27,INR,pending,
GM005297,ORDGM005297,1488.02,INR,pending,
GM005298,ORDGM005298,1582.53,INR,pending,
GM005299,ORDGM005299,3715.22,INR,pending,
GM005300,ORDGM005300,826.88,INR,pending,
GM005301,ORDGM005301,2379.99,INR,pending,
GM005302,ORDGM005302,3754.09,INR,pending,
GM005303,ORDGM005303,121.95,INR,pending,
GM005304,ORDGM005304,3746.05,INR,pending,
GM005305,ORDGM005305,3215.74,INR,pending,
GM005306,ORDGM005306,564.21,INR,pending,
GM005307,ORDGM005307,1685.82,INR,pending,
GM005308,ORDGM005308,3150.09,INR,pending,
GM005309,ORDGM005309,155.57,INR,pending,
GM005310,ORDGM005310,3297.26,INR,pending,
GM005311,ORDGM005311,2938.47,INR,pending,
GM005312,ORDGM005312,417.48,INR,pending,
GM005313,ORDGM005313,39.94,INR,pending,
GM005314,ORDGM005314,3125.24,INR,pending,
GM005315,ORDGM005315,140.10,INR,pending,
GM005316,ORDGM005316,301.07,INR,pending,
GM005317,ORDGM005317,1986.95,INR,pending,
GM005318,ORDGM005318,1268.73,INR,pending,
GM005319,ORDGM005319,209.52,INR,pending,
GM005320,ORDGM005320,543.46,INR,pending,
GM005321,ORDGM005321,2232.80,INR,pending,
GM005322,ORDGM005322,4870.89,INR,pending,
GM005323,ORDGM005323,2419.65,INR,pending,
GM005324,ORDGM005324,74.76,INR,pending,
GM005325,ORDGM005325,2726.39,INR,pending,
GM005326,ORDGM005326,829.73,INR,pending,
GM005327,ORDGM005327,431.67,INR,pending,
GM005328,ORDGM005328,2606.77,INR,pending,
GM005329,ORDGM005329,1154.29,INR,pending,
GM005330,ORDGM005330,1166.29,INR,pending,
GM005331,ORDGM005331,274.17,INR,pending,
GM005332,ORDGM005332,42.28,INR,pending,
GM005333,ORDGM005333,199.90,INR,pending,
GM005334,ORDGM005334,2627.95,INR,pending,
GM005335,ORDGM005335,262.22,INR,pending,
GM005336,ORDGM005336,309.48,INR,pending,
GM005337,ORDGM005337,599.84,INR,pending,
GM005338,ORDGM005338,2967.95,INR,pending,
GM005339,ORDGM005339,1198.20,INR,pending,
GM005340,ORDGM005340,369.53,INR,pending,
GM005341,ORDGM005341,2382.25,INR,pending,
GM005342,ORDGM005342,5970.40,INR,pending,
GM005343,ORDGM005343,4561.50,INR,pending,
GM005344,ORDGM005344,3481.36,INR,pending,
GM005345,ORDGM005345,857.62,INR,pending,
GM005346,ORDGM005346,519.98,INR,pending,
GM005347,ORDGM005347,3774.53,INR,pending,
GM005348,ORDGM005348,548.76,INR,pending,
GM005349,ORDGM005349,1571.13,INR,pending,
GM005350,ORDGM005350,3054.91,INR,pending,
GM005351,ORDGM005351,2324.80,INR,pending,
GM005352,ORDGM005352,898.15,INR,pending,
GM005353,ORDGM005353,2440.28,INR,pending,
GM005354,ORDGM005354,3595.13,INR,pending,
GM005355,ORDGM005355,2002.72,INR,pending,
GM005356,ORDGM005356,662.13,INR,pending,
GM005357,ORDGM005357,3459.04,INR,pending,
GM005358,ORDGM005358,2106.26,INR,pending,
GM005359,ORDGM005359,1382.26,INR,pending,
GM005360,ORDGM005360,169.38,INR,pending,
GM005361,ORDGM005361,7129.05,INR,pending,
GM005362,ORDGM005362,10294.46,INR,pending,
GM005364,ORDGM005364,416.01,INR,pending,
GM005365,ORDGM005365,1518.87,INR,pending,
GM005366,ORDGM005366,3763.76,INR,pending,
GM005367,ORDGM005367,705.94,INR,pending,
GM005368,ORDGM005368,544.90,INR,pending,
GM005369,ORDGM005369,634.41,INR,pending,
GM005371,ORDGM005371,3815.17,INR,pending,
GM005372,ORDGM005372,242.40,INR,pending,
GM005373,ORDGM005373,1060.21,INR,pending,
GM005374,ORDGM005374,615.43,INR,pending,
GM005375,ORDGM005375,264.81,INR,pending,
GM005376,ORDGM005376,3533.82,INR,pending,
GM005377,ORDGM005377,225.15,INR,pending,
GM005378,ORDGM005378,1074.05,INR,pending,
GM005379,ORDGM005379,2093.98,INR,pending,
GM005380,ORDGM005380,251.40,INR,pending,
GM005381,ORDGM005381,798.58,INR,pending,
GM005382,ORDGM005382,3864.12,INR,pending,
GM005383,ORDGM005383,7484.24,INR,pending,
GM005384,ORDGM005384,5876.88,INR,pending,
GM005385,ORDGM005385,987.45,INR,pending,
GM005386,ORDGM005386,1053.37,INR,pending,
GM005388,ORDGM005388,578.01,INR,pending,
GM005389,ORDGM005389,4389.58,INR,pending,
GM005390,ORDGM005390,351.92,INR,pending,
GM005391,ORDGM005391,559.89,INR,pending,
GM005392,ORDGM005392,3836.37,INR,pending,
GM005393,ORDGM005393,412.74,INR,pending,
GM005394,ORDGM005394,4797.05,INR,pending,
GM005395,ORDGM005395,1798.28,INR,pending,
GM005396,ORDGM005396,249.38,INR,pending,
GM005398,ORDGM005398,1153.71,INR,pending,
GM005399,ORDGM005399,1012.48,INR,pending,
GM005400,ORDGM005400,1122.08,INR,pending,
GM005401,ORDGM005401,1132.10,INR,pending,
GM005402,ORDGM005402,2129.47,INR,pending,
GM005403,ORDGM005403,2844.46,INR,pending,
GM005404,ORDGM005404,2300.48,INR,pending,
GM005405,ORDGM005405,108.59,INR,pending,
GM005406,ORDGM005406,2287.03,INR,pending,
GM005407,ORDGM005407,4364.60,INR,pending,
GM005408,ORDGM005408,1256.00,INR,pending,
GM005409,ORDGM005409,3397.11,INR,pending,
GM005410,ORDGM005410,1886.50,INR,pending,
GM005412,ORDGM005412,229.69,INR,pending,
GM005413,ORDGM005413,1308.65,INR,pending,
GM005414,ORDGM005414,5393.28,INR,pending,
GM005415,ORDGM005415,4134.95,INR,pending,
GM005416,ORDGM005416,1791.07,INR,pending,
GM005417,ORDGM005417,1202.62,INR,pending,
GM005418,ORDGM005418,130.20,INR,pending,
GM005419,ORDGM005419,740.89,INR,pending,
GM005420,ORDGM005420,956.93,INR,pending,
GM005421,ORDGM005421,356.57,INR,pending,
GM005422,ORDGM005422,3695.58,INR,pending,
GM005423,ORDGM005423,2183.18,INR,pending,
GM005425,ORDGM005425,814.59,INR,pending,
GM005426,ORDGM005426,1158.73,INR,pending,
GM005427,ORDGM005427,4145.02,INR,pending,
GM005428,ORDGM005428,878.70,INR,pending,
GM005429,ORDGM005429,1999.83,INR,pending,
GM005430,ORDGM005430,142.22,INR,pending,
GM005431,ORDGM005431,2733.24,INR,pending,
GM005432,ORDGM005432,482.44,INR,pending,
GM005433,ORDGM005433,191.04,INR,pending,
GM005434,ORDGM005434,608.17,INR,pending,
GM005435,ORDGM005435,1399.46,INR,pending,
GM005436,ORDGM005436,4271.82,INR,pending,
GM005438,ORDGM005438,1977.17,INR,pending,
GM005439,ORDGM005439,133.37,INR,pending,
GM005440,ORDGM005440,127.27,INR,pending,
GM005441,ORDGM005441,2821.83,INR,pending,
GM005442,ORDGM005442,1684.74,INR,pending,
GM005443,ORDGM005443,1114.57,INR,pending,
GM005444,ORDGM005444,1125.63,INR,pending,
GM005445,ORDGM005445,752.66,INR,pending,
GM005446,ORDGM005446,1226.84,INR,pending,
GM005447,ORDGM005447,1064.39,INR,pending,
GM005448,ORDGM005448,1790.26,INR,pending,
GM005449,ORDGM005449,2830.07,INR,pending,
GM005450,ORDGM005450,2025.10,INR,pending,
GM005451,ORDGM005451,677.79,INR,pending,
GM005452,ORDGM005452,358.52,INR,pending,
GM005453,ORDGM005453,6878.82,INR,pending,
GM005454,ORDGM005454,77.60,INR,pending,
GM005455,ORDGM005455,471.26,INR,pending,
GM005456,ORDGM005456,2156.29,INR,pending,
GM005457,ORDGM005457,2816.41,INR,pending,
GM005458,ORDGM005458,100.12,INR,pending,
GM005459,ORDGM005459,359.69,INR,pending,
GM005460,ORDGM005460,768.45,INR,pending,
GM005461,ORDGM005461,1862.31,INR,pending,
GM005462,ORDGM005462,144.45,INR,pending,
GM005463,ORDGM005463,3082.75,INR,pending,
GM005465,ORDGM005465,1021.90,INR,pending,
GM005466,ORDGM005466,2038.97,INR,pending,
GM005467,ORDGM005467,328.16,INR,pending,
GM005468,ORDGM005468,502.12,INR,pending,
GM005470,ORDGM005470,2779.25,INR,pending,
GM005471,ORDGM005471,1986.83,INR,pending,
GM005472,ORDGM005472,1220.78,INR,pending,
GM005473,ORDGM005473,5587.47,INR,pending,
GM005474,ORDGM005474,2586.22,INR,pending,
GM005475,ORDGM005475,2736.38,INR,pending,
GM005476,ORDGM005476,7226.41,INR,pending,
GM005477,ORDGM005477,227.75,INR,pending,
GM005478,ORDGM005478,3327.85,INR,pending,
GM005479,ORDGM005479,1257.15,INR,pending,
GM005480,ORDGM005480,995.02,INR,pending,
GM005482,ORDGM005482,159.36,INR,pending,
GM005483,ORDGM005483,417.46,INR,pending,
GM005484,ORDGM005484,4951.88,INR,pending,
GM005485,ORDGM005485,384.55,INR,pending,
GM005486,ORDGM005486,2762.91,INR,pending,
GM005487,ORDGM005487,336.84,INR,pending,
GM005488,ORDGM005488,4949.09,INR,pending,
GM005489,ORDGM005489,4895.93,INR,pending,
GM005490,ORDGM005490,2014.31,INR,pending,
GM005491,ORDGM005491,6606.76,INR,pending,
GM005492,ORDGM005492,275.51,INR,pending,
GM005494,ORDGM005494,1539.12,INR,pending,
GM005495,ORDGM005495,1562.53,INR,pending,
GM005496,ORDGM005496,2269.32,INR,pending,
GM005497,ORDGM005497,1330.92,INR,pending,
GM005498,ORDGM005498,766.10,INR,pending,
GM005499,ORDGM005499,3584.96,INR,pending,
GM005500,ORDGM005500,3134.77,INR,pending,
GM005501,ORDGM005501,1669.45,INR,pending,
GM005502,ORDGM005502,1332.66,INR,pending,
GM005503,ORDGM005503,857.14,INR,pending,
GM005505,ORDGM005505,1044.44,INR,pending,
GM005506,ORDGM005506,1487.78,INR,pending,
GM005507,ORDGM005507,4225.16,INR,pending,
GM005508,ORDGM005508,1144.57,INR,pending,
GM005509,ORDGM005509,1913.38,INR,pending,
GM005510,ORDGM005510,1811.17,INR,pending,
GM005512,ORDGM005512,1244.87,INR,pending,
GM005513,ORDGM005513,284.65,INR,pending,
GM005515,ORDGM005515,2025.59,INR,pending,
GM005516,ORDGM005516,2231.04,INR,pending,
GM005517,ORDGM005517,1234.29,INR,pending,
GM005518,ORDGM005518,5168.40,INR,pending,
GM005519,ORDGM005519,1051.93,INR,pending,
GM005520,ORDGM005520,308.32,INR,pending,
GM005521,ORDGM005521,4401.44,INR,pending,
GM005522,ORDGM005522,3023.90,INR,pending,
GM005523,ORDGM005523,257.57,INR,pending,
GM005524,ORDGM005524,251.35,INR,pending,
GM005525,ORDGM005525,1169.11,INR,pending,
GM005526,ORDGM005526,472.92,INR,pending,
GM005527,ORDGM005527,230.91,INR,pending,
GM005528,ORDGM005528,667.19,INR,pending,
GM005529,ORDGM005529,119.16,INR,pending,
GM005530,ORDGM005530,156.44,INR,pending,
GM005531,ORDGM005531,298.81,INR,pending,
GM005532,ORDGM005532,307.31,INR,pending,
GM005533,ORDGM005533,1262.77,INR,pending,
GM005534,ORDGM005534,656.81,INR,pending,
GM005535,ORDGM005535,399.98,INR,pending,
GM005536,ORDGM005536,249.56,INR,pending,
GM005537,ORDGM005537,326.74,INR,pending,
GM005538,ORDGM005538,2359.07,INR,pending,
GM005539,ORDGM005539,277.05,INR,pending,
GM005540,ORDGM005540,619.94,INR,pending,
GM005541,ORDGM005541,146.26,INR,pending,
GM005542,ORDGM005542,2536.43,INR,pending,
GM005543,ORDGM005543,138.34,INR,pending,
GM005544,ORDGM005544,4581.26,INR,pending,
GM005545,ORDGM005545,4391.09,INR,pending,
GM005546,ORDGM005546,3935.47,INR,pending,
GM005547,ORDGM005547,434.58,INR,pending,
GM005548,ORDGM005548,736.87,INR,pending,
GM005549,ORDGM005549,3333.20,INR,pending,
GM005550,ORDGM005550,3.89,INR,pending,
GM005551,ORDGM005551,288.95,INR,pending,
GM005552,ORDGM005552,6937.16,INR,pending,
GM005553,ORDGM005553,2470.85,INR,pending,
GM005554,ORDGM005554,1508.03,INR,pending,
GM005555,ORDGM005555,4824.12,INR,pending,
GM005556,ORDGM005556,202.17,INR,pending,
GM005557,ORDGM005557,1078.68,INR,pending,
GM005558,ORDGM005558,1169.19,INR,pending,
GM005559,ORDGM005559,3743.85,INR,pending,
GM005560,ORDGM005560,2249.88,INR,pending,
GM005561,ORDGM005561,884.84,INR,pending,
GM005562,ORDGM005562,674.42,INR,pending,
GM005563,ORDGM005563,169.51,INR,pending,
GM005564,ORDGM005564,528.27,INR,pending,
GM005565,ORDGM005565,2781.09,INR,pending,
GM005566,ORDGM005566,1276.57,INR,pending,
GM005567,ORDGM005567,1660.22,INR,pending,
GM005568,ORDGM005568,4007.92,INR,pending,
GM005570,ORDGM005570,151.66,INR,pending,
GM005571,ORDGM005571,1.76,INR,pending,
GM005572,ORDGM005572,2158.81,INR,pending,
GM005573,ORDGM005573,2644.95,INR,pending,
GM005574,ORDGM005574,2083.62,INR,pending,
GM005575,ORDGM005575,144.48,INR,pending,
GM005576,ORDGM005576,1424.17,INR,pending,
GM005577,ORDGM005577,4656.82,INR,pending,
GM005578,ORDGM005578,1814.25,INR,pending,
GM005579,ORDGM005579,376.13,INR,pending,
GM005580,ORDGM005580,115.48,INR,pending,
GM005581,ORDGM005581,3060.11,INR,pending,
GM005582,ORDGM005582,3028.99,INR,pending,
GM005583,ORDGM005583,73.31,INR,pending,
GM005584,ORDGM005584,4796.92,INR,pending,
GM005585,ORDGM005585,1234.74,INR,pending,
GM005586,ORDGM005586,664.96,INR,pending,
GM005587,ORDGM005587,597.24,INR,pending,
GM005588,ORDGM005588,2344.85,INR,pending,
GM005589,ORDGM005589,1924.00,INR,pending,
GM005590,ORDGM005590,2062.13,INR,pending,
GM005591,ORDGM005591,530.84,INR,pending,
GM005592,ORDGM005592,713.82,INR,pending,
GM005594,ORDGM005594,464.92,INR,pending,
GM005595,ORDGM005595,1002.92,INR,pending,
GM005596,ORDGM005596,5381.31,INR,pending,
GM005597,ORDGM005597,109.45,INR,pending,
GM005598,ORDGM005598,2985.12,INR,pending,
GM005599,ORDGM005599,739.44,INR,pending,
GM005600,ORDGM005600,171.09,INR,pending,
GM005601,ORDGM005601,3185.78,INR,pending,
GM005602,ORDGM005602,107.65,INR,pending,
GM005603,ORDGM005603,1456.13,INR,pending,
GM005604,ORDGM005604,2196.08,INR,pending,
GM005605,ORDGM005605,4747.90,INR,pending,
GM005606,ORDGM005606,2279.65,INR,pending,
GM005607,ORDGM005607,602.85,INR,pending,
GM005609,ORDGM005609,2898.04,INR,pending,
GM005610,ORDGM005610,5760.28,INR,pending,
GM005611,ORDGM005611,354.41,INR,pending,
GM005612,ORDGM005612,581.83,INR,pending,
GM005613,ORDGM005613,2663.95,INR,pending,
GM005615,ORDGM005615,3419.99,INR,pending,
GM005616,ORDGM005616,465.00,INR,pending,
GM005617,ORDGM005617,2599.44,INR,pending,
GM005618,ORDGM005618,2156.35,INR,pending,
GM005619,ORDGM005619,979.71,INR,pending,
GM005620,ORDGM005620,435.88,INR,pending,
GM005622,ORDGM005622,2868.07,INR,pending,
GM005623,ORDGM005623,2454.98,INR,pending,
GM005624,ORDGM005624,2681.45,INR,pending,
GM005625,ORDGM005625,38.30,INR,pending,
GM005626,ORDGM005626,1468.94,INR,pending,
GM005627,ORDGM005627,2671.34,INR,pending,
GM005628,ORDGM005628,1375.63,INR,pending,
GM005629,ORDGM005629,718.53,INR,pending,
GM005630,ORDGM005630,66.17,INR,pending,
GM005631,ORDGM005631,488.47,INR,pending,
GM005633,ORDGM005633,301.79,INR,pending,
GM005634,ORDGM005634,317.87,INR,pending,
GM005635,ORDGM005635,786.49,INR,pending,
GM005636,ORDGM005636,1375.10,INR,pending,
GM005637,ORDGM005637,3583.92,INR,pending,
GM005639,ORDGM005639,561.24,INR,pending,
GM005640,ORDGM005640,230.96,INR,pending,
GM005641,ORDGM005641,1612.22,INR,pending,
GM005642,ORDGM005642,1768.15,INR,pending,
GM005643,ORDGM005643,41.36,INR,pending,
GM005644,ORDGM005644,501.27,INR,pending,
GM005645,ORDGM005645,2961.90,INR,pending,
GM005646,ORDGM005646,2547.81,INR,pending,
GM005647,ORDGM005647,24.18,INR,pending,
GM005648,ORDGM005648,601.94,INR,pending,
GM005649,ORDGM005649,559.23,INR,pending,
GM005650,ORDGM005650,6795.97,INR,pending,
GM005651,ORDGM005651,1645.16,INR,pending,
GM005652,ORDGM005652,154.46,INR,pending,
GM005653,ORDGM005653,1305.25,INR,pending,
GM005654,ORDGM005654,2539.96,INR,pending,
GM005655,ORDGM005655,506.57,INR,pending,
GM005656,ORDGM005656,543.51,INR,pending,
GM005657,ORDGM005657,3547.26,INR,pending,
GM005658,ORDGM005658,1243.82,INR,pending,
GM005659,ORDGM005659,997.45,INR,pending,
GM005660,ORDGM005660,1669.47,INR,pending,
GM005661,ORDGM005661,4147.14,INR,pending,
GM005662,ORDGM005662,60.73,INR,pending,
GM005663,ORDGM005663,849.06,INR,pending,
GM005664,ORDGM005664,1313.74,INR,pending,
GM005665,ORDGM005665,314.05,INR,pending,
GM005666,ORDGM005666,1433.87,INR,pending,
GM005667,ORDGM005667,70.95,INR,pending,
GM005668,ORDGM005668,1190.71,INR,pending,
GM005669,ORDGM005669,770.55,INR,pending,
GM005670,ORDGM005670,365.83,INR,pending,
GM005671,ORDGM005671,236.22,INR,pending,
GM005672,ORDGM005672,3996.64,INR,pending,
GM005673,ORDGM005673,1088.77,INR,pending,
GM005674,ORDGM005674,1342.44,INR,pending,
GM005675,ORDGM005675,963.97,INR,pending,
GM005676,ORDGM005676,3663.86,INR,pending,
GM005677,ORDGM005677,5057.48,INR,pending,
GM005679,ORDGM005679,1687.80,INR,pending,
GM005680,ORDGM005680,1077.43,INR,pending,
GM005681,ORDGM005681,8009.69,INR,pending,
GM005682,ORDGM005682,2011.50,INR,pending,
GM005683,ORDGM005683,1228.04,INR,pending,
GM005684,ORDGM005684,741.05,INR,pending,
GM005685,ORDGM005685,3274.19,INR,pending,
GM005686,ORDGM005686,6645.23,INR,pending,
GM005687,ORDGM005687,1192.50,INR,pending,
GM005688,ORDGM005688,4314.04,INR,pending,
GM005689,ORDGM005689,3212.45,INR,pending,
GM005691,ORDGM005691,495.13,INR,pending,
GM005693,ORDGM005693,1818.66,INR,pending,
GM005694,ORDGM005694,227.13,INR,pending,
GM005695,ORDGM005695,1047.60,INR,pending,
GM005696,ORDGM005696,565.33,INR,pending,
GM005697,ORDGM005697,614.99,INR,pending,
GM005698,ORDGM005698,1420.88,INR,pending,
GM005699,ORDGM005699,655.44,INR,pending,
GM005700,ORDGM005700,9410.66,INR,pending,
GM005702,ORDGM005702,2952.12,INR,pending,
GM005703,ORDGM005703,976.44,INR,pending,
GM005704,ORDGM005704,1273.10,INR,pending,
GM005705,ORDGM005705,8301.73,INR,pending,
GM005706,ORDGM005706,397.23,INR,pending,
GM005707,ORDGM005707,921.41,INR,pending,
GM005708,ORDGM005708,743.79,INR,pending,
GM005709,ORDGM005709,3453.96,INR,pending,
GM005710,ORDGM005710,4982.68,INR,pending,
GM005712,ORDGM005712,19.72,INR,pending,
GM005713,ORDGM005713,4700.22,INR,pending,
GM005714,ORDGM005714,2157.29,INR,pending,
GM005715,ORDGM005715,5757.56,INR,pending,
GM005716,ORDGM005716,2310.75,INR,pending,
GM005717,ORDGM005717,808.81,INR,pending,
GM005718,ORDGM005718,2215.79,INR,pending,
GM005719,ORDGM005719,2917.50,INR,pending,
GM005720,ORDGM005720,251.97,INR,pending,
GM005721,ORDGM005721,637.79,INR,pending,
GM005722,ORDGM005722,2090.48,INR,pending,
GM005723,ORDGM005723,1700.57,INR,pending,
GM005724,ORDGM005724,2064.76,INR,pending,
GM005725,ORDGM005725,11153.83,INR,pending,
GM005726,ORDGM005726,2068.20,INR,pending,
GM005727,ORDGM005727,1580.80,INR,pending,
GM005728,ORDGM005728,3980.32,INR,pending,
GM005729,ORDGM005729,1313.48,INR,pending,
GM005730,ORDGM005730,4392.66,INR,pending,
GM005731,ORDGM005731,4611.19,INR,pending,
GM005732,ORDGM005732,136.78,INR,pending,
GM005733,ORDGM005733,1602.30,INR,pending,
GM005734,ORDGM005734,3996.93,INR,pending,
GM005735,ORDGM005735,589.64,INR,pending,
GM005736,ORDGM005736,2738.77,INR,pending,
GM005737,ORDGM005737,1611.85,INR,pending,
GM005738,ORDGM005738,624.09,INR,pending,
GM005739,ORDGM005739,3565.58,INR,pending,
GM005740,ORDGM005740,2945.26,INR,pending,
GM005742,ORDGM005742,556.94,INR,pending,
GM005743,ORDGM005743,8650.94,INR,pending,
GM005744,ORDGM005744,1249.65,INR,pending,
GM005745,ORDGM005745,7540.72,INR,pending,
GM005747,ORDGM005747,289.96,INR,pending,
GM005748,ORDGM005748,5513.42,INR,pending,
GM005749,ORDGM005749,4085.96,INR,pending,
GM005750,ORDGM005750,786.43,INR,pending,
GM005751,ORDGM005751,4642.75,INR,pending,
GM005753,ORDGM005753,175.28,INR,pending,
GM005754,ORDGM005754,688.34,INR,pending,
GM005755,ORDGM005755,1210.96,INR,pending,
GM005756,ORDGM005756,1041.77,INR,pending,
GM005757,ORDGM005757,17.39,INR,pending,
GM005758,ORDGM005758,2597.95,INR,pending,
GM005759,ORDGM005759,1014.68,INR,pending,
GM005760,ORDGM005760,152.18,INR,pending,
GM005761,ORDGM005761,1777.88,INR,pending,
GM005762,ORDGM005762,757.52,INR,pending,
GM005763,ORDGM005763,1571.66,INR,pending,
GM005764,ORDGM005764,2800.28,INR,pending,
GM005765,ORDGM005765,2753.33,INR,pending,
GM005766,ORDGM005766,1483.15,INR,pending,
GM005767,ORDGM005767,4325.32,INR,pending,
GM005768,ORDGM005768,414.97,INR,pending,
GM005769,ORDGM005769,4462.55,INR,pending,
GM005770,ORDGM005770,1005.47,INR,pending,
GM005771,ORDGM005771,3607.28,INR,pending,
GM005772,ORDGM005772,1472.83,INR,pending,
GM005773,ORDGM005773,39.27,INR,pending,
GM005774,ORDGM005774,484.43,INR,pending,
GM005775,ORDGM005775,627.50,INR,pending,
GM005776,ORDGM005776,1400.02,INR,pending,
GM005777,ORDGM005777,872.90,INR,pending,
GM005778,ORDGM005778,1021.54,INR,pending,
GM005779,ORDGM005779,5473.88,INR,pending,
GM005780,ORDGM005780,87.43,INR,pending,
GM005781,ORDGM005781,100.14,INR,pending,
GM005782,ORDGM005782,2545.89,INR,pending,
GM005783,ORDGM005783,2186.36,INR,pending,
GM005784,ORDGM005784,2457.37,INR,pending,
GM005785,ORDGM005785,5597.11,INR,pending,
GM005786,ORDGM005786,2261.06,INR,pending,
GM005787,ORDGM005787,1797.64,INR,pending,
GM005789,ORDGM005789,2077.63,INR,pending,
GM005791,ORDGM005791,953.67,INR,pending,
GM005792,ORDGM005792,1068.84,INR,pending,
GM005793,ORDGM005793,1150.52,INR,pending,
GM005794,ORDGM005794,3537.78,INR,pending,
GM005795,ORDGM005795,1954.54,INR,pending,
GM005796,ORDGM005796,1565.85,INR,pending,
GM005797,ORDGM005797,553.95,INR,pending,
GM005798,ORDGM005798,946.13,INR,pending,
GM005799,ORDGM005799,570.10,INR,pending,
GM005800,ORDGM005800,7378.26,INR,pending,
GM005801,ORDGM005801,1845.23,INR,pending,
GM005802,ORDGM005802,771.89,INR,pending,
GM005803,ORDGM005803,3611.07,INR,pending,
GM005804,ORDGM005804,123.87,INR,pending,
GM005806,ORDGM005806,215.00,INR,pending,
GM005807,ORDGM005807,73.94,INR,pending,
GM005808,ORDGM005808,179.74,INR,pending,
GM005809,ORDGM005809,1219.54,INR,pending,
GM005810,ORDGM005810,26.78,INR,pending,
GM005811,ORDGM005811,3911.14,INR,pending,
GM005812,ORDGM005812,3354.40,INR,pending,
GM005813,ORDGM005813,1910.35,INR,pending,
GM005814,ORDGM005814,385.23,INR,pending,
GM005815,ORDGM005815,726.25,INR,pending,
GM005816,ORDGM005816,3055.43,INR,pending,
GM005817,ORDGM005817,742.02,INR,pending,
GM005818,ORDGM005818,1727.24,INR,pending,
GM005820,ORDGM005820,60.83,INR,pending,
GM005821,ORDGM005821,15.69,INR,pending,
GM005822,ORDGM005822,1139.16,INR,pending,
GM005823,ORDGM005823,1163.16,INR,pending,
GM005824,ORDGM005824,2393.30,INR,pending,
GM005825,ORDGM005825,2076.02,INR,pending,
GM005826,ORDGM005826,2938.99,INR,pending,
GM005827,ORDGM005827,2617.29,INR,pending,
GM005828,ORDGM005828,1677.33,INR,pending,
GM005829,ORDGM005829,251.49,INR,pending,
GM005830,ORDGM005830,198.14,INR,pending,
GM005831,ORDGM005831,226.91,INR,pending,
GM005832,ORDGM005832,116.24,INR,pending,
GM005833,ORDGM005833,1270.10,INR,pending,
GM005834,ORDGM005834,1109.41,INR,pending,
GM005835,ORDGM005835,839.99,INR,pending,
GM005836,ORDGM005836,309.22,INR,pending,
GM005838,ORDGM005838,372.69,INR,pending,
GM005839,ORDGM005839,875.46,INR,pending,
GM005840,ORDGM005840,2301.88,INR,pending,
GM005841,ORDGM005841,636.88,INR,pending,
GM005842,ORDGM005842,1794.68,INR,pending,
GM005843,ORDGM005843,1521.52,INR,pending,
GM005844,ORDGM005844,298.91,INR,pending,
GM005845,ORDGM005845,778.80,INR,pending,
GM005846,ORDGM005846,2135.15,INR,pending,
GM005847,ORDGM005847,1883.69,INR,pending,
GM005848,ORDGM005848,1356.19,INR,pending,
GM005849,ORDGM005849,1693.73,INR,pending,
GM005850,ORDGM005850,1305.30,INR,pending,
GM005852,ORDGM005852,407.40,INR,pending,
GM005854,ORDGM005854,2094.88,INR,pending,
GM005855,ORDGM005855,756.94,INR,pending,
GM005856,ORDGM005856,697.35,INR,pending,
GM005857,ORDGM005857,124.34,INR,pending,
GM005858,ORDGM005858,7457.87,INR,pending,
GM005859,ORDGM005859,2304.93,INR,pending,
GM005860,ORDGM005860,1731.92,INR,pending,
GM005861,ORDGM005861,6125.34,INR,pending,
GM005862,ORDGM005862,887.39,INR,pending,
GM005863,ORDGM005863,1057.58,INR,pending,
GM005865,ORDGM005865,4887.06,INR,pending,
GM005866,ORDGM005866,948.12,INR,pending,
GM005867,ORDGM005867,2593.89,INR,pending,
GM005869,ORDGM005869,1378.34,INR,pending,
GM005870,ORDGM005870,3646.15,INR,pending,
GM005871,ORDGM005871,3953.74,INR,pending,
GM005872,ORDGM005872,1132.44,INR,pending,
GM005873,ORDGM005873,260.13,INR,pending,
GM005874,ORDGM005874,2773.09,INR,pending,
GM005875,ORDGM005875,3915.50,INR,pending,
GM005876,ORDGM005876,1703.69,INR,pending,
GM005877,ORDGM005877,1631.38,INR,pending,
GM005878,ORDGM005878,5879.13,INR,pending,
GM005879,ORDGM005879,550.84,INR,pending,
GM005880,ORDGM005880,723.21,INR,pending,
GM005881,ORDGM005881,4218.51,INR,pending,
GM005882,ORDGM005882,385.75,INR,pending,
GM005883,ORDGM005883,4110.77,INR,pending,
GM005884,ORDGM005884,6295.25,INR,pending,
GM005885,ORDGM005885,405.27,INR,pending,
GM005886,ORDGM005886,778.40,INR,pending,
GM005887,ORDGM005887,465.51,INR,pending,
GM005888,ORDGM005888,1863.35,INR,pending,
GM005889,ORDGM005889,1230.67,INR,pending,
GM005890,ORDGM005890,586.03,INR,pending,
GM005891,ORDGM005891,10.56,INR,pending,
GM005892,ORDGM005892,2632.96,INR,pending,
GM005893,ORDGM005893,1829.88,INR,pending,
GM005894,ORDGM005894,8492.25,INR,pending,
GM005895,ORDGM005895,1075.76,INR,pending,
GM005896,ORDGM005896,163.83,INR,pending,
GM005897,ORDGM005897,591.87,INR,pending,
GM005898,ORDGM005898,8488.84,INR,pending,
GM005899,ORDGM005899,1253.86,INR,pending,
GM005900,ORDGM005900,6989.25,INR,pending,
GM005901,ORDGM005901,1038.96,INR,pending,
GM005903,ORDGM005903,2069.68,INR,pending,
GM005904,ORDGM005904,910.44,INR,pending,
GM005905,ORDGM005905,167.75,INR,pending,
GM005906,ORDGM005906,6085.34,INR,pending,
GM005907,ORDGM005907,1952.72,INR,pending,
GM005908,ORDGM005908,2950.25,INR,pending,
GM005909,ORDGM005909,5667.67,INR,pending,
GM005910,ORDGM005910,9857.66,INR,pending,
GM005912,ORDGM005912,3599.46,INR,pending,
GM005913,ORDGM005913,1213.65,INR,pending,
GM005914,ORDGM005914,813.45,INR,pending,
GM005915,ORDGM005915,138.85,INR,pending,
GM005916,ORDGM005916,62.19,INR,pending,
GM005917,ORDGM005917,367.82,INR,pending,
GM005918,ORDGM005918,340.41,INR,pending,
GM005919,ORDGM005919,2602.92,INR,pending,
GM005920,ORDGM005920,375.33,INR,pending,
GM005922,ORDGM005922,600.74,INR,pending,
GM005923,ORDGM005923,5684.02,INR,pending,
GM005924,ORDGM005924,65.53,INR,pending,
GM005925,ORDGM005925,4619.81,INR,pending,
GM005926,ORDGM005926,1490.39,INR,pending,
GM005927,ORDGM005927,242.16,INR,pending,
GM005928,ORDGM005928,368.35,INR,pending,
GM005929,ORDGM005929,1221.37,INR,pending,
GM005930,ORDGM005930,1857.72,INR,pending,
GM005931,ORDGM005931,1126.45,INR,pending,
GM005932,ORDGM005932,346.01,INR,pending,
GM005933,ORDGM005933,571.12,INR,pending,
GM005934,ORDGM005934,524.89,INR,pending,
GM005935,ORDGM005935,732.23,INR,pending,
GM005936,ORDGM005936,361.56,INR,pending,
GM005937,ORDGM005937,557.79,INR,pending,
GM005938,ORDGM005938,2089.71,INR,pending,
GM005939,ORDGM005939,721.05,INR,pending,
GM005940,ORDGM005940,3091.01,INR,pending,
GM005941,ORDGM005941,380.01,INR,pending,
GM005942,ORDGM005942,3459.20,INR,pending,
GM005943,ORDGM005943,2705.31,INR,pending,
GM005944,ORDGM005944,1536.54,INR,pending,
GM005945,ORDGM005945,333.96,INR,pending,
GM005946,ORDGM005946,3479.08,INR,pending,
GM005947,ORDGM005947,85.12,INR,pending,
GM005948,ORDGM005948,1016.26,INR,pending,
GM005949,ORDGM005949,1183.13,INR,pending,
GM005950,ORDGM005950,1402.17,INR,pending,
GM005951,ORDGM005951,5243.09,INR,pending,
GM005952,ORDGM005952,194.25,INR,pending,
GM005953,ORDGM005953,4358.50,INR,pending,
GM005954,ORDGM005954,956.40,INR,pending,
GM005955,ORDGM005955,381.19,INR,pending,
GM005956,ORDGM005956,816.29,INR,pending,
GM005957,ORDGM005957,345.08,INR,pending,
GM005958,ORDGM005958,3817.69,INR,pending,
GM005959,ORDGM005959,1098.88,INR,pending,
GM005960,ORDGM005960,577.36,INR,pending,
GM005962,ORDGM005962,1323.97,INR,pending,
GM005963,ORDGM005963,3991.43,INR,pending,
GM005964,ORDGM005964,1983.19,INR,pending,
GM005965,ORDGM005965,3636.20,INR,pending,
GM005966,ORDGM005966,1209.87,INR,pending,
GM005967,ORDGM005967,853.53,INR,pending,
GM005969,ORDGM005969,924.94,INR,pending,
GM005970,ORDGM005970,25.67,INR,pending,
GM005971,ORDGM005971,524.32,INR,pending,
GM005972,ORDGM005972,1499.06,INR,pending,
GM005975,ORDGM005975,430.58,INR,pending,
GM005976,ORDGM005976,1033.72,INR,pending,
GM005977,ORDGM005977,3992.86,INR,pending,
GM005978,ORDGM005978,321.92,INR,pending,
GM005979,ORDGM005979,504.45,INR,pending,
GM005980,ORDGM005980,796.43,INR,pending,
GM005981,ORDGM005981,1048.29,INR,pending,
GM005983,ORDGM005983,6570.15,INR,pending,
GM005984,ORDGM005984,292.29,INR,pending,
GM005985,ORDGM005985,214.74,INR,pending,
GM005986,ORDGM005986,1645.42,INR,pending,
GM005987,ORDGM005987,447.15,INR,pending,
GM005989,ORDGM005989,7108.77,INR,pending,
GM005990,ORDGM005990,4921.35,INR,pending,
GM005991,ORDGM005991,2326.32,INR,pending,
GM005992,ORDGM005992,517.71,INR,pending,
GM005993,ORDGM005993,3629.53,INR,pending,
GM005994,ORDGM005994,1220.77,INR,pending,
GM005995,ORDGM005995,7432.30,INR,pending,
GM005996,ORDGM005996,2490.96,INR,pending,
GM005997,ORDGM005997,2437.06,INR,pending,
GM005998,ORDGM005998,396.25,INR,pending,
GM005999,ORDGM005999,497.42,INR,pending,
GM006000,ORDGM006000,4514.85,INR,pending,
GM006002,ORDGM006002,5040.04,INR,pending,
GM006003,ORDGM006003,694.85,INR,pending,
GM006004,ORDGM006004,4615.10,INR,pending,
GM006005,ORDGM006005,1097.31,INR,pending,
GM006006,ORDGM006006,5144.57,INR,pending,
GM006007,ORDGM006007,939.91,INR,pending,
GM006008,ORDGM006008,2209.36,INR,pending,
GM006009,ORDGM006009,3009.57,INR,pending,
GM006010,ORDGM006010,621.55,INR,pending,
GM006011,ORDGM006011,687.88,INR,pending,
GM006012,ORDGM006012,1806.34,INR,pending,
GM006013,ORDGM006013,1985.69,INR,pending,
GM006014,ORDGM006014,593.19,INR,pending,
GM006015,ORDGM006015,2372.83,INR,pending,
GM006016,ORDGM006016,4759.25,INR,pending,
GM006017,ORDGM006017,740.09,INR,pending,
GM006019,ORDGM006019,375.11,INR,pending,
GM006020,ORDGM006020,1395.37,INR,pending,
GM006021,ORDGM006021,786.02,INR,pending,
GM006022,ORDGM006022,681.60,INR,pending,
GM006023,ORDGM006023,512.16,INR,pending,
GM006024,ORDGM006024,1360.77,INR,pending,
GM006025,ORDGM006025,3100.44,INR,pending,
GM006026,ORDGM006026,950.12,INR,pending,
GM006027,ORDGM006027,8046.29,INR,pending,
GM006028,ORDGM006028,641.83,INR,pending,
GM006029,ORDGM006029,2742.79,INR,pending,
GM006030,ORDGM006030,794.07,INR,pending,
GM006031,ORDGM006031,88.51,INR,pending,
GM006032,ORDGM006032,1348.89,INR,pending,
GM006033,ORDGM006033,3986.28,INR,pending,
GM006034,ORDGM006034,486.38,INR,pending,
GM006035,ORDGM006035,562.47,INR,pending,
GM006036,ORDGM006036,3011.16,INR,pending,
GM006038,ORDGM006038,4125.90,INR,pending,
GM006039,ORDGM006039,6212.06,INR,pending,
GM006040,ORDGM006040,620.64,INR,pending,
GM006041,ORDGM006041,1110.10,INR,pending,
GM006042,ORDGM006042,1643.57,INR,pending,
GM006043,ORDGM006043,2461.13,INR,pending,
GM006044,ORDGM006044,3922.27,INR,pending,
GM006045,ORDGM006045,1807.67,INR,pending,
GM006046,ORDGM006046,490.98,INR,pending,
GM006047,ORDGM006047,1307.18,INR,pending,
GM006049,ORDGM006049,2195.73,INR,pending,
GM006050,ORDGM006050,3932.64,INR,pending,
GM006051,ORDGM006051,12528.94,INR,pending,
GM006052,ORDGM006052,4939.28,INR,pending,
GM006053,ORDGM006053,414.57,INR,pending,
GM006054,ORDGM006054,6624.85,INR,pending,
GM006055,ORDGM006055,4400.61,INR,pending,
GM006056,ORDGM006056,605.88,INR,pending,
GM006057,ORDGM006057,896.50,INR,pending,
GM006058,ORDGM006058,6145.05,INR,pending,
GM006059,ORDGM006059,3757.75,INR,pending,
GM006060,ORDGM006060,2402.07,INR,pending,
GM006062,ORDGM006062,5681.79,INR,pending,
GM006063,ORDGM006063,857.50,INR,pending,
GM006064,ORDGM006064,757.10,INR,pending,
GM006065,ORDGM006065,698.76,INR,pending,
GM006066,ORDGM006066,159.53,INR,pending,
GM006067,ORDGM006067,478.10,INR,pending,
GM006068,ORDGM006068,664.42,INR,pending,
GM006069,ORDGM006069,5156.13,INR,pending,
GM006071,ORDGM006071,483.18,INR,pending,
GM006072,ORDGM006072,636.21,INR,pending,
GM006073,ORDGM006073,2672.99,INR,pending,
GM006074,ORDGM006074,3905.80,INR,pending,
GM006075,ORDGM006075,1130.34,INR,pending,
GM006076,ORDGM006076,1604.64,INR,pending,
GM006079,ORDGM006079,634.15,INR,pending,
GM006080,ORDGM006080,10455.92,INR,pending,
GM006081,ORDGM006081,2127.27,INR,pending,
GM006082,ORDGM006082,825.54,INR,pending,
GM006083,ORDGM006083,402.49,INR,pending,
GM006084,ORDGM006084,919.84,INR,pending,
GM006085,ORDGM006085,2606.29,INR,pending,
GM006086,ORDGM006086,342.77,INR,pending,
GM006087,ORDGM006087,734.07,INR,pending,
GM006088,ORDGM006088,358.58,INR,pending,
GM006089,ORDGM006089,10.56,INR,pending,
GM006090,ORDGM006090,1035.82,INR,pending,
GM006091,ORDGM006091,1350.07,INR,pending,
GM006092,ORDGM006092,3332.64,INR,pending,
GM006093,ORDGM006093,235.62,INR,pending,
GM006094,ORDGM006094,1743.74,INR,pending,
GM006095,ORDGM006095,647.48,INR,pending,
GM006096,ORDGM006096,2006.72,INR,pending,
GM006097,ORDGM006097,860.53,INR,pending,
GM006098,ORDGM006098,1012.34,INR,pending,
GM006099,ORDGM006099,4738.42,INR,pending,
GM006101,ORDGM006101,40.66,INR,pending,
GM006102,ORDGM006102,424.54,INR,pending,
GM006103,ORDGM006103,2127.67,INR,pending,
GM006104,ORDGM006104,970.12,INR,pending,
GM006105,ORDGM006105,249.08,INR,pending,
GM006106,ORDGM006106,855.88,INR,pending,
GM006107,ORDGM006107,783.69,INR,pending,
GM006108,ORDGM006108,2859.71,INR,pending,
GM006109,ORDGM006109,1391.35,INR,pending,
GM006110,ORDGM006110,188.35,INR,pending,
GM006111,ORDGM006111,1089.53,INR,pending,
GM006112,ORDGM006112,2277.97,INR,pending,
GM006113,ORDGM006113,527.00,INR,pending,
GM006114,ORDGM006114,3690.65,INR,pending,
GM006115,ORDGM006115,791.31,INR,pending,
GM006116,ORDGM006116,94.11,INR,pending,
GM006117,ORDGM006117,932.23,INR,pending,
GM006118,ORDGM006118,584.71,INR,pending,
GM006119,ORDGM006119,130.46,INR,pending,
GM006120,ORDGM006120,2171.44,INR,pending,
GM006121,ORDGM006121,1119.48,INR,pending,
GM006122,ORDGM006122,327.35,INR,pending,
GM006124,ORDGM006124,1090.94,INR,pending,
GM006125,ORDGM006125,3415.33,INR,pending,
GM006126,ORDGM006126,598.61,INR,pending,
GM006127,ORDGM006127,84.27,INR,pending,
GM006128,ORDGM006128,2520.74,INR,pending,
GM006129,ORDGM006129,534.50,INR,pending,
GM006130,ORDGM006130,152.38,INR,pending,
GM006131,ORDGM006131,1665.68,INR,pending,
GM006132,ORDGM006132,1226.60,INR,pending,
GM006134,ORDGM006134,1139.71,INR,pending,
GM006135,ORDGM006135,5574.79,INR,pending,
GM006136,ORDGM006136,397.94,INR,pending,
GM006137,ORDGM006137,384.72,INR,pending,
GM006138,ORDGM006138,388.52,INR,pending,
GM006139,ORDGM006139,2538.19,INR,pending,
GM006140,ORDGM006140,1034.99,INR,pending,
GM006141,ORDGM006141,3.26,INR,pending,
GM006142,ORDGM006142,2232.97,INR,pending,
GM006143,ORDGM006143,1280.18,INR,pending,
GM006144,ORDGM006144,162.44,INR,pending,
GM006145,ORDGM006145,675.74,INR,pending,
GM006146,ORDGM006146,1706.75,INR,pending,
GM006147,ORDGM006147,122.09,INR,pending,
GM006148,ORDGM006148,2059.78,INR,pending,
GM006149,ORDGM006149,6524.54,INR,pending,
GM006150,ORDGM006150,151.10,INR,pending,
GM006151,ORDGM006151,2616.65,INR,pending,
GM006152,ORDGM006152,414.01,INR,pending,
GM006153,ORDGM006153,601.47,INR,pending,
GM006154,ORDGM006154,2901.61,INR,pending,
GM006155,ORDGM006155,453.84,INR,pending,
GM006156,ORDGM006156,530.76,INR,pending,
GM006157,ORDGM006157,2548.44,INR,pending,
GM006158,ORDGM006158,1530.32,INR,pending,
GM006159,ORDGM006159,123.77,INR,pending,
GM006160,ORDGM006160,374.86,INR,pending,
GM006161,ORDGM006161,1037.50,INR,pending,
GM006163,ORDGM006163,6729.51,INR,pending,
GM006164,ORDGM006164,1766.56,INR,pending,
GM006166,ORDGM006166,83.44,INR,pending,
GM006167,ORDGM006167,968.11,INR,pending,
GM006168,ORDGM006168,27.52,INR,pending,
GM006169,ORDGM006169,1460.85,INR,pending,
GM006170,ORDGM006170,3194.26,INR,pending,
GM006171,ORDGM006171,2482.26,INR,pending,
GM006172,ORDGM006172,3840.93,INR,pending,
GM006173,ORDGM006173,2238.06,INR,pending,
GM006174,ORDGM006174,1018.80,INR,pending,
GM006175,ORDGM006175,2772.28,INR,pending,
GM006176,ORDGM006176,1581.09,INR,pending,
GM006177,ORDGM006177,603.63,INR,pending,
GM006178,ORDGM006178,945.51,INR,pending,
GM006179,ORDGM006179,3601.76,INR,pending,
GM006180,ORDGM006180,5007.98,INR,pending,
GM006181,ORDGM006181,427.55,INR,pending,
GM006182,ORDGM006182,1932.47,INR,pending,
GM006183,ORDGM006183,982.79,INR,pending,
GM006185,ORDGM006185,3578.45,INR,pending,
GM006186,ORDGM006186,2872.40,INR,pending,
GM006187,ORDGM006187,450.22,INR,pending,
GM006188,ORDGM006188,1323.49,INR,pending,
GM006189,ORDGM006189,582.14,INR,pending,
GM006190,ORDGM006190,513.97,INR,pending,
GM006191,ORDGM006191,283.46,INR,pending,
GM006192,ORDGM006192,940.72,INR,pending,
GM006193,ORDGM006193,5582.35,INR,pending,
GM006194,ORDGM006194,1289.09,INR,pending,
GM006195,ORDGM006195,279.01,INR,pending,
GM006196,ORDGM006196,3591.36,INR,pending,
GM006197,ORDGM006197,3097.87,INR,pending,
GM006198,ORDGM006198,3849.10,INR,pending,
GM006199,ORDGM006199,1397.84,INR,pending,
GM006200,ORDGM006200,1819.45,INR,pending,
GM006202,ORDGM006202,876.21,INR,pending,
GM006203,ORDGM006203,5006.08,INR,pending,
GM006205,ORDGM006205,1091.75,INR,pending,
GM006206,ORDGM006206,347.82,INR,pending,
GM006207,ORDGM006207,30.91,INR,pending,
GM006208,ORDGM006208,1730.67,INR,pending,
GM006209,ORDGM006209,455.70,INR,pending,
GM006210,ORDGM006210,707.59,INR,pending,
GM006211,ORDGM006211,1337.85,INR,pending,
GM006212,ORDGM006212,1673.27,INR,pending,
GM006213,ORDGM006213,512.34,INR,pending,
GM006214,ORDGM006214,1491.21,INR,pending,
GM006215,ORDGM006215,1457.92,INR,pending,
GM006216,ORDGM006216,3040.78,INR,pending,
GM006217,ORDGM006217,3552.67,INR,pending,
GM006218,ORDGM006218,586.71,INR,pending,
GM006219,ORDGM006219,3192.18,INR,pending,
GM006220,ORDGM006220,2067.64,INR,pending,
GM006221,ORDGM006221,1048.86,INR,pending,
GM006222,ORDGM006222,1083.33,INR,pending,
GM006223,ORDGM006223,1324.50,INR,pending,
GM006224,ORDGM006224,2913.44,INR,pending,
GM006225,ORDGM006225,536.78,INR,pending,
GM006226,ORDGM006226,8044.11,INR,pending,
GM006227,ORDGM006227,1538.56,INR,pending,
GM006228,ORDGM006228,2521.46,INR,pending,
GM006229,ORDGM006229,697.42,INR,pending,
GM006230,ORDGM006230,2368.49,INR,pending,
GM006232,ORDGM006232,4664.53,INR,pending,
GM006233,ORDGM006233,4202.18,INR,pending,
GM006234,ORDGM006234,1034.84,INR,pending,
GM006235,ORDGM006235,1951.29,INR,pending,
GM006236,ORDGM006236,1889.83,INR,pending,
GM006237,ORDGM006237,315.73,INR,pending,
GM006238,ORDGM006238,24.16,INR,pending,
GM006239,ORDGM006239,2841.99,INR,pending,
GM006240,ORDGM006240,3814.10,INR,pending,
GM006241,ORDGM006241,1883.40,INR,pending,
GM006242,ORDGM006242,623.98,INR,pending,
GM006243,ORDGM006243,117.81,INR,pending,
GM006244,ORDGM006244,3860.02,INR,pending,
GM006245,ORDGM006245,548.08,INR,pending,
GM006246,ORDGM006246,2632.83,INR,pending,
GM006247,ORDGM006247,3044.55,INR,pending,
GM006248,ORDGM006248,2114.94,INR,pending,
GM006249,ORDGM006249,1640.67,INR,pending,
GM006250,ORDGM006250,1323.02,INR,pending,
GM006251,ORDGM006251,638.97,INR,pending,
GM006252,ORDGM006252,2469.78,INR,pending,
GM006253,ORDGM006253,141.86,INR,pending,
GM006254,ORDGM006254,3955.38,INR,pending,
GM006255,ORDGM006255,1888.25,INR,pending,
GM006256,ORDGM006256,839.19,INR,pending,
GM006257,ORDGM006257,2029.93,INR,pending,
GM006258,ORDGM006258,1169.04,INR,pending,
GM006259,ORDGM006259,968.15,INR,pending,
GM006260,ORDGM006260,512.98,INR,pending,
GM006261,ORDGM006261,686.58,INR,pending,
GM006262,ORDGM006262,413.95,INR,pending,
GM006263,ORDGM006263,72.38,INR,pending,
GM006264,ORDGM006264,568.44,INR,pending,
GM006265,ORDGM006265,4381.21,INR,pending,
GM006266,ORDGM006266,822.12,INR,pending,
GM006267,ORDGM006267,7.24,INR,pending,
GM006269,ORDGM006269,220.75,INR,pending,
GM006270,ORDGM006270,1096.96,INR,pending,
GM006271,ORDGM006271,742.28,INR,pending,
GM006272,ORDGM006272,5039.22,INR,pending,
GM006274,ORDGM006274,2197.40,INR,pending,
GM006275,ORDGM006275,96.37,INR,pending,
GM006276,ORDGM006276,1757.73,INR,pending,
GM006277,ORDGM006277,336.42,INR,pending,
GM006278,ORDGM006278,3252.19,INR,pending,
GM006279,ORDGM006279,155.72,INR,pending,
GM006280,ORDGM006280,3389.38,INR,pending,
GM006281,ORDGM006281,559.81,INR,pending,
GM006282,ORDGM006282,4881.42,INR,pending,
GM006283,ORDGM006283,2565.75,INR,pending,
GM006284,ORDGM006284,6116.38,INR,pending,
GM006286,ORDGM006286,1561.70,INR,pending,
GM006288,ORDGM006288,594.99,INR,pending,
GM006289,ORDGM006289,4162.01,INR,pending,
GM006290,ORDGM006290,95.06,INR,pending,
GM006292,ORDGM006292,2972.26,INR,pending,
GM006293,ORDGM006293,704.20,INR,pending,
GM006294,ORDGM006294,4598.27,INR,pending,
GM006295,ORDGM006295,2149.06,INR,pending,
GM006296,ORDGM006296,2115.58,INR,pending,
GM006297,ORDGM006297,783.65,INR,pending,
GM006298,ORDGM006298,768.43,INR,pending,
GM006299,ORDGM006299,1830.55,INR,pending,
GM006300,ORDGM006300,670.48,INR,pending,
GM006301,ORDGM006301,3594.35,INR,pending,
GM006302,ORDGM006302,2525.06,INR,pending,
GM006303,ORDGM006303,119.30,INR,pending,
GM006304,ORDGM006304,1091.14,INR,pending,
GM006305,ORDGM006305,7196.77,INR,pending,
GM006306,ORDGM006306,2631.71,INR,pending,
GM006307,ORDGM006307,1889.68,INR,pending,
GM006308,ORDGM006308,1967.13,INR,pending,
GM006309,ORDGM006309,385.20,INR,pending,
GM006310,ORDGM006310,4740.78,INR,pending,
GM006311,ORDGM006311,3752.96,INR,pending,
GM006312,ORDGM006312,1064.88,INR,pending,
GM006313,ORDGM006313,376.22,INR,pending,
GM006314,ORDGM006314,268.26,INR,pending,
GM006315,ORDGM006315,1055.34,INR,pending,
GM006316,ORDGM006316,2723.03,INR,pending,
GM006317,ORDGM006317,3626.80,INR,pending,
GM006318,ORDGM006318,2091.09,INR,pending,
GM006319,ORDGM006319,170.85,INR,pending,
GM006320,ORDGM006320,1820.23,INR,pending,
GM006321,ORDGM006321,5200.28,INR,pending,
GM006322,ORDGM006322,2809.58,INR,pending,
GM006323,ORDGM006323,1350.13,INR,pending,
GM006324,ORDGM006324,2795.50,INR,pending,
GM006325,ORDGM006325,2420.60,INR,pending,
GM006326,ORDGM006326,2696.35,INR,pending,
GM006327,ORDGM006327,1135.27,INR,pending,
GM006328,ORDGM006328,1571.91,INR,pending,
GM006329,ORDGM006329,3681.24,INR,pending,
GM006330,ORDGM006330,1745.90,INR,pending,
GM006331,ORDGM006331,2419.59,INR,pending,
GM006332,ORDGM006332,856.79,INR,pending,
GM006333,ORDGM006333,428.29,INR,pending,
GM006334,ORDGM006334,5150.61,INR,pending,
GM006335,ORDGM006335,5069.93,INR,pending,
GM006336,ORDGM006336,4228.83,INR,pending,
GM006337,ORDGM006337,12.90,INR,pending,
GM006338,ORDGM006338,6.22,INR,pending,
GM006339,ORDGM006339,522.53,INR,pending,
GM006340,ORDGM006340,1755.77,INR,pending,
GM006341,ORDGM006341,84.66,INR,pending,
GM006342,ORDGM006342,861.66,INR,pending,
GM006343,ORDGM006343,1499.72,INR,pending,
GM006344,ORDGM006344,4055.62,INR,pending,
GM006345,ORDGM006345,717.48,INR,pending,
GM006346,ORDGM006346,5935.60,INR,pending,
GM006347,ORDGM006347,4169.12,INR,pending,
GM006348,ORDGM006348,3792.47,INR,pending,
GM006350,ORDGM006350,1308.84,INR,pending,
GM006351,ORDGM006351,4851.05,INR,pending,
GM006353,ORDGM006353,1591.57,INR,pending,
GM006354,ORDGM006354,531.48,INR,pending,
GM006355,ORDGM006355,623.04,INR,pending,
GM006356,ORDGM006356,2082.61,INR,pending,
GM006357,ORDGM006357,3644.33,INR,pending,
GM006358,ORDGM006358,1954.24,INR,pending,
GM006359,ORDGM006359,1137.96,INR,pending,
GM006360,ORDGM006360,4923.66,INR,pending,
GM006361,ORDGM006361,2836.04,INR,pending,
GM006362,ORDGM006362,4549.62,INR,pending,
GM006363,ORDGM006363,2503.34,INR,pending,
GM006364,ORDGM006364,117.11,INR,pending,
GM006365,ORDGM006365,5460.77,INR,pending,
GM006366,ORDGM006366,1649.21,INR,pending,
GM006367,ORDGM006367,3489.31,INR,pending,
GM006368,ORDGM006368,731.10,INR,pending,
GM006369,ORDGM006369,3688.61,INR,pending,
GM006370,ORDGM006370,1879.34,INR,pending,
GM006371,ORDGM006371,2738.23,INR,pending,
GM006372,ORDGM006372,12443.20,INR,pending,
GM006373,ORDGM006373,5034.15,INR,pending,
GM006374,ORDGM006374,355.39,INR,pending,
GM006375,ORDGM006375,546.57,INR,pending,
GM006376,ORDGM006376,113.58,INR,pending,
GM006377,ORDGM006377,489.15,INR,pending,
GM006378,ORDGM006378,2380.10,INR,pending,
GM006379,ORDGM006379,643.51,INR,pending,
GM006380,ORDGM006380,1144.43,INR,pending,
GM006382,ORDGM006382,1.84,INR,pending,
GM006383,ORDGM006383,2363.46,INR,pending,
GM006384,ORDGM006384,1919.04,INR,pending,
GM006385,ORDGM006385,149.94,INR,pending,
GM006386,ORDGM006386,2171.81,INR,pending,
GM006387,ORDGM006387,263.46,INR,pending,
GM006388,ORDGM006388,669.07,INR,pending,
GM006389,ORDGM006389,1129.28,INR,pending,
GM006390,ORDGM006390,579.53,INR,pending,
GM006391,ORDGM006391,2429.22,INR,pending,
GM006392,ORDGM006392,5046.16,INR,pending,
GM006393,ORDGM006393,507.36,INR,pending,
GM006394,ORDGM006394,2208.45,INR,pending,
GM006395,ORDGM006395,304.04,INR,pending,
GM006396,ORDGM006396,4394.87,INR,pending,
GM006397,ORDGM006397,1264.47,INR,pending,
GM006398,ORDGM006398,435.35,INR,pending,
GM006399,ORDGM006399,57.20,INR,pending,
GM006400,ORDGM006400,3088.18,INR,pending,
GM006401,ORDGM006401,1888.42,INR,pending,
GM006402,ORDGM006402,10689.79,INR,pending,
GM006403,ORDGM006403,355.38,INR,pending,
GM006404,ORDGM006404,843.25,INR,pending,
GM006405,ORDGM006405,1872.24,INR,pending,
GM006406,ORDGM006406,131.08,INR,pending,
GM006407,ORDGM006407,2427.68,INR,pending,
GM006408,ORDGM006408,4925.73,INR,pending,
GM006409,ORDGM006409,6429.32,INR,pending,
GM006410,ORDGM006410,1793.37,INR,pending,
GM006411,ORDGM006411,1710.66,INR,pending,
GM006413,ORDGM006413,2621.64,INR,pending,
GM006414,ORDGM006414,5342.27,INR,pending,
GM006415,ORDGM006415,2003.95,INR,pending,
GM006416,ORDGM006416,8253.26,INR,pending,
GM006417,ORDGM006417,1052.91,INR,pending,
GM006418,ORDGM006418,938.74,INR,pending,
GM006419,ORDGM006419,609.72,INR,pending,
GM006420,ORDGM006420,444.49,INR,pending,
GM006421,ORDGM006421,335.13,INR,pending,
GM006422,ORDGM006422,7690.25,INR,pending,
GM006424,ORDGM006424,632.83,INR,pending,
GM006425,ORDGM006425,776.51,INR,pending,
GM006426,ORDGM006426,1082.84,INR,pending,
GM006427,ORDGM006427,1373.62,INR,pending,
GM006428,ORDGM006428,479.52,INR,pending,
GM006429,ORDGM006429,840.50,INR,pending,
GM006431,ORDGM006431,1742.02,INR,pending,
GM006432,ORDGM006432,136.69,INR,pending,
GM006433,ORDGM006433,846.04,INR,pending,
GM006434,ORDGM006434,1697.00,INR,pending,
GM006435,ORDGM006435,74.66,INR,pending,
GM006436,ORDGM006436,2282.41,INR,pending,
GM006437,ORDGM006437,47.93,INR,pending,
GM006438,ORDGM006438,1404.95,INR,pending,
GM006439,ORDGM006439,1328.89,INR,pending,
GM006440,ORDGM006440,491.28,INR,pending,
GM006441,ORDGM006441,1958.05,INR,pending,
GM006442,ORDGM006442,482.72,INR,pending,
GM006443,ORDGM006443,127.84,INR,pending,
GM006444,ORDGM006444,133.04,INR,pending,
GM006445,ORDGM006445,5191.70,INR,pending,
GM006446,ORDGM006446,1220.39,INR,pending,
GM006447,ORDGM006447,796.42,INR,pending,
GM006448,ORDGM006448,10012.93,INR,pending,
GM006449,ORDGM006449,194.20,INR,pending,
GM006450,ORDGM006450,2440.40,INR,pending,
GM006451,ORDGM006451,1581.47,INR,pending,
GM006452,ORDGM006452,402.69,INR,pending,
GM006453,ORDGM006453,975.28,INR,pending,
GM006454,ORDGM006454,2016.19,INR,pending,
GM006455,ORDGM006455,37.12,INR,pending,
GM006456,ORDGM006456,568.17,INR,pending,
GM006457,ORDGM006457,956.41,INR,pending,
GM006458,ORDGM006458,4144.66,INR,pending,
GM006459,ORDGM006459,830.86,INR,pending,
GM006460,ORDGM006460,5.08,INR,pending,
GM006462,ORDGM006462,987.62,INR,pending,
GM006463,ORDGM006463,199.15,INR,pending,
GM006464,ORDGM006464,2.50,INR,pending,
GM006465,ORDGM006465,4405.83,INR,pending,
GM006466,ORDGM006466,2846.52,INR,pending,
GM006467,ORDGM006467,1835.55,INR,pending,
GM006468,ORDGM006468,1709.88,INR,pending,
GM006469,ORDGM006469,490.72,INR,pending,
GM006470,ORDGM006470,985.17,INR,pending,
GM006471,ORDGM006471,335.00,INR,pending,
GM006472,ORDGM006472,13.79,INR,pending,
GM006473,ORDGM006473,672.26,INR,pending,
GM006474,ORDGM006474,95.71,INR,pending,
GM006475,ORDGM006475,214.20,INR,pending,
GM006476,ORDGM006476,10.30,INR,pending,
GM006477,ORDGM006477,75.57,INR,pending,
GM006478,ORDGM006478,2737.38,INR,pending,
GM006479,ORDGM006479,708.92,INR,pending,
GM006480,ORDGM006480,1088.40,INR,pending,
GM006481,ORDGM006481,3273.09,INR,pending,
GM006482,ORDGM006482,806.94,INR,pending,
GM006483,ORDGM006483,1043.21,INR,pending,
GM006484,ORDGM006484,2694.69,INR,pending,
GM006485,ORDGM006485,1788.29,INR,pending,
GM006486,ORDGM006486,3718.93,INR,pending,
GM006487,ORDGM006487,3306.51,INR,pending,
GM006488,ORDGM006488,1616.42,INR,pending,
GM006489,ORDGM006489,613.29,INR,pending,
GM006490,ORDGM006490,893.79,INR,pending,
GM006491,ORDGM006491,956.49,INR,pending,
GM006492,ORDGM006492,1511.83,INR,pending,
GM006493,ORDGM006493,234.20,INR,pending,
GM006494,ORDGM006494,1268.06,INR,pending,
GM006495,ORDGM006495,1138.16,INR,pending,
GM006496,ORDGM006496,87.93,INR,pending,
GM006497,ORDGM006497,242.77,INR,pending,
GM006498,ORDGM006498,1705.10,INR,pending,
GM006499,ORDGM006499,1047.76,INR,pending,
GM006500,ORDGM006500,3964.93,INR,pending,
GM006501,ORDGM006501,1921.58,INR,pending,
GM006502,ORDGM006502,3895.47,INR,pending,
GM006503,ORDGM006503,2340.04,INR,pending,
GM006504,ORDGM006504,817.70,INR,pending,
GM006505,ORDGM006505,741.17,INR,pending,
GM006506,ORDGM006506,1056.75,INR,pending,
GM006507,ORDGM006507,309.73,INR,pending,
GM006508,ORDGM006508,547.96,INR,pending,
GM006509,ORDGM006509,3646.28,INR,pending,
GM006510,ORDGM006510,869.79,INR,pending,
GM006511,ORDGM006511,407.79,INR,pending,
GM006512,ORDGM006512,2668.46,INR,pending,
GM006513,ORDGM006513,21.92,INR,pending,
GM006514,ORDGM006514,671.17,INR,pending,
GM006515,ORDGM006515,2037.14,INR,pending,
GM006516,ORDGM006516,6216.82,INR,pending,
GM006517,ORDGM006517,517.99,INR,pending,
GM006518,ORDGM006518,696.66,INR,pending,
GM006519,ORDGM006519,687.86,INR,pending,
GM006520,ORDGM006520,1791.46,INR,pending,
GM006521,ORDGM006521,8232.16,INR,pending,
GM006522,ORDGM006522,1127.95,INR,pending,
GM006523,ORDGM006523,476.14,INR,pending,
GM006524,ORDGM006524,1011.57,INR,pending,
GM006525,ORDGM006525,1163.58,INR,pending,
GM006526,ORDGM006526,866.85,INR,pending,
GM006527,ORDGM006527,1967.99,INR,pending,
GM006528,ORDGM006528,470.75,INR,pending,
GM006529,ORDGM006529,564.68,INR,pending,
GM006530,ORDGM006530,4508.73,INR,pending,
GM006531,ORDGM006531,2040.55,INR,pending,
GM006532,ORDGM006532,1002.78,INR,pending,
GM006533,ORDGM006533,725.39,INR,pending,
GM006534,ORDGM006534,1326.34,INR,pending,
GM006535,ORDGM006535,7620.48,INR,pending,
GM006536,ORDGM006536,1795.07,INR,pending,
GM006537,ORDGM006537,8721.38,INR,pending,
GM006538,ORDGM006538,3109.77,INR,pending,
GM006539,ORDGM006539,4384.42,INR,pending,
GM006540,ORDGM006540,3557.41,INR,pending,
GM006541,ORDGM006541,861.90,INR,pending,
GM006542,ORDGM006542,1001.53,INR,pending,
GM006543,ORDGM006543,3089.39,INR,pending,
GM006544,ORDGM006544,2263.91,INR,pending,
GM006545,ORDGM006545,2666.24,INR,pending,
GM006546,ORDGM006546,963.79,INR,pending,
GM006547,ORDGM006547,54.93,INR,pending,
GM006548,ORDGM006548,1750.27,INR,pending,
GM006549,ORDGM006549,1344.86,INR,pending,
GM006550,ORDGM006550,281.65,INR,pending,
GM006552,ORDGM006552,106.57,INR,pending,
GM006553,ORDGM006553,7679.87,INR,pending,
GM006554,ORDGM006554,1160.93,INR,pending,
GM006555,ORDGM006555,429.09,INR,pending,
GM006556,ORDGM006556,1281.45,INR,pending,
GM006557,ORDGM006557,1539.72,INR,pending,
GM006558,ORDGM006558,1287.60,INR,pending,
GM006559,ORDGM006559,656.17,INR,pending,
GM006560,ORDGM006560,2200.94,INR,pending,
GM006562,ORDGM006562,2024.83,INR,pending,
GM006563,ORDGM006563,2063.59,INR,pending,
GM006564,ORDGM006564,1372.14,INR,pending,
GM006565,ORDGM006565,963.93,INR,pending,
GM006566,ORDGM006566,125.90,INR,pending,
GM006567,ORDGM006567,1390.54,INR,pending,
GM006569,ORDGM006569,451.45,INR,pending,
GM006570,ORDGM006570,1179.35,INR,pending,
GM006571,ORDGM006571,9909.49,INR,pending,
GM006572,ORDGM006572,770.70,INR,pending,
GM006573,ORDGM006573,11939.68,INR,pending,
GM006575,ORDGM006575,570.84,INR,pending,
GM006576,ORDGM006576,1366.06,INR,pending,
GM006577,ORDGM006577,1432.11,INR,pending,
GM006578,ORDGM006578,5682.43,INR,pending,
GM006579,ORDGM006579,5240.66,INR,pending,
GM006580,ORDGM006580,1405.49,INR,pending,
GM006581,ORDGM006581,2125.63,INR,pending,
GM006582,ORDGM006582,1653.19,INR,pending,
GM006583,ORDGM006583,1584.60,INR,pending,
GM006584,ORDGM006584,214.38,INR,pending,
GM006585,ORDGM006585,445.52,INR,pending,
GM006586,ORDGM006586,2251.89,INR,pending,
GM006587,ORDGM006587,3110.01,INR,pending,
GM006588,ORDGM006588,45.25,INR,pending,
GM006589,ORDGM006589,1499.85,INR,pending,
GM006590,ORDGM006590,3627.14,INR,pending,
GM006591,ORDGM006591,3526.87,INR,pending,
GM006592,ORDGM006592,2201.52,INR,pending,
GM006593,ORDGM006593,708.53,INR,pending,
GM006594,ORDGM006594,3586.02,INR,pending,
GM006595,ORDGM006595,1724.51,INR,pending,
GM006596,ORDGM006596,1420.64,INR,pending,
GM006598,ORDGM006598,1694.51,INR,pending,
GM006600,ORDGM006600,1590.67,INR,pending,
GM006601,ORDGM006601,477.62,INR,pending,
GM006602,ORDGM006602,1325.16,INR,pending,
GM006603,ORDGM006603,11.79,INR,pending,
GM006605,ORDGM006605,4410.71,INR,pending,
GM006606,ORDGM006606,8213.05,INR,pending,
GM006607,ORDGM006607,1957.53,INR,pending,
GM006608,ORDGM006608,1458.80,INR,pending,
GM006609,ORDGM006609,3418.55,INR,pending,
GM006610,ORDGM006610,3051.56,INR,pending,
GM006611,ORDGM006611,287.39,INR,pending,
GM006612,ORDGM006612,1128.01,INR,pending,
GM006613,ORDGM006613,1737.83,INR,pending,
GM006614,ORDGM006614,1106.81,INR,pending,
GM006615,ORDGM006615,1040.49,INR,pending,
GM006616,ORDGM006616,755.66,INR,pending,
GM006617,ORDGM006617,431.02,INR,pending,
GM006618,ORDGM006618,2537.96,INR,pending,
GM006619,ORDGM006619,155.28,INR,pending,
GM006620,ORDGM006620,4535.73,INR,pending,
GM006621,ORDGM006621,1853.57,INR,pending,
GM006622,ORDGM006622,1213.57,INR,pending,
GM006623,ORDGM006623,230.89,INR,pending,
GM006624,ORDGM006624,1041.03,INR,pending,
GM006625,ORDGM006625,2378.64,INR,pending,
GM006626,ORDGM006626,1483.97,INR,pending,
GM006627,ORDGM006627,1071.03,INR,pending,
GM006628,ORDGM006628,487.37,INR,pending,
GM006629,ORDGM006629,869.72,INR,pending,
GM006630,ORDGM006630,32.33,INR,pending,
GM006631,ORDGM006631,315.03,INR,pending,
GM006632,ORDGM006632,1459.20,INR,pending,
GM006633,ORDGM006633,2736.40,INR,pending,
GM006634,ORDGM006634,2573.19,INR,pending,
GM006636,ORDGM006636,644.43,INR,pending,
GM006637,ORDGM006637,425.49,INR,pending,
GM006638,ORDGM006638,294.41,INR,pending,
GM006639,ORDGM006639,3206.20,INR,pending,
GM006640,ORDGM006640,9989.32,INR,pending,
GM006641,ORDGM006641,209.63,INR,pending,
GM006642,ORDGM006642,430.05,INR,pending,
GM006643,ORDGM006643,407.22,INR,pending,
GM006644,ORDGM006644,3152.60,INR,pending,
GM006645,ORDGM006645,3105.85,INR,pending,
GM006646,ORDGM006646,142.48,INR,pending,
GM006647,ORDGM006647,3213.61,INR,pending,
GM006648,ORDGM006648,3772.97,INR,pending,
GM006649,ORDGM006649,2558.69,INR,pending,
GM006651,ORDGM006651,296.12,INR,pending,
GM006652,ORDGM006652,262.99,INR,pending,
GM006653,ORDGM006653,836.68,INR,pending,
GM006654,ORDGM006654,1639.09,INR,pending,
GM006655,ORDGM006655,1317.01,INR,pending,
GM006656,ORDGM006656,883.82,INR,pending,
GM006657,ORDGM006657,701.38,INR,pending,
GM006658,ORDGM006658,4554.96,INR,pending,
GM006659,ORDGM006659,1094.33,INR,pending,
GM006660,ORDGM006660,1276.31,INR,pending,
GM006661,ORDGM006661,2097.48,INR,pending,
GM006662,ORDGM006662,3071.53,INR,pending,
GM006663,ORDGM006663,185.16,INR,pending,
GM006664,ORDGM006664,3579.45,INR,pending,
GM006665,ORDGM006665,2571.70,INR,pending,
GM006666,ORDGM006666,700.62,INR,pending,
GM006667,ORDGM006667,546.86,INR,pending,
GM006669,ORDGM006669,1369.12,INR,pending,
GM006670,ORDGM006670,640.59,INR,pending,
GM006671,ORDGM006671,87.56,INR,pending,
GM006672,ORDGM006672,1250.59,INR,pending,
GM006673,ORDGM006673,969.52,INR,pending,
GM006674,ORDGM006674,1894.69,INR,pending,
GM006675,ORDGM006675,225.47,INR,pending,
GM006676,ORDGM006676,1814.34,INR,pending,
GM006677,ORDGM006677,7219.17,INR,pending,
GM006678,ORDGM006678,321.65,INR,pending,
GM006679,ORDGM006679,1103.14,INR,pending,
GM006680,ORDGM006680,527.95,INR,pending,
GM006681,ORDGM006681,2970.24,INR,pending,
GM006682,ORDGM006682,3115.30,INR,pending,
GM006683,ORDGM006683,875.90,INR,pending,
GM006684,ORDGM006684,383.93,INR,pending,
GM006685,ORDGM006685,450.77,INR,pending,
GM006686,ORDGM006686,1680.25,INR,pending,
GM006688,ORDGM006688,1453.37,INR,pending,
GM006689,ORDGM006689,2392.15,INR,pending,
GM006691,ORDGM006691,5953.45,INR,pending,
GM006692,ORDGM006692,709.73,INR,pending,
GM006693,ORDGM006693,679.33,INR,pending,
GM006694,ORDGM006694,2653.87,INR,pending,
GM006695,ORDGM006695,3932.44,INR,pending,
GM006696,ORDGM006696,1623.93,INR,pending,
GM006697,ORDGM006697,318.46,INR,pending,
GM006698,ORDGM006698,1964.57,INR,pending,
GM006699,ORDGM006699,371.77,INR,pending,
GM006700,ORDGM006700,2327.19,INR,pending,
GM006701,ORDGM006701,3168.17,INR,pending,
GM006702,ORDGM006702,1680.29,INR,pending,
GM006704,ORDGM006704,28.08,INR,pending,
GM006705,ORDGM006705,682.77,INR,pending,
GM006706,ORDGM006706,1307.42,INR,pending,
GM006707,ORDGM006707,1933.22,INR,pending,
GM006708,ORDGM006708,4521.43,INR,pending,
GM006709,ORDGM006709,1768.73,INR,pending,
GM006710,ORDGM006710,9717.80,INR,pending,
GM006711,ORDGM006711,1286.74,INR,pending,
GM006712,ORDGM006712,1015.98,INR,pending,
GM006714,ORDGM006714,1735.52,INR,pending,
GM006715,ORDGM006715,12129.23,INR,pending,
GM006716,ORDGM006716,601.97,INR,pending,
GM006717,ORDGM006717,70.56,INR,pending,
GM006718,ORDGM006718,229.12,INR,pending,
GM006719,ORDGM006719,2768.24,INR,pending,
GM006720,ORDGM006720,206.01,INR,pending,
GM006721,ORDGM006721,234.60,INR,pending,
GM006722,ORDGM006722,291.27,INR,pending,
GM006723,ORDGM006723,3496.90,INR,pending,
GM006724,ORDGM006724,7632.64,INR,pending,
GM006725,ORDGM006725,1397.24,INR,pending,
GM006726,ORDGM006726,530.61,INR,pending,
GM006727,ORDGM006727,1873.30,INR,pending,
GM006728,ORDGM006728,795.55,INR,pending,
GM006729,ORDGM006729,2355.01,INR,pending,
GM006730,ORDGM006730,2207.54,INR,pending,
GM006731,ORDGM006731,1334.77,INR,pending,
GM006732,ORDGM006732,515.45,INR,pending,
GM006733,ORDGM006733,47.96,INR,pending,
GM006734,ORDGM006734,1045.08,INR,pending,
GM006735,ORDGM006735,137.19,INR,pending,
GM006736,ORDGM006736,4836.48,INR,pending,
GM006737,ORDGM006737,2913.11,INR,pending,
GM006738,ORDGM006738,2008.49,INR,pending,
GM006739,ORDGM006739,4364.01,INR,pending,
GM006740,ORDGM006740,221.17,INR,pending,
GM006741,ORDGM006741,430.45,INR,pending,
GM006742,ORDGM006742,1252.75,INR,pending,
GM006744,ORDGM006744,372.19,INR,pending,
GM006745,ORDGM006745,789.90,INR,pending,
GM006746,ORDGM006746,1584.97,INR,pending,
GM006747,ORDGM006747,3207.67,INR,pending,
GM006748,ORDGM006748,1559.16,INR,pending,
GM006749,ORDGM006749,8302.75,INR,pending,
GM006750,ORDGM006750,5594.27,INR,pending,
GM006751,ORDGM006751,1459.53,INR,pending,
GM006752,ORDGM006752,1851.81,INR,pending,
GM006753,ORDGM006753,1344.82,INR,pending,
GM006754,ORDGM006754,3677.93,INR,pending,
GM006755,ORDGM006755,1114.14,INR,pending,
GM006756,ORDGM006756,3652.84,INR,pending,
GM006757,ORDGM006757,488.07,INR,pending,
GM006758,ORDGM006758,2163.50,INR,pending,
GM006759,ORDGM006759,339.21,INR,pending,
GM006760,ORDGM006760,6451.36,INR,pending,
GM006761,ORDGM006761,276.95,INR,pending,
GM006762,ORDGM006762,1191.28,INR,pending,
GM006763,ORDGM006763,2671.68,INR,pending,
GM006764,ORDGM006764,581.90,INR,pending,
GM006765,ORDGM006765,165.71,INR,pending,
GM006766,ORDGM006766,796.97,INR,pending,
GM006767,ORDGM006767,4351.06,INR,pending,
GM006768,ORDGM006768,380.24,INR,pending,
GM006769,ORDGM006769,2631.51,INR,pending,
GM006770,ORDGM006770,469.26,INR,pending,
GM006771,ORDGM006771,385.22,INR,pending,
GM006772,ORDGM006772,1198.45,INR,pending,
GM006773,ORDGM006773,421.86,INR,pending,
GM006774,ORDGM006774,821.97,INR,pending,
GM006775,ORDGM006775,1500.25,INR,pending,
GM006776,ORDGM006776,1677.51,INR,pending,
GM006777,ORDGM006777,666.06,INR,pending,
GM006778,ORDGM006778,3182.35,INR,pending,
GM006779,ORDGM006779,583.84,INR,pending,
GM006781,ORDGM006781,3514.47,INR,pending,
GM006782,ORDGM006782,595.28,INR,pending,
GM006783,ORDGM006783,745.48,INR,pending,
GM006784,ORDGM006784,1200.13,INR,pending,
GM006785,ORDGM006785,968.06,INR,pending,
GM006786,ORDGM006786,115.53,INR,pending,
GM006787,ORDGM006787,2659.59,INR,pending,
GM006788,ORDGM006788,1504.42,INR,pending,
GM006789,ORDGM006789,1836.63,INR,pending,
GM006790,ORDGM006790,11934.19,INR,pending,
GM006791,ORDGM006791,1458.76,INR,pending,
GM006792,ORDGM006792,1024.06,INR,pending,
GM006794,ORDGM006794,1844.68,INR,pending,
GM006795,ORDGM006795,4366.66,INR,pending,
GM006796,ORDGM006796,86.15,INR,pending,
GM006797,ORDGM006797,2184.05,INR,pending,
GM006798,ORDGM006798,830.77,INR,pending,
GM006799,ORDGM006799,1189.33,INR,pending,
GM006800,ORDGM006800,2593.72,INR,pending,
GM006801,ORDGM006801,1348.00,INR,pending,
GM006802,ORDGM006802,610.20,INR,pending,
GM006803,ORDGM006803,3159.88,INR,pending,
GM006804,ORDGM006804,835.23,INR,pending,
GM006806,ORDGM006806,3020.38,INR,pending,
GM006807,ORDGM006807,5304.44,INR,pending,
GM006808,ORDGM006808,3355.61,INR,pending,
GM006809,ORDGM006809,4533.37,INR,pending,
GM006810,ORDGM006810,1309.31,INR,pending,
GM006811,ORDGM006811,1178.26,INR,pending,
GM006812,ORDGM006812,1202.77,INR,pending,
GM006813,ORDGM006813,1459.58,INR,pending,
GM006814,ORDGM006814,780.49,INR,pending,
GM006815,ORDGM006815,2294.17,INR,pending,
GM006816,ORDGM006816,2953.23,INR,pending,
GM006817,ORDGM006817,295.52,INR,pending,
GM006818,ORDGM006818,842.09,INR,pending,
GM006819,ORDGM006819,1548.94,INR,pending,
GM006820,ORDGM006820,1165.82,INR,pending,
GM006821,ORDGM006821,169.87,INR,pending,
GM006822,ORDGM006822,4286.61,INR,pending,
GM006823,ORDGM006823,820.63,INR,pending,
GM006824,ORDGM006824,1886.37,INR,pending,
GM006826,ORDGM006826,185.53,INR,pending,
GM006827,ORDGM006827,4556.31,INR,pending,
GM006828,ORDGM006828,221.05,INR,pending,
GM006829,ORDGM006829,620.69,INR,pending,
GM006830,ORDGM006830,1966.20,INR,pending,
GM006831,ORDGM006831,129.82,INR,pending,
GM006832,ORDGM006832,840.06,INR,pending,
GM006833,ORDGM006833,3404.74,INR,pending,
GM006834,ORDGM006834,791.60,INR,pending,
GM006835,ORDGM006835,33.03,INR,pending,
GM006837,ORDGM006837,2432.44,INR,pending,
GM006838,ORDGM006838,578.11,INR,pending,
GM006839,ORDGM006839,989.64,INR,pending,
GM006840,ORDGM006840,1594.23,INR,pending,
GM006841,ORDGM006841,1179.00,INR,pending,
GM006842,ORDGM006842,2929.31,INR,pending,
GM006843,ORDGM006843,3582.38,INR,pending,
GM006844,ORDGM006844,65.71,INR,pending,
GM006845,ORDGM006845,2399.10,INR,pending,
GM006846,ORDGM006846,753.31,INR,pending,
GM006847,ORDGM006847,981.92,INR,pending,
GM006848,ORDGM006848,399.17,INR,pending,
GM006849,ORDGM006849,983.62,INR,pending,
GM006850,ORDGM006850,8859.71,INR,pending,
GM006851,ORDGM006851,196.59,INR,pending,
GM006852,ORDGM006852,2207.34,INR,pending,
GM006853,ORDGM006853,1999.08,INR,pending,
GM006854,ORDGM006854,435.59,INR,pending,
GM006855,ORDGM006855,1166.37,INR,pending,
GM006856,ORDGM006856,3118.24,INR,pending,
GM006858,ORDGM006858,686.86,INR,pending,
GM006859,ORDGM006859,1685.60,INR,pending,
GM006860,ORDGM006860,2208.10,INR,pending,
GM006861,ORDGM006861,509.60,INR,pending,
GM006862,ORDGM006862,1334.99,INR,pending,
GM006863,ORDGM006863,406.59,INR,pending,
GM006864,ORDGM006864,5033.35,INR,pending,
GM006865,ORDGM006865,698.69,INR,pending,
GM006866,ORDGM006866,1763.02,INR,pending,
GM006867,ORDGM006867,2755.32,INR,pending,
GM006868,ORDGM006868,4907.89,INR,pending,
GM006869,ORDGM006869,3028.21,INR,pending,
GM006871,ORDGM006871,1549.68,INR,pending,
GM006872,ORDGM006872,1016.98,INR,pending,
GM006873,ORDGM006873,991.36,INR,pending,
GM006874,ORDGM006874,1474.24,INR,pending,
GM006875,ORDGM006875,2169.65,INR,pending,
GM006876,ORDGM006876,412.62,INR,pending,
GM006877,ORDGM006877,2532.17,INR,pending,
GM006878,ORDGM006878,921.62,INR,pending,
GM006879,ORDGM006879,1144.18,INR,pending,
GM006880,ORDGM006880,7743.89,INR,pending,
GM006881,ORDGM006881,219.33,INR,pending,
GM006882,ORDGM006882,2224.15,INR,pending,
GM006883,ORDGM006883,1291.78,INR,pending,
GM006884,ORDGM006884,1817.71,INR,pending,
GM006885,ORDGM006885,3245.33,INR,pending,
GM006886,ORDGM006886,803.25,INR,pending,
GM006887,ORDGM006887,2598.97,INR,pending,
GM006889,ORDGM006889,648.60,INR,pending,
GM006890,ORDGM006890,2497.40,INR,pending,
GM006891,ORDGM006891,3043.50,INR,pending,
GM006892,ORDGM006892,807.85,INR,pending,
GM006893,ORDGM006893,1764.43,INR,pending,
GM006894,ORDGM006894,4112.41,INR,pending,
GM006895,ORDGM006895,2133.84,INR,pending,
GM006896,ORDGM006896,1684.54,INR,pending,
GM006898,ORDGM006898,2330.28,INR,pending,
GM006899,ORDGM006899,3251.78,INR,pending,
GM006900,ORDGM006900,3074.50,INR,pending,
GM006901,ORDGM006901,272.16,INR,pending,
GM006902,ORDGM006902,255.72,INR,pending,
GM006903,ORDGM006903,1863.80,INR,pending,
GM006904,ORDGM006904,1894.65,INR,pending,
GM006905,ORDGM006905,855.90,INR,pending,
GM006906,ORDGM006906,382.84,INR,pending,
GM006908,ORDGM006908,923.33,INR,pending,
GM006909,ORDGM006909,3739.77,INR,pending,
GM006910,ORDGM006910,4075.21,INR,pending,
GM006911,ORDGM006911,4990.15,INR,pending,
GM006912,ORDGM006912,376.08,INR,pending,
GM006913,ORDGM006913,2733.46,INR,pending,
GM006914,ORDGM006914,1381.64,INR,pending,
GM006915,ORDGM006915,1001.01,INR,pending,
GM006916,ORDGM006916,34.95,INR,pending,
GM006917,ORDGM006917,831.85,INR,pending,
GM006918,ORDGM006918,5001.52,INR,pending,
GM006919,ORDGM006919,701.10,INR,pending,
GM006920,ORDGM006920,3163.04,INR,pending,
GM006921,ORDGM006921,4073.12,INR,pending,
GM006922,ORDGM006922,1690.35,INR,pending,
GM006923,ORDGM006923,4046.80,INR,pending,
GM006924,ORDGM006924,2523.49,INR,pending,
GM006925,ORDGM006925,1152.12,INR,pending,
GM006926,ORDGM006926,2278.53,INR,pending,
GM006927,ORDGM006927,490.33,INR,pending,
GM006928,ORDGM006928,2908.68,INR,pending,
GM006929,ORDGM006929,2040.12,INR,pending,
GM006931,ORDGM006931,1523.30,INR,pending,
GM006933,ORDGM006933,2463.59,INR,pending,
GM006934,ORDGM006934,596.57,INR,pending,
GM006935,ORDGM006935,1999.24,INR,pending,
GM006936,ORDGM006936,57.61,INR,pending,
GM006937,ORDGM006937,1379.84,INR,pending,
GM006938,ORDGM006938,5698.03,INR,pending,
GM006939,ORDGM006939,31.05,INR,pending,
GM006940,ORDGM006940,2987.78,INR,pending,
GM006941,ORDGM006941,7374.76,INR,pending,
GM006942,ORDGM006942,242.17,INR,pending,
GM006943,ORDGM006943,3827.48,INR,pending,
GM006944,ORDGM006944,13479.27,INR,pending,
GM006945,ORDGM006945,416.96,INR,pending,
GM006946,ORDGM006946,635.65,INR,pending,
GM006947,ORDGM006947,690.18,INR,pending,
GM006948,ORDGM006948,6676.28,INR,pending,
GM006949,ORDGM006949,2698.46,INR,pending,
GM006950,ORDGM006950,11704.70,INR,pending,
GM006951,ORDGM006951,40.82,INR,pending,
GM006952,ORDGM006952,3562.02,INR,pending,
GM006953,ORDGM006953,5720.14,INR,pending,
GM006954,ORDGM006954,589.33,INR,pending,
GM006955,ORDGM006955,3253.19,INR,pending,
GM006956,ORDGM006956,2746.55,INR,pending,
GM006958,ORDGM006958,631.21,INR,pending,
GM006959,ORDGM006959,1557.50,INR,pending,
GM006960,ORDGM006960,847.82,INR,pending,
GM006961,ORDGM006961,354.15,INR,pending,
GM006962,ORDGM006962,595.95,INR,pending,
GM006963,ORDGM006963,1843.08,INR,pending,
GM006964,ORDGM006964,476.90,INR,pending,
GM006965,ORDGM006965,1265.74,INR,pending,
GM006966,ORDGM006966,169.89,INR,pending,
GM006967,ORDGM006967,760.15,INR,pending,
GM006968,ORDGM006968,4001.71,INR,pending,
GM006969,ORDGM006969,92.93,INR,pending,
GM006970,ORDGM006970,169.62,INR,pending,
GM006971,ORDGM006971,1262.88,INR,pending,
GM006972,ORDGM006972,3298.95,INR,pending,
GM006973,ORDGM006973,25.84,INR,pending,
GM006974,ORDGM006974,561.27,INR,pending,
GM006975,ORDGM006975,1742.33,INR,pending,
GM006976,ORDGM006976,2401.78,INR,pending,
GM006977,ORDGM006977,350.69,INR,pending,
GM006978,ORDGM006978,2738.80,INR,pending,
GM006979,ORDGM006979,2892.08,INR,pending,
GM006980,ORDGM006980,7899.50,INR,pending,
GM006981,ORDGM006981,282.24,INR,pending,
GM006982,ORDGM006982,2294.46,INR,pending,
GM006983,ORDGM006983,3056.28,INR,pending,
GM006984,ORDGM006984,383.45,INR,pending,
GM006985,ORDGM006985,296.38,INR,pending,
GM006986,ORDGM006986,115.74,INR,pending,
GM006987,ORDGM006987,371.11,INR,pending,
GM006988,ORDGM006988,682.33,INR,pending,
GM006989,ORDGM006989,750.06,INR,pending,
GM006990,ORDGM006990,697.49,INR,pending,
GM006991,ORDGM006991,2049.58,INR,pending,
GM006992,ORDGM006992,892.32,INR,pending,
GM006993,ORDGM006993,1559.39,INR,pending,
GM006994,ORDGM006994,47.25,INR,pending,
GM006995,ORDGM006995,87.79,INR,pending,
GM006996,ORDGM006996,2197.09,INR,pending,
GM006997,ORDGM006997,493.60,INR,pending,
GM006998,ORDGM006998,319.82,INR,pending,
GM006999,ORDGM006999,1324.45,INR,pending,
GM007000,ORDGM007000,1189.91,INR,pending,
GM007001,ORDGM007001,969.66,INR,pending,
GM007002,ORDGM007002,958.70,INR,pending,
GM007003,ORDGM007003,3496.93,INR,pending,
GM007004,ORDGM007004,213.47,INR,pending,
GM007005,ORDGM007005,1729.65,INR,pending,
GM007006,ORDGM007006,799.86,INR,pending,
GM007007,ORDGM007007,500.32,INR,pending,
GM007008,ORDGM007008,2701.47,INR,pending,
GM007010,ORDGM007010,2409.41,INR,pending,
GM007011,ORDGM007011,2651.76,INR,pending,
GM007012,ORDGM007012,2556.31,INR,pending,
GM007013,ORDGM007013,2366.58,INR,pending,
GM007014,ORDGM007014,278.05,INR,pending,
GM007015,ORDGM007015,273.07,INR,pending,
GM007016,ORDGM007016,8577.27,INR,pending,
GM007017,ORDGM007017,619.59,INR,pending,
GM007018,ORDGM007018,3785.12,INR,pending,
GM007019,ORDGM007019,2304.48,INR,pending,
GM007020,ORDGM007020,71.38,INR,pending,
GM007021,ORDGM007021,751.77,INR,pending,
GM007022,ORDGM007022,35.83,INR,pending,
GM007023,ORDGM007023,9800.91,INR,pending,
GM007024,ORDGM007024,4128.93,INR,pending,
GM007025,ORDGM007025,2041.74,INR,pending,
GM007026,ORDGM007026,1244.84,INR,pending,
GM007027,ORDGM007027,2035.02,INR,pending,
GM007028,ORDGM007028,1055.48,INR,pending,
GM007029,ORDGM007029,3727.20,INR,pending,
GM007030,ORDGM007030,5255.69,INR,pending,
GM007031,ORDGM007031,2302.71,INR,pending,
GM007032,ORDGM007032,569.10,INR,pending,
GM007033,ORDGM007033,2228.37,INR,pending,
GM007034,ORDGM007034,265.30,INR,pending,
GM007035,ORDGM007035,1493.58,INR,pending,
GM007036,ORDGM007036,1029.51,INR,pending,
GM007037,ORDGM007037,253.92,INR,pending,
GM007038,ORDGM007038,3326.00,INR,pending,
GM007039,ORDGM007039,1725.68,INR,pending,
GM007040,ORDGM007040,322.83,INR,pending,
GM007041,ORDGM007041,1531.97,INR,pending,
GM007042,ORDGM007042,4633.76,INR,pending,
GM007045,ORDGM007045,427.87,INR,pending,
GM007046,ORDGM007046,673.03,INR,pending,
GM007047,ORDGM007047,410.01,INR,pending,
GM007048,ORDGM007048,1797.95,INR,pending,
GM007049,ORDGM007049,5279.38,INR,pending,
GM007050,ORDGM007050,4853.57,INR,pending,
GM007051,ORDGM007051,1196.67,INR,pending,
GM007052,ORDGM007052,1372.18,INR,pending,
GM007053,ORDGM007053,4420.44,INR,pending,
GM007054,ORDGM007054,2595.64,INR,pending,
GM007055,ORDGM007055,1852.07,INR,pending,
GM007056,ORDGM007056,2998.47,INR,pending,
GM007057,ORDGM007057,2872.93,INR,pending,
GM007058,ORDGM007058,3764.36,INR,pending,
GM007060,ORDGM007060,1789.03,INR,pending,
GM007061,ORDGM007061,2354.81,INR,pending,
GM007062,ORDGM007062,2195.52,INR,pending,
GM007063,ORDGM007063,448.74,INR,pending,
GM007064,ORDGM007064,474.63,INR,pending,
GM007065,ORDGM007065,2441.59,INR,pending,
GM007066,ORDGM007066,2738.83,INR,pending,
GM007067,ORDGM007067,956.92,INR,pending,
GM007068,ORDGM007068,330.79,INR,pending,
GM007070,ORDGM007070,5748.87,INR,pending,
GM007071,ORDGM007071,481.72,INR,pending,
GM007072,ORDGM007072,681.65,INR,pending,
GM007073,ORDGM007073,746.60,INR,pending,
GM007074,ORDGM007074,5181.65,INR,pending,
GM007076,ORDGM007076,3205.97,INR,pending,
GM007077,ORDGM007077,779.15,INR,pending,
GM007078,ORDGM007078,5.44,INR,pending,
GM007079,ORDGM007079,2633.00,INR,pending,
GM007080,ORDGM007080,1136.44,INR,pending,
GM007081,ORDGM007081,1619.58,INR,pending,
GM007082,ORDGM007082,151.76,INR,pending,
GM007083,ORDGM007083,2881.25,INR,pending,
GM007084,ORDGM007084,6860.24,INR,pending,
GM007085,ORDGM007085,290.21,INR,pending,
GM007086,ORDGM007086,1884.04,INR,pending,
GM007088,ORDGM007088,6273.06,INR,pending,
GM007089,ORDGM007089,1819.66,INR,pending,
GM007090,ORDGM007090,1011.63,INR,pending,
GM007091,ORDGM007091,1540.42,INR,pending,
GM007092,ORDGM007092,1177.25,INR,pending,
GM007093,ORDGM007093,202.95,INR,pending,
GM007094,ORDGM007094,1622.30,INR,pending,
GM007095,ORDGM007095,1275.32,INR,pending,
GM007096,ORDGM007096,1041.92,INR,pending,
GM007097,ORDGM007097,2535.64,INR,pending,
GM007098,ORDGM007098,159.79,INR,pending,
GM007099,ORDGM007099,7318.02,INR,pending,
GM007100,ORDGM007100,9824.27,INR,pending,
GM007101,ORDGM007101,6282.68,INR,pending,
GM007102,ORDGM007102,176.82,INR,pending,
GM007103,ORDGM007103,2043.20,INR,pending,
GM007104,ORDGM007104,2490.34,INR,pending,
GM007105,ORDGM007105,269.79,INR,pending,
GM007106,ORDGM007106,300.99,INR,pending,
GM007107,ORDGM007107,1469.54,INR,pending,
GM007108,ORDGM007108,968.01,INR,pending,
GM007110,ORDGM007110,1707.91,INR,pending,
GM007111,ORDGM007111,1171.78,INR,pending,
GM007113,ORDGM007113,215.03,INR,pending,
GM007114,ORDGM007114,1045.93,INR,pending,
GM007115,ORDGM007115,77.94,INR,pending,
GM007116,ORDGM007116,190.79,INR,pending,
GM007117,ORDGM007117,1188.34,INR,pending,
GM007118,ORDGM007118,1653.42,INR,pending,
GM007119,ORDGM007119,4554.18,INR,pending,
GM007120,ORDGM007120,2257.54,INR,pending,
GM007121,ORDGM007121,2203.46,INR,pending,
GM007122,ORDGM007122,761.34,INR,pending,
GM007123,ORDGM007123,7379.51,INR,pending,
GM007124,ORDGM007124,1504.33,INR,pending,
GM007125,ORDGM007125,2647.18,INR,pending,
GM007126,ORDGM007126,2575.67,INR,pending,
GM007127,ORDGM007127,463.00,INR,pending,
GM007128,ORDGM007128,4040.78,INR,pending,
GM007129,ORDGM007129,741.78,INR,pending,
GM007130,ORDGM007130,6435.39,INR,pending,
GM007131,ORDGM007131,3066.30,INR,pending,
GM007132,ORDGM007132,423.01,INR,pending,
GM007133,ORDGM007133,5061.29,INR,pending,
GM007134,ORDGM007134,186.99,INR,pending,
GM007135,ORDGM007135,463.60,INR,pending,
GM007136,ORDGM007136,1029.69,INR,pending,
GM007137,ORDGM007137,152.98,INR,pending,
GM007138,ORDGM007138,599.58,INR,pending,
GM007139,ORDGM007139,1303.69,INR,pending,
GM007140,ORDGM007140,565.07,INR,pending,
GM007141,ORDGM007141,1889.88,INR,pending,
GM007142,ORDGM007142,2046.79,INR,pending,
GM007143,ORDGM007143,4673.47,INR,pending,
GM007144,ORDGM007144,994.23,INR,pending,
GM007145,ORDGM007145,3218.19,INR,pending,
GM007146,ORDGM007146,2311.99,INR,pending,
GM007147,ORDGM007147,1513.16,INR,pending,
GM007148,ORDGM007148,2863.08,INR,pending,
GM007149,ORDGM007149,1996.87,INR,pending,
GM007150,ORDGM007150,46.15,INR,pending,
GM007151,ORDGM007151,5420.40,INR,pending,
GM007152,ORDGM007152,382.09,INR,pending,
GM007154,ORDGM007154,3710.45,INR,pending,
GM007155,ORDGM007155,730.62,INR,pending,
GM007156,ORDGM007156,1078.06,INR,pending,
GM007157,ORDGM007157,105.81,INR,pending,
GM007158,ORDGM007158,3249.02,INR,pending,
GM007159,ORDGM007159,2957.02,INR,pending,
GM007160,ORDGM007160,167.42,INR,pending,
GM007161,ORDGM007161,747.59,INR,pending,
GM007162,ORDGM007162,1121.62,INR,pending,
GM007163,ORDGM007163,610.88,INR,pending,
GM007164,ORDGM007164,3048.56,INR,pending,
GM007165,ORDGM007165,5145.06,INR,pending,
GM007166,ORDGM007166,4529.96,INR,pending,
GM007167,ORDGM007167,4064.13,INR,pending,
GM007168,ORDGM007168,1390.04,INR,pending,
GM007169,ORDGM007169,2083.77,INR,pending,
GM007170,ORDGM007170,1438.26,INR,pending,
GM007171,ORDGM007171,3174.34,INR,pending,
GM007172,ORDGM007172,210.60,INR,pending,
GM007173,ORDGM007173,388.48,INR,pending,
GM007174,ORDGM007174,7306.19,INR,pending,
GM007175,ORDGM007175,1612.81,INR,pending,
GM007176,ORDGM007176,4085.82,INR,pending,
GM007177,ORDGM007177,3492.85,INR,pending,
GM007178,ORDGM007178,1509.92,INR,pending,
GM007179,ORDGM007179,4991.91,INR,pending,
GM007180,ORDGM007180,2393.37,INR,pending,
GM007181,ORDGM007181,2439.23,INR,pending,
GM007182,ORDGM007182,2246.32,INR,pending,
GM007183,ORDGM007183,8849.87,INR,pending,
GM007184,ORDGM007184,1069.64,INR,pending,
GM007185,ORDGM007185,11.87,INR,pending,
GM007186,ORDGM007186,7745.97,INR,pending,
GM007187,ORDGM007187,606.74,INR,pending,
GM007188,ORDGM007188,2749.07,INR,pending,
GM007189,ORDGM007189,6073.33,INR,pending,
GM007190,ORDGM007190,677.52,INR,pending,
GM007191,ORDGM007191,1486.28,INR,pending,
GM007192,ORDGM007192,1.24,INR,pending,
GM007193,ORDGM007193,4528.26,INR,pending,
GM007195,ORDGM007195,1016.97,INR,pending,
GM007196,ORDGM007196,1892.88,INR,pending,
GM007197,ORDGM007197,1819.85,INR,pending,
GM007198,ORDGM007198,3016.19,INR,pending,
GM007199,ORDGM007199,2831.91,INR,pending,
GM007200,ORDGM007200,405.45,INR,pending,
GM007201,ORDGM007201,2249.09,INR,pending,
GM007203,ORDGM007203,4509.75,INR,pending,
GM007204,ORDGM007204,3507.10,INR,pending,
GM007205,ORDGM007205,90.03,INR,pending,
GM007207,ORDGM007207,554.56,INR,pending,
GM007209,ORDGM007209,7281.44,INR,pending,
GM007210,ORDGM007210,876.59,INR,pending,
GM007211,ORDGM007211,293.74,INR,pending,
GM007212,ORDGM007212,559.71,INR,pending,
GM007213,ORDGM007213,2943.85,INR,pending,
GM007214,ORDGM007214,545.30,INR,pending,
GM007215,ORDGM007215,2632.63,INR,pending,
GM007216,ORDGM007216,2880.79,INR,pending,
GM007218,ORDGM007218,2369.59,INR,pending,
GM007219,ORDGM007219,862.81,INR,pending,
GM007221,ORDGM007221,2738.61,INR,pending,
GM007222,ORDGM007222,313.22,INR,pending,
GM007223,ORDGM007223,5556.83,INR,pending,
GM007224,ORDGM007224,4043.75,INR,pending,
GM007225,ORDGM007225,3826.01,INR,pending,
GM007226,ORDGM007226,3155.86,INR,pending,
GM007227,ORDGM007227,1375.17,INR,pending,
GM007228,ORDGM007228,1319.12,INR,pending,
GM007229,ORDGM007229,1859.47,INR,pending,
GM007230,ORDGM007230,1815.19,INR,pending,
GM007232,ORDGM007232,453.31,INR,pending,
GM007233,ORDGM007233,705.20,INR,pending,
GM007234,ORDGM007234,875.05,INR,pending,
GM007235,ORDGM007235,3643.11,INR,pending,
GM007236,ORDGM007236,855.65,INR,pending,
GM007237,ORDGM007237,127.59,INR,pending,
GM007238,ORDGM007238,583.17,INR,pending,
GM007239,ORDGM007239,1878.15,INR,pending,
GM007240,ORDGM007240,2578.22,INR,pending,
GM007242,ORDGM007242,3518.22,INR,pending,
GM007243,ORDGM007243,1962.73,INR,pending,
GM007244,ORDGM007244,4274.39,INR,pending,
GM007245,ORDGM007245,693.79,INR,pending,
GM007247,ORDGM007247,2448.54,INR,pending,
GM007248,ORDGM007248,670.95,INR,pending,
GM007249,ORDGM007249,4087.50,INR,pending,
GM007250,ORDGM007250,9950.78,INR,pending,
GM007251,ORDGM007251,1101.95,INR,pending,
GM007252,ORDGM007252,2066.62,INR,pending,
GM007254,ORDGM007254,289.21,INR,pending,
GM007255,ORDGM007255,249.27,INR,pending,
GM007256,ORDGM007256,486.93,INR,pending,
GM007257,ORDGM007257,1096.28,INR,pending,
GM007258,ORDGM007258,474.55,INR,pending,
GM007259,ORDGM007259,61.07,INR,pending,
GM007260,ORDGM007260,562.46,INR,pending,
GM007262,ORDGM007262,1589.21,INR,pending,
GM007263,ORDGM007263,2139.40,INR,pending,
GM007264,ORDGM007264,177.82,INR,pending,
GM007265,ORDGM007265,2635.66,INR,pending,
GM007266,ORDGM007266,647.93,INR,pending,
GM007267,ORDGM007267,151.39,INR,pending,
GM007268,ORDGM007268,856.39,INR,pending,
GM007269,ORDGM007269,1071.82,INR,pending,
GM007271,ORDGM007271,1217.21,INR,pending,
GM007272,ORDGM007272,2718.99,INR,pending,
GM007273,ORDGM007273,1846.35,INR,pending,
GM007274,ORDGM007274,167.52,INR,pending,
GM007275,ORDGM007275,122.83,INR,pending,
GM007279,ORDGM007279,635.86,INR,pending,
GM007280,ORDGM007280,2019.88,INR,pending,
GM007281,ORDGM007281,514.10,INR,pending,
GM007282,ORDGM007282,2934.90,INR,pending,
GM007283,ORDGM007283,5805.47,INR,pending,
GM007284,ORDGM007284,780.81,INR,pending,
GM007285,ORDGM007285,36.85,INR,pending,
GM007286,ORDGM007286,1979.89,INR,pending,
GM007287,ORDGM007287,1624.19,INR,pending,
GM007288,ORDGM007288,569.92,INR,pending,
GM007289,ORDGM007289,153.46,INR,pending,
GM007290,ORDGM007290,5491.97,INR,pending,
GM007291,ORDGM007291,309.74,INR,pending,
GM007292,ORDGM007292,3825.89,INR,pending,
GM007294,ORDGM007294,1216.89,INR,pending,
GM007295,ORDGM007295,397.43,INR,pending,
GM007298,ORDGM007298,1341.05,INR,pending,
GM007299,ORDGM007299,1362.38,INR,pending,
GM007300,ORDGM007300,179.45,INR,pending,
GM007301,ORDGM007301,983.05,INR,pending,
GM007302,ORDGM007302,2582.31,INR,pending,
GM007303,ORDGM007303,220.72,INR,pending,
GM007304,ORDGM007304,3356.75,INR,pending,
GM007305,ORDGM007305,2405.66,INR,pending,
GM007306,ORDGM007306,2859.93,INR,pending,
GM007308,ORDGM007308,6533.37,INR,pending,
GM007309,ORDGM007309,2142.51,INR,pending,
GM007310,ORDGM007310,760.23,INR,pending,
GM007311,ORDGM007311,243.46,INR,pending,
GM007313,ORDGM007313,1559.49,INR,pending,
GM007314,ORDGM007314,726.85,INR,pending,
GM007315,ORDGM007315,427.80,INR,pending,
GM007316,ORDGM007316,265.67,INR,pending,
GM007317,ORDGM007317,1066.46,INR,pending,
GM007318,ORDGM007318,3148.15,INR,pending,
GM007319,ORDGM007319,4.47,INR,pending,
GM007320,ORDGM007320,939.59,INR,pending,
GM007321,ORDGM007321,3044.47,INR,pending,
GM007322,ORDGM007322,4854.94,INR,pending,
GM007323,ORDGM007323,1899.84,INR,pending,
GM007324,ORDGM007324,3229.97,INR,pending,
GM007325,ORDGM007325,2175.87,INR,pending,
GM007326,ORDGM007326,2790.92,INR,pending,
GM007327,ORDGM007327,418.59,INR,pending,
GM007328,ORDGM007328,1770.53,INR,pending,
GM007329,ORDGM007329,1131.64,INR,pending,
GM007330,ORDGM007330,353.07,INR,pending,
GM007331,ORDGM007331,5155.46,INR,pending,
GM007332,ORDGM007332,19.43,INR,pending,
GM007333,ORDGM007333,2100.17,INR,pending,
GM007334,ORDGM007334,109.01,INR,pending,
GM007335,ORDGM007335,2037.52,INR,pending,
GM007336,ORDGM007336,1096.00,INR,pending,
GM007337,ORDGM007337,1527.31,INR,pending,
GM007338,ORDGM007338,1740.77,INR,pending,
GM007339,ORDGM007339,551.29,INR,pending,
GM007340,ORDGM007340,1248.47,INR,pending,
GM007341,ORDGM007341,1297.24,INR,pending,
GM007342,ORDGM007342,909.39,INR,pending,
GM007343,ORDGM007343,7465.02,INR,pending,
GM007344,ORDGM007344,5757.55,INR,pending,
GM007345,ORDGM007345,3162.93,INR,pending,
GM007346,ORDGM007346,6551.48,INR,pending,
GM007347,ORDGM007347,1434.07,INR,pending,
GM007348,ORDGM007348,3786.79,INR,pending,
GM007350,ORDGM007350,1867.65,INR,pending,
GM007351,ORDGM007351,6824.25,INR,pending,
GM007353,ORDGM007353,1573.77,INR,pending,
GM007354,ORDGM007354,3655.09,INR,pending,
GM007355,ORDGM007355,2113.16,INR,pending,
GM007356,ORDGM007356,6379.96,INR,pending,
GM007357,ORDGM007357,988.97,INR,pending,
GM007358,ORDGM007358,8742.62,INR,pending,
GM007359,ORDGM007359,775.06,INR,pending,
GM007360,ORDGM007360,1182.58,INR,pending,
GM007361,ORDGM007361,462.48,INR,pending,
GM007362,ORDGM007362,6963.15,INR,pending,
GM007363,ORDGM007363,54.77,INR,pending,
GM007364,ORDGM007364,4956.22,INR,pending,
GM007365,ORDGM007365,1893.82,INR,pending,
GM007366,ORDGM007366,292.73,INR,pending,
GM007367,ORDGM007367,712.75,INR,pending,
GM007369,ORDGM007369,229.80,INR,pending,
GM007370,ORDGM007370,7099.17,INR,pending,
GM007372,ORDGM007372,2879.81,INR,pending,
GM007373,ORDGM007373,585.57,INR,pending,
GM007374,ORDGM007374,1253.70,INR,pending,
GM007375,ORDGM007375,211.77,INR,pending,
GM007376,ORDGM007376,2084.40,INR,pending,
GM007378,ORDGM007378,1595.81,INR,pending,
GM007379,ORDGM007379,998.39,INR,pending,
GM007380,ORDGM007380,3216.89,INR,pending,
GM007381,ORDGM007381,966.31,INR,pending,
GM007382,ORDGM007382,1989.72,INR,pending,
GM007383,ORDGM007383,855.72,INR,pending,
GM007384,ORDGM007384,402.72,INR,pending,
GM007385,ORDGM007385,258.38,INR,pending,
GM007386,ORDGM007386,3143.94,INR,pending,
GM007387,ORDGM007387,2873.85,INR,pending,
GM007388,ORDGM007388,3441.26,INR,pending,
GM007389,ORDGM007389,529.38,INR,pending,
GM007390,ORDGM007390,1268.48,INR,pending,
GM007391,ORDGM007391,351.39,INR,pending,
GM007392,ORDGM007392,1023.27,INR,pending,
GM007393,ORDGM007393,1644.98,INR,pending,
GM007394,ORDGM007394,244.53,INR,pending,
GM007395,ORDGM007395,318.85,INR,pending,
GM007396,ORDGM007396,2596.24,INR,pending,
GM007397,ORDGM007397,695.86,INR,pending,
GM007398,ORDGM007398,3095.44,INR,pending,
GM007399,ORDGM007399,1401.08,INR,pending,
GM007400,ORDGM007400,1251.70,INR,pending,
GM007401,ORDGM007401,872.76,INR,pending,
GM007402,ORDGM007402,4033.21,INR,pending,
GM007403,ORDGM007403,2975.01,INR,pending,
GM007404,ORDGM007404,2635.21,INR,pending,
GM007405,ORDGM007405,1715.42,INR,pending,
GM007406,ORDGM007406,2490.70,INR,pending,
GM007407,ORDGM007407,3998.16,INR,pending,
GM007408,ORDGM007408,694.59,INR,pending,
GM007409,ORDGM007409,704.15,INR,pending,
GM007410,ORDGM007410,3087.25,INR,pending,
GM007411,ORDGM007411,101.80,INR,pending,
GM007412,ORDGM007412,3017.69,INR,pending,
GM007413,ORDGM007413,433.28,INR,pending,
GM007414,ORDGM007414,1529.46,INR,pending,
GM007415,ORDGM007415,2533.27,INR,pending,
GM007416,ORDGM007416,2919.45,INR,pending,
GM007417,ORDGM007417,1060.43,INR,pending,
GM007418,ORDGM007418,134.33,INR,pending,
GM007419,ORDGM007419,993.72,INR,pending,
GM007420,ORDGM007420,5584.39,INR,pending,
GM007421,ORDGM007421,686.62,INR,pending,
GM007422,ORDGM007422,725.17,INR,pending,
GM007423,ORDGM007423,2445.80,INR,pending,
GM007424,ORDGM007424,784.69,INR,pending,
GM007425,ORDGM007425,804.61,INR,pending,
GM007426,ORDGM007426,2127.58,INR,pending,
GM007427,ORDGM007427,655.23,INR,pending,
GM007429,ORDGM007429,1508.24,INR,pending,
GM007430,ORDGM007430,5492.54,INR,pending,
GM007431,ORDGM007431,73.50,INR,pending,
GM007432,ORDGM007432,175.91,INR,pending,
GM007433,ORDGM007433,8086.18,INR,pending,
GM007434,ORDGM007434,2493.60,INR,pending,
GM007435,ORDGM007435,594.43,INR,pending,
GM007436,ORDGM007436,349.89,INR,pending,
GM007437,ORDGM007437,3214.19,INR,pending,
GM007438,ORDGM007438,510.40,INR,pending,
GM007439,ORDGM007439,1503.40,INR,pending,
GM007441,ORDGM007441,360.64,INR,pending,
GM007442,ORDGM007442,749.04,INR,pending,
GM007443,ORDGM007443,4290.14,INR,pending,
GM007444,ORDGM007444,2270.47,INR,pending,
GM007445,ORDGM007445,5551.98,INR,pending,
GM007446,ORDGM007446,1015.52,INR,pending,
GM007447,ORDGM007447,2584.48,INR,pending,
GM007449,ORDGM007449,3671.84,INR,pending,
GM007450,ORDGM007450,166.13,INR,pending,
GM007451,ORDGM007451,1223.50,INR,pending,
GM007452,ORDGM007452,1781.89,INR,pending,
GM007453,ORDGM007453,2572.61,INR,pending,
GM007454,ORDGM007454,817.20,INR,pending,
GM007455,ORDGM007455,705.17,INR,pending,
GM007456,ORDGM007456,657.49,INR,pending,
GM007457,ORDGM007457,1718.16,INR,pending,
GM007458,ORDGM007458,1062.83,INR,pending,
GM007459,ORDGM007459,4050.40,INR,pending,
GM007460,ORDGM007460,8623.15,INR,pending,
GM007461,ORDGM007461,3257.87,INR,pending,
GM007462,ORDGM007462,591.20,INR,pending,
GM007463,ORDGM007463,4789.57,INR,pending,
GM007464,ORDGM007464,1596.58,INR,pending,
GM007465,ORDGM007465,185.39,INR,pending,
GM007466,ORDGM007466,213.78,INR,pending,
GM007467,ORDGM007467,552.35,INR,pending,
GM007468,ORDGM007468,1303.06,INR,pending,
GM007469,ORDGM007469,211.14,INR,pending,
GM007470,ORDGM007470,6780.50,INR,pending,
GM007471,ORDGM007471,1258.08,INR,pending,
GM007472,ORDGM007472,599.38,INR,pending,
GM007473,ORDGM007473,4283.47,INR,pending,
GM007474,ORDGM007474,2335.15,INR,pending,
GM007475,ORDGM007475,2528.46,INR,pending,
GM007476,ORDGM007476,724.13,INR,pending,
GM007477,ORDGM007477,838.43,INR,pending,
GM007478,ORDGM007478,789.97,INR,pending,
GM007479,ORDGM007479,5556.88,INR,pending,
GM007480,ORDGM007480,1576.95,INR,pending,
GM007481,ORDGM007481,599.32,INR,pending,
GM007482,ORDGM007482,1425.40,INR,pending,
GM007483,ORDGM007483,851.58,INR,pending,
GM007484,ORDGM007484,1166.59,INR,pending,
GM007485,ORDGM007485,4696.91,INR,pending,
GM007486,ORDGM007486,2248.95,INR,pending,
GM007487,ORDGM007487,1807.36,INR,pending,
GM007488,ORDGM007488,1238.09,INR,pending,
GM007489,ORDGM007489,692.99,INR,pending,
GM007490,ORDGM007490,51.04,INR,pending,
GM007491,ORDGM007491,649.98,INR,pending,
GM007492,ORDGM007492,2066.43,INR,pending,
GM007493,ORDGM007493,1508.77,INR,pending,
GM007494,ORDGM007494,1551.88,INR,pending,
GM007495,ORDGM007495,6580.15,INR,pending,
GM007497,ORDGM007497,3809.83,INR,pending,
GM007499,ORDGM007499,639.53,INR,pending,
GM007500,ORDGM007500,1401.51,INR,pending,
GM007501,ORDGM007501,2701.46,INR,pending,
GM007502,ORDGM007502,3228.35,INR,pending,
GM007503,ORDGM007503,476.12,INR,pending,
GM007504,ORDGM007504,621.73,INR,pending,
GM007505,ORDGM007505,216.54,INR,pending,
GM007506,ORDGM007506,1363.93,INR,pending,
GM007507,ORDGM007507,152.05,INR,pending,
GM007508,ORDGM007508,913.18,INR,pending,
GM007509,ORDGM007509,65.46,INR,pending,
GM007510,ORDGM007510,203.51,INR,pending,
GM007511,ORDGM007511,215.32,INR,pending,
GM007512,ORDGM007512,160.44,INR,pending,
GM007513,ORDGM007513,359.83,INR,pending,
GM007514,ORDGM007514,2107.33,INR,pending,
GM007515,ORDGM007515,738.08,INR,pending,
GM007516,ORDGM007516,3263.18,INR,pending,
GM007517,ORDGM007517,2196.78,INR,pending,
GM007518,ORDGM007518,349.40,INR,pending,
GM007520,ORDGM007520,1591.53,INR,pending,
GM007521,ORDGM007521,2429.68,INR,pending,
GM007522,ORDGM007522,1314.68,INR,pending,
GM007523,ORDGM007523,893.77,INR,pending,
GM007524,ORDGM007524,516.54,INR,pending,
GM007525,ORDGM007525,5275.81,INR,pending,
GM007526,ORDGM007526,874.14,INR,pending,
GM007527,ORDGM007527,2985.49,INR,pending,
GM007529,ORDGM007529,952.14,INR,pending,
GM007530,ORDGM007530,2205.60,INR,pending,
GM007531,ORDGM007531,1034.39,INR,pending,
GM007532,ORDGM007532,987.70,INR,pending,
GM007533,ORDGM007533,2738.20,INR,pending,
GM007534,ORDGM007534,351.37,INR,pending,
GM007535,ORDGM007535,3044.33,INR,pending,
GM007536,ORDGM007536,149.65,INR,pending,
GM007537,ORDGM007537,1837.34,INR,pending,
GM007538,ORDGM007538,2275.88,INR,pending,
GM007539,ORDGM007539,1238.07,INR,pending,
GM007541,ORDGM007541,2913.29,INR,pending,
GM007543,ORDGM007543,1494.48,INR,pending,
GM007545,ORDGM007545,300.74,INR,pending,
GM007546,ORDGM007546,2503.57,INR,pending,
GM007547,ORDGM007547,196.38,INR,pending,
GM007548,ORDGM007548,967.35,INR,pending,
GM007549,ORDGM007549,9.44,INR,pending,
GM007550,ORDGM007550,4227.48,INR,pending,
GM007551,ORDGM007551,2515.04,INR,pending,
GM007552,ORDGM007552,2415.78,INR,pending,
GM007554,ORDGM007554,1065.35,INR,pending,
GM007555,ORDGM007555,641.29,INR,pending,
GM007556,ORDGM007556,5768.05,INR,pending,
GM007557,ORDGM007557,394.56,INR,pending,
GM007558,ORDGM007558,453.88,INR,pending,
GM007559,ORDGM007559,4010.10,INR,pending,
GM007560,ORDGM007560,778.57,INR,pending,
GM007561,ORDGM007561,302.29,INR,pending,
GM007562,ORDGM007562,341.86,INR,pending,
GM007563,ORDGM007563,4149.97,INR,pending,
GM007564,ORDGM007564,2031.25,INR,pending,
GM007565,ORDGM007565,733.40,INR,pending,
GM007566,ORDGM007566,718.95,INR,pending,
GM007567,ORDGM007567,2065.82,INR,pending,
GM007568,ORDGM007568,1079.95,INR,pending,
GM007569,ORDGM007569,10.38,INR,pending,
GM007570,ORDGM007570,459.10,INR,pending,
GM007571,ORDGM007571,5243.13,INR,pending,
GM007572,ORDGM007572,607.98,INR,pending,
GM007573,ORDGM007573,563.80,INR,pending,
GM007574,ORDGM007574,705.53,INR,pending,
GM007576,ORDGM007576,497.17,INR,pending,
GM007577,ORDGM007577,1602.00,INR,pending,
GM007578,ORDGM007578,1080.25,INR,pending,
GM007579,ORDGM007579,5147.48,INR,pending,
GM007580,ORDGM007580,2100.22,INR,pending,
GM007581,ORDGM007581,6328.09,INR,pending,
GM007582,ORDGM007582,1331.89,INR,pending,
GM007583,ORDGM007583,6669.94,INR,pending,
GM007584,ORDGM007584,87.58,INR,pending,
GM007585,ORDGM007585,2001.04,INR,pending,
GM007586,ORDGM007586,1289.75,INR,pending,
GM007587,ORDGM007587,10246.91,INR,pending,
GM007588,ORDGM007588,1843.34,INR,pending,
GM007589,ORDGM007589,814.52,INR,pending,
GM007590,ORDGM007590,2313.96,INR,pending,
GM007591,ORDGM007591,3801.45,INR,pending,
GM007592,ORDGM007592,4761.80,INR,pending,
GM007593,ORDGM007593,1914.91,INR,pending,
GM007594,ORDGM007594,1088.77,INR,pending,
GM007595,ORDGM007595,57.77,INR,pending,
GM007596,ORDGM007596,1112.31,INR,pending,
GM007597,ORDGM007597,47.76,INR,pending,
GM007598,ORDGM007598,3.61,INR,pending,
GM007599,ORDGM007599,423.55,INR,pending,
GM007600,ORDGM007600,919.37,INR,pending,
GM007601,ORDGM007601,2940.82,INR,pending,
GM007602,ORDGM007602,1342.11,INR,pending,
GM007603,ORDGM007603,2391.48,INR,pending,
GM007605,ORDGM007605,2958.99,INR,pending,
GM007606,ORDGM007606,1612.64,INR,pending,
GM007607,ORDGM007607,705.49,INR,pending,
GM007608,ORDGM007608,1992.30,INR,pending,
GM007609,ORDGM007609,946.95,INR,pending,
GM007610,ORDGM007610,3230.44,INR,pending,
GM007611,ORDGM007611,298.44,INR,pending,
GM007612,ORDGM007612,3225.07,INR,pending,
GM007614,ORDGM007614,381.25,INR,pending,
GM007615,ORDGM007615,2169.79,INR,pending,
GM007616,ORDGM007616,1488.41,INR,pending,
GM007617,ORDGM007617,4198.74,INR,pending,
GM007618,ORDGM007618,3734.92,INR,pending,
GM007619,ORDGM007619,266.90,INR,pending,
GM007620,ORDGM007620,7279.29,INR,pending,
GM007621,ORDGM007621,4250.54,INR,pending,
GM007622,ORDGM007622,162.83,INR,pending,
GM007623,ORDGM007623,2795.76,INR,pending,
GM007624,ORDGM007624,1706.24,INR,pending,
GM007625,ORDGM007625,1194.91,INR,pending,
GM007626,ORDGM007626,510.71,INR,pending,
GM007627,ORDGM007627,3195.76,INR,pending,
GM007628,ORDGM007628,1209.76,INR,pending,
GM007629,ORDGM007629,1720.56,INR,pending,
GM007630,ORDGM007630,769.81,INR,pending,
GM007631,ORDGM007631,1174.18,INR,pending,
GM007632,ORDGM007632,72.35,INR,pending,
GM007633,ORDGM007633,540.84,INR,pending,
GM007634,ORDGM007634,880.97,INR,pending,
GM007635,ORDGM007635,865.62,INR,pending,
GM007636,ORDGM007636,68.37,INR,pending,
GM007637,ORDGM007637,5591.89,INR,pending,
GM007638,ORDGM007638,2298.36,INR,pending,
GM007639,ORDGM007639,3040.29,INR,pending,
GM007640,ORDGM007640,2453.41,INR,pending,
GM007641,ORDGM007641,941.71,INR,pending,
GM007642,ORDGM007642,1021.35,INR,pending,
GM007643,ORDGM007643,558.61,INR,pending,
GM007644,ORDGM007644,1055.36,INR,pending,
GM007645,ORDGM007645,88.26,INR,pending,
GM007646,ORDGM007646,1114.10,INR,pending,
GM007647,ORDGM007647,916.86,INR,pending,
GM007648,ORDGM007648,3772.76,INR,pending,
GM007649,ORDGM007649,870.17,INR,pending,
GM007650,ORDGM007650,3850.24,INR,pending,
GM007651,ORDGM007651,7640.39,INR,pending,
GM007652,ORDGM007652,1572.11,INR,pending,
GM007653,ORDGM007653,2335.56,INR,pending,
GM007654,ORDGM007654,1717.74,INR,pending,
GM007655,ORDGM007655,5004.15,INR,pending,
GM007656,ORDGM007656,3729.41,INR,pending,
GM007657,ORDGM007657,2390.60,INR,pending,
GM007658,ORDGM007658,285.78,INR,pending,
GM007659,ORDGM007659,5829.40,INR,pending,
GM007660,ORDGM007660,342.72,INR,pending,
GM007661,ORDGM007661,2534.83,INR,pending,
GM007662,ORDGM007662,2125.02,INR,pending,
GM007663,ORDGM007663,251.72,INR,pending,
GM007664,ORDGM007664,2058.04,INR,pending,
GM007665,ORDGM007665,150.75,INR,pending,
GM007666,ORDGM007666,1771.34,INR,pending,
GM007667,ORDGM007667,4604.14,INR,pending,
GM007668,ORDGM007668,395.35,INR,pending,
GM007669,ORDGM007669,870.26,INR,pending,
GM007670,ORDGM007670,2992.85,INR,pending,
GM007671,ORDGM007671,871.69,INR,pending,
GM007672,ORDGM007672,6220.78,INR,pending,
GM007673,ORDGM007673,453.21,INR,pending,
GM007674,ORDGM007674,456.87,INR,pending,
GM007675,ORDGM007675,796.63,INR,pending,
GM007676,ORDGM007676,1944.74,INR,pending,
GM007677,ORDGM007677,4066.81,INR,pending,
GM007678,ORDGM007678,3621.22,INR,pending,
GM007679,ORDGM007679,2331.54,INR,pending,
GM007680,ORDGM007680,3276.45,INR,pending,
GM007681,ORDGM007681,8727.64,INR,pending,
GM007682,ORDGM007682,4340.28,INR,pending,
GM007683,ORDGM007683,80.79,INR,pending,
GM007684,ORDGM007684,3054.24,INR,pending,
GM007685,ORDGM007685,10486.74,INR,pending,
GM007686,ORDGM007686,1795.98,INR,pending,
GM007687,ORDGM007687,235.52,INR,pending,
GM007688,ORDGM007688,74.50,INR,pending,
GM007689,ORDGM007689,165.98,INR,pending,
GM007690,ORDGM007690,3812.15,INR,pending,
GM007691,ORDGM007691,2203.80,INR,pending,
GM007692,ORDGM007692,1325.80,INR,pending,
GM007694,ORDGM007694,5722.44,INR,pending,
GM007695,ORDGM007695,3390.48,INR,pending,
GM007696,ORDGM007696,1802.98,INR,pending,
GM007697,ORDGM007697,5.82,INR,pending,
GM007698,ORDGM007698,629.43,INR,pending,
GM007700,ORDGM007700,637.73,INR,pending,
GM007701,ORDGM007701,1739.95,INR,pending,
GM007702,ORDGM007702,1069.70,INR,pending,
GM007704,ORDGM007704,762.25,INR,pending,
GM007705,ORDGM007705,872.52,INR,pending,
GM007706,ORDGM007706,394.57,INR,pending,
GM007707,ORDGM007707,47.68,INR,pending,
GM007708,ORDGM007708,1147.55,INR,pending,
GM007709,ORDGM007709,106.67,INR,pending,
GM007710,ORDGM007710,409.22,INR,pending,
GM007711,ORDGM007711,1319.55,INR,pending,
GM007712,ORDGM007712,2078.14,INR,pending,
GM007713,ORDGM007713,1288.50,INR,pending,
GM007715,ORDGM007715,1498.57,INR,pending,
GM007716,ORDGM007716,856.04,INR,pending,
GM007717,ORDGM007717,2263.80,INR,pending,
GM007718,ORDGM007718,5283.68,INR,pending,
GM007719,ORDGM007719,531.70,INR,pending,
GM007720,ORDGM007720,1055.03,INR,pending,
GM007721,ORDGM007721,1128.32,INR,pending,
GM007722,ORDGM007722,637.85,INR,pending,
GM007723,ORDGM007723,4131.28,INR,pending,
GM007724,ORDGM007724,614.81,INR,pending,
GM007725,ORDGM007725,4052.35,INR,pending,
GM007726,ORDGM007726,2124.74,INR,pending,
GM007727,ORDGM007727,331.48,INR,pending,
GM007728,ORDGM007728,1297.37,INR,pending,
GM007729,ORDGM007729,4102.21,INR,pending,
GM007730,ORDGM007730,651.37,INR,pending,
GM007731,ORDGM007731,1743.76,INR,pending,
GM007732,ORDGM007732,281.91,INR,pending,
GM007733,ORDGM007733,1934.62,INR,pending,
GM007734,ORDGM007734,2723.80,INR,pending,
GM007735,ORDGM007735,1269.15,INR,pending,
GM007736,ORDGM007736,193.66,INR,pending,
GM007737,ORDGM007737,3685.52,INR,pending,
GM007738,ORDGM007738,4682.73,INR,pending,
GM007739,ORDGM007739,1304.76,INR,pending,
GM007740,ORDGM007740,6790.68,INR,pending,
GM007742,ORDGM007742,2773.98,INR,pending,
GM007743,ORDGM007743,825.16,INR,pending,
GM007744,ORDGM007744,1337.71,INR,pending,
GM007745,ORDGM007745,25.57,INR,pending,
GM007746,ORDGM007746,1304.81,INR,pending,
GM007747,ORDGM007747,54.69,INR,pending,
GM007748,ORDGM007748,200.66,INR,pending,
GM007750,ORDGM007750,2243.09,INR,pending,
GM007751,ORDGM007751,3715.77,INR,pending,
GM007752,ORDGM007752,230.41,INR,pending,
GM007753,ORDGM007753,12.91,INR,pending,
GM007754,ORDGM007754,2654.76,INR,pending,
GM007756,ORDGM007756,261.13,INR,pending,
GM007757,ORDGM007757,1560.72,INR,pending,
GM007759,ORDGM007759,4080.12,INR,pending,
GM007760,ORDGM007760,1604.51,INR,pending,
GM007761,ORDGM007761,158.49,INR,pending,
GM007762,ORDGM007762,2114.87,INR,pending,
GM007763,ORDGM007763,1759.34,INR,pending,
GM007764,ORDGM007764,911.95,INR,pending,
GM007765,ORDGM007765,1516.06,INR,pending,
GM007766,ORDGM007766,405.69,INR,pending,
GM007767,ORDGM007767,5504.40,INR,pending,
GM007768,ORDGM007768,1534.38,INR,pending,
GM007769,ORDGM007769,7516.85,INR,pending,
GM007771,ORDGM007771,472.78,INR,pending,
GM007772,ORDGM007772,3026.40,INR,pending,
GM007773,ORDGM007773,505.50,INR,pending,
GM007774,ORDGM007774,1036.07,INR,pending,
GM007775,ORDGM007775,4778.27,INR,pending,
GM007776,ORDGM007776,733.11,INR,pending,
GM007777,ORDGM007777,434.79,INR,pending,
GM007778,ORDGM007778,779.94,INR,pending,
GM007779,ORDGM007779,736.95,INR,pending,
GM007780,ORDGM007780,6395.74,INR,pending,
GM007781,ORDGM007781,374.99,INR,pending,
GM007782,ORDGM007782,3636.14,INR,pending,
GM007783,ORDGM007783,319.20,INR,pending,
GM007784,ORDGM007784,4171.76,INR,pending,
GM007785,ORDGM007785,990.43,INR,pending,
GM007786,ORDGM007786,782.04,INR,pending,
GM007787,ORDGM007787,1648.21,INR,pending,
GM007788,ORDGM007788,1821.84,INR,pending,
GM007789,ORDGM007789,1958.43,INR,pending,
GM007790,ORDGM007790,2440.28,INR,pending,
GM007791,ORDGM007791,4545.48,INR,pending,
GM007792,ORDGM007792,1481.00,INR,pending,
GM007794,ORDGM007794,1366.72,INR,pending,
GM007795,ORDGM007795,1462.51,INR,pending,
GM007796,ORDGM007796,585.11,INR,pending,
GM007797,ORDGM007797,2150.24,INR,pending,
GM007798,ORDGM007798,1276.05,INR,pending,
GM007799,ORDGM007799,4940.09,INR,pending,
GM007800,ORDGM007800,2466.24,INR,pending,
GM007801,ORDGM007801,1351.15,INR,pending,
GM007802,ORDGM007802,964.35,INR,pending,
GM007803,ORDGM007803,1942.08,INR,pending,
GM007804,ORDGM007804,3452.78,INR,pending,
GM007805,ORDGM007805,248.18,INR,pending,
GM007806,ORDGM007806,1012.37,INR,pending,
GM007807,ORDGM007807,4436.25,INR,pending,
GM007808,ORDGM007808,2924.07,INR,pending,
GM007809,ORDGM007809,348.42,INR,pending,
GM007810,ORDGM007810,1626.09,INR,pending,
GM007811,ORDGM007811,134.98,INR,pending,
GM007812,ORDGM007812,5356.02,INR,pending,
GM007813,ORDGM007813,7807.62,INR,pending,
GM007814,ORDGM007814,1000.27,INR,pending,
GM007815,ORDGM007815,434.43,INR,pending,
GM007816,ORDGM007816,1950.47,INR,pending,
GM007817,ORDGM007817,2439.61,INR,pending,
GM007818,ORDGM007818,7859.38,INR,pending,
GM007819,ORDGM007819,2432.95,INR,pending,
GM007820,ORDGM007820,2875.48,INR,pending,
GM007821,ORDGM007821,1081.07,INR,pending,
GM007822,ORDGM007822,2967.30,INR,pending,
GM007823,ORDGM007823,1402.68,INR,pending,
GM007824,ORDGM007824,330.65,INR,pending,
GM007825,ORDGM007825,250.38,INR,pending,
GM007826,ORDGM007826,3225.01,INR,pending,
GM007827,ORDGM007827,1598.11,INR,pending,
GM007828,ORDGM007828,7.94,INR,pending,
GM007829,ORDGM007829,251.59,INR,pending,
GM007830,ORDGM007830,619.71,INR,pending,
GM007831,ORDGM007831,967.66,INR,pending,
GM007832,ORDGM007832,183.38,INR,pending,
GM007833,ORDGM007833,98.08,INR,pending,
GM007834,ORDGM007834,753.23,INR,pending,
GM007835,ORDGM007835,1275.67,INR,pending,
GM007836,ORDGM007836,3554.13,INR,pending,
GM007838,ORDGM007838,422.19,INR,pending,
GM007839,ORDGM007839,760.52,INR,pending,
GM007840,ORDGM007840,3484.37,INR,pending,
GM007841,ORDGM007841,3611.10,INR,pending,
GM007842,ORDGM007842,331.80,INR,pending,
GM007843,ORDGM007843,586.24,INR,pending,
GM007844,ORDGM007844,1828.01,INR,pending,
GM007845,ORDGM007845,121.71,INR,pending,
GM007846,ORDGM007846,1186.44,INR,pending,
GM007847,ORDGM007847,589.50,INR,pending,
GM007848,ORDGM007848,714.36,INR,pending,
GM007849,ORDGM007849,41.36,INR,pending,
GM007850,ORDGM007850,1333.74,INR,pending,
GM007851,ORDGM007851,2489.59,INR,pending,
GM007852,ORDGM007852,2022.29,INR,pending,
GM007853,ORDGM007853,3386.97,INR,pending,
GM007854,ORDGM007854,333.84,INR,pending,
GM007855,ORDGM007855,2307.49,INR,pending,
GM007857,ORDGM007857,4061.33,INR,pending,
GM007858,ORDGM007858,203.00,INR,pending,
GM007859,ORDGM007859,1856.50,INR,pending,
GM007860,ORDGM007860,1211.11,INR,pending,
GM007861,ORDGM007861,2935.14,INR,pending,
GM007862,ORDGM007862,1097.68,INR,pending,
GM007863,ORDGM007863,60.04,INR,pending,
GM007864,ORDGM007864,11915.28,INR,pending,
GM007865,ORDGM007865,377.70,INR,pending,
GM007866,ORDGM007866,290.65,INR,pending,
GM007868,ORDGM007868,562.49,INR,pending,
GM007869,ORDGM007869,118.87,INR,pending,
GM007870,ORDGM007870,1040.99,INR,pending,
GM007871,ORDGM007871,676.55,INR,pending,
GM007872,ORDGM007872,2910.00,INR,pending,
GM007873,ORDGM007873,6277.18,INR,pending,
GM007874,ORDGM007874,2961.03,INR,pending,
GM007875,ORDGM007875,253.58,INR,pending,
GM007876,ORDGM007876,616.37,INR,pending,
GM007877,ORDGM007877,1187.62,INR,pending,
GM007878,ORDGM007878,1117.48,INR,pending,
GM007879,ORDGM007879,1256.75,INR,pending,
GM007880,ORDGM007880,1964.77,INR,pending,
GM007881,ORDGM007881,198.63,INR,pending,
GM007882,ORDGM007882,1252.60,INR,pending,
GM007883,ORDGM007883,1760.90,INR,pending,
GM007884,ORDGM007884,10410.49,INR,pending,
GM007885,ORDGM007885,1677.49,INR,pending,
GM007886,ORDGM007886,259.61,INR,pending,
GM007887,ORDGM007887,1218.04,INR,pending,
GM007888,ORDGM007888,1467.04,INR,pending,
GM007889,ORDGM007889,3230.65,INR,pending,
GM007890,ORDGM007890,2497.41,INR,pending,
GM007891,ORDGM007891,2888.45,INR,pending,
GM007893,ORDGM007893,2797.79,INR,pending,
GM007897,ORDGM007897,253.36,INR,pending,
GM007898,ORDGM007898,152.65,INR,pending,
GM007899,ORDGM007899,781.82,INR,pending,
GM007900,ORDGM007900,1640.86,INR,pending,
GM007901,ORDGM007901,1507.98,INR,pending,
GM007902,ORDGM007902,1949.44,INR,pending,
GM007903,ORDGM007903,174.01,INR,pending,
GM007905,ORDGM007905,979.59,INR,pending,
GM007906,ORDGM007906,2401.20,INR,pending,
GM007907,ORDGM007907,432.69,INR,pending,
GM007908,ORDGM007908,334.33,INR,pending,
GM007910,ORDGM007910,856.93,INR,pending,
GM007911,ORDGM007911,480.73,INR,pending,
GM007912,ORDGM007912,2290.95,INR,pending,
GM007913,ORDGM007913,843.29,INR,pending,
GM007914,ORDGM007914,603.51,INR,pending,
GM007915,ORDGM007915,3120.79,INR,pending,
GM007916,ORDGM007916,4574.58,INR,pending,
GM007917,ORDGM007917,149.72,INR,pending,
GM007918,ORDGM007918,688.45,INR,pending,
GM007919,ORDGM007919,462.89,INR,pending,
GM007920,ORDGM007920,4942.53,INR,pending,
GM007921,ORDGM007921,1187.09,INR,pending,
GM007922,ORDGM007922,2420.17,INR,pending,
GM007923,ORDGM007923,1926.88,INR,pending,
GM007924,ORDGM007924,413.25,INR,pending,
GM007925,ORDGM007925,5544.50,INR,pending,
GM007926,ORDGM007926,319.71,INR,pending,
GM007927,ORDGM007927,1234.54,INR,pending,
GM007928,ORDGM007928,1336.15,INR,pending,
GM007929,ORDGM007929,1029.52,INR,pending,
GM007930,ORDGM007930,865.41,INR,pending,
GM007931,ORDGM007931,1843.03,INR,pending,
GM007932,ORDGM007932,683.49,INR,pending,
GM007934,ORDGM007934,272.72,INR,pending,
GM007935,ORDGM007935,575.49,INR,pending,
GM007936,ORDGM007936,1636.73,INR,pending,
GM007937,ORDGM007937,1611.13,INR,pending,
GM007938,ORDGM007938,3606.56,INR,pending,
GM007939,ORDGM007939,2015.56,INR,pending,
GM007940,ORDGM007940,4421.01,INR,pending,
GM007941,ORDGM007941,1895.03,INR,pending,
GM007942,ORDGM007942,1155.50,INR,pending,
GM007943,ORDGM007943,5217.81,INR,pending,
GM007944,ORDGM007944,667.97,INR,pending,
GM007945,ORDGM007945,1706.72,INR,pending,
GM007946,ORDGM007946,431.35,INR,pending,
GM007947,ORDGM007947,1310.79,INR,pending,
GM007948,ORDGM007948,1077.94,INR,pending,
GM007949,ORDGM007949,1960.79,INR,pending,
GM007950,ORDGM007950,3743.07,INR,pending,
GM007951,ORDGM007951,2546.25,INR,pending,
GM007952,ORDGM007952,1018.75,INR,pending,
GM007953,ORDGM007953,208.46,INR,pending,
GM007954,ORDGM007954,40.09,INR,pending,
GM007955,ORDGM007955,3069.61,INR,pending,
GM007956,ORDGM007956,1881.83,INR,pending,
GM007957,ORDGM007957,1521.76,INR,pending,
GM007958,ORDGM007958,1307.00,INR,pending,
GM007959,ORDGM007959,168.18,INR,pending,
GM007960,ORDGM007960,471.24,INR,pending,
GM007961,ORDGM007961,2729.39,INR,pending,
GM007962,ORDGM007962,1906.41,INR,pending,
GM007965,ORDGM007965,2517.50,INR,pending,
GM007966,ORDGM007966,8722.51,INR,pending,
GM007967,ORDGM007967,447.76,INR,pending,
GM007968,ORDGM007968,216.22,INR,pending,
GM007970,ORDGM007970,4288.19,INR,pending,
GM007971,ORDGM007971,1908.33,INR,pending,
GM007972,ORDGM007972,2034.77,INR,pending,
GM007974,ORDGM007974,768.68,INR,pending,
GM007975,ORDGM007975,424.64,INR,pending,
GM007976,ORDGM007976,3187.42,INR,pending,
GM007977,ORDGM007977,3118.85,INR,pending,
GM007978,ORDGM007978,983.18,INR,pending,
GM007979,ORDGM007979,1152.08,INR,pending,
GM007980,ORDGM007980,710.10,INR,pending,
GM007981,ORDGM007981,2214.75,INR,pending,
GM007982,ORDGM007982,2186.49,INR,pending,
GM007983,ORDGM007983,126.41,INR,pending,
GM007984,ORDGM007984,5855.43,INR,pending,
GM007985,ORDGM007985,3873.58,INR,pending,
GM007986,ORDGM007986,650.37,INR,pending,
GM007988,ORDGM007988,2072.30,INR,pending,
GM007989,ORDGM007989,273.06,INR,pending,
GM007991,ORDGM007991,1457.75,INR,pending,
GM007992,ORDGM007992,869.67,INR,pending,
GM007993,ORDGM007993,901.47,INR,pending,
GM007994,ORDGM007994,2954.39,INR,pending,
GM007995,ORDGM007995,4319.20,INR,pending,
GM007996,ORDGM007996,4000.12,INR,pending,
GM007997,ORDGM007997,642.26,INR,pending,
GM007998,ORDGM007998,1867.71,INR,pending,
GM007999,ORDGM007999,1103.18,INR,pending,
GM008000,ORDGM008000,15.31,INR,pending,
GM008001,ORDGM008001,650.32,INR,pending,
GM008002,ORDGM008002,3236.61,INR,pending,
GM008003,ORDGM008003,1775.74,INR,pending,
GM008004,ORDGM008004,2325.48,INR,pending,
GM008005,ORDGM008005,998.58,INR,pending,
GM008006,ORDGM008006,2432.46,INR,pending,
GM008007,ORDGM008007,234.51,INR,pending,
GM008008,ORDGM008008,3904.88,INR,pending,
GM008009,ORDGM008009,6639.38,INR,pending,
GM008010,ORDGM008010,1720.81,INR,pending,
GM008011,ORDGM008011,6930.97,INR,pending,
GM008012,ORDGM008012,2760.97,INR,pending,
GM008013,ORDGM008013,222.95,INR,pending,
GM008014,ORDGM008014,1357.78,INR,pending,
GM008015,ORDGM008015,2645.57,INR,pending,
GM008016,ORDGM008016,1046.78,INR,pending,
GM008017,ORDGM008017,1431.05,INR,pending,
GM008018,ORDGM008018,1896.07,INR,pending,
GM008019,ORDGM008019,1523.81,INR,pending,
GM008020,ORDGM008020,1382.46,INR,pending,
GM008021,ORDGM008021,1721.33,INR,pending,
GM008022,ORDGM008022,460.95,INR,pending,
GM008023,ORDGM008023,1976.69,INR,pending,
GM008024,ORDGM008024,1427.80,INR,pending,
GM008025,ORDGM008025,2005.54,INR,pending,
GM008026,ORDGM008026,2242.83,INR,pending,
GM008027,ORDGM008027,1676.45,INR,pending,
GM008028,ORDGM008028,1667.02,INR,pending,
GM008029,ORDGM008029,334.62,INR,pending,
GM008030,ORDGM008030,280.21,INR,pending,
GM008032,ORDGM008032,1112.14,INR,pending,
GM008033,ORDGM008033,6774.73,INR,pending,
GM008034,ORDGM008034,4396.08,INR,pending,
GM008035,ORDGM008035,307.19,INR,pending,
GM008036,ORDGM008036,1737.87,INR,pending,
GM008037,ORDGM008037,1023.69,INR,pending,
GM008039,ORDGM008039,893.29,INR,pending,
GM008040,ORDGM008040,1411.69,INR,pending,
GM008041,ORDGM008041,686.90,INR,pending,
GM008042,ORDGM008042,163.23,INR,pending,
GM008043,ORDGM008043,604.85,INR,pending,
GM008044,ORDGM008044,1913.45,INR,pending,
GM008045,ORDGM008045,293.36,INR,pending,
GM008046,ORDGM008046,1228.86,INR,pending,
GM008047,ORDGM008047,565.91,INR,pending,
GM008048,ORDGM008048,226.17,INR,pending,
GM008049,ORDGM008049,1104.54,INR,pending,
GM008050,ORDGM008050,2847.39,INR,pending,
GM008051,ORDGM008051,913.44,INR,pending,
GM008052,ORDGM008052,1165.83,INR,pending,
GM008053,ORDGM008053,1406.81,INR,pending,
GM008054,ORDGM008054,1013.38,INR,pending,
GM008055,ORDGM008055,1374.27,INR,pending,
GM008056,ORDGM008056,4233.74,INR,pending,
GM008057,ORDGM008057,178.81,INR,pending,
GM008058,ORDGM008058,525.46,INR,pending,
GM008059,ORDGM008059,1548.60,INR,pending,
GM008060,ORDGM008060,9538.93,INR,pending,
GM008061,ORDGM008061,466.09,INR,pending,
GM008062,ORDGM008062,5271.77,INR,pending,
GM008063,ORDGM008063,1494.77,INR,pending,
GM008064,ORDGM008064,1537.05,INR,pending,
GM008065,ORDGM008065,3932.09,INR,pending,
GM008066,ORDGM008066,1033.11,INR,pending,
GM008067,ORDGM008067,143.81,INR,pending,
GM008068,ORDGM008068,712.12,INR,pending,
GM008069,ORDGM008069,5777.82,INR,pending,
GM008071,ORDGM008071,853.73,INR,pending,
GM008072,ORDGM008072,707.80,INR,pending,
GM008073,ORDGM008073,462.64,INR,pending,
GM008074,ORDGM008074,1032.33,INR,pending,
GM008075,ORDGM008075,2188.76,INR,pending,
GM008076,ORDGM008076,3684.91,INR,pending,
GM008077,ORDGM008077,1394.52,INR,pending,
GM008078,ORDGM008078,2333.29,INR,pending,
GM008079,ORDGM008079,7133.39,INR,pending,
GM008080,ORDGM008080,985.25,INR,pending,
GM008081,ORDGM008081,1076.08,INR,pending,
GM008082,ORDGM008082,419.98,INR,pending,
GM008083,ORDGM008083,2100.82,INR,pending,
GM008084,ORDGM008084,1505.04,INR,pending,
GM008085,ORDGM008085,2502.38,INR,pending,
GM008087,ORDGM008087,4069.42,INR,pending,
GM008088,ORDGM008088,1403.81,INR,pending,
GM008089,ORDGM008089,296.76,INR,pending,
GM008090,ORDGM008090,2021.58,INR,pending,
GM008091,ORDGM008091,894.12,INR,pending,
GM008092,ORDGM008092,1035.84,INR,pending,
GM008093,ORDGM008093,5788.93,INR,pending,
GM008094,ORDGM008094,855.30,INR,pending,
GM008096,ORDGM008096,1251.63,INR,pending,
GM008097,ORDGM008097,1319.55,INR,pending,
GM008099,ORDGM008099,4029.92,INR,pending,
GM008100,ORDGM008100,1216.70,INR,pending,
GM008101,ORDGM008101,253.73,INR,pending,
GM008102,ORDGM008102,2634.28,INR,pending,
GM008103,ORDGM008103,3367.83,INR,pending,
GM008104,ORDGM008104,1702.43,INR,pending,
GM008105,ORDGM008105,673.90,INR,pending,
GM008106,ORDGM008106,15.12,INR,pending,
GM008107,ORDGM008107,507.70,INR,pending,
GM008108,ORDGM008108,477.40,INR,pending,
GM008109,ORDGM008109,1008.48,INR,pending,
GM008110,ORDGM008110,1016.06,INR,pending,
GM008111,ORDGM008111,955.69,INR,pending,
GM008112,ORDGM008112,878.29,INR,pending,
GM008113,ORDGM008113,2385.31,INR,pending,
GM008114,ORDGM008114,1391.82,INR,pending,
GM008115,ORDGM008115,2654.34,INR,pending,
GM008116,ORDGM008116,440.23,INR,pending,
GM008117,ORDGM008117,2335.99,INR,pending,
GM008118,ORDGM008118,1908.67,INR,pending,
GM008119,ORDGM008119,293.65,INR,pending,
GM008120,ORDGM008120,434.19,INR,pending,
GM008121,ORDGM008121,406.10,INR,pending,
GM008122,ORDGM008122,522.62,INR,pending,
GM008124,ORDGM008124,3097.80,INR,pending,
GM008125,ORDGM008125,3048.93,INR,pending,
GM008126,ORDGM008126,481.80,INR,pending,
GM008127,ORDGM008127,55.37,INR,pending,
GM008128,ORDGM008128,3337.94,INR,pending,
GM008129,ORDGM008129,3808.16,INR,pending,
GM008130,ORDGM008130,429.88,INR,pending,
GM008131,ORDGM008131,1084.38,INR,pending,
GM008132,ORDGM008132,1772.60,INR,pending,
GM008133,ORDGM008133,379.86,INR,pending,
GM008134,ORDGM008134,249.99,INR,pending,
GM008135,ORDGM008135,642.97,INR,pending,
GM008137,ORDGM008137,155.68,INR,pending,
GM008138,ORDGM008138,1460.03,INR,pending,
GM008139,ORDGM008139,152.09,INR,pending,
GM008140,ORDGM008140,1682.36,INR,pending,
GM008141,ORDGM008141,992.98,INR,pending,
GM008142,ORDGM008142,26.29,INR,pending,
GM008143,ORDGM008143,2336.02,INR,pending,
GM008144,ORDGM008144,3309.16,INR,pending,
GM008145,ORDGM008145,1081.28,INR,pending,
GM008146,ORDGM008146,855.40,INR,pending,
GM008147,ORDGM008147,267.82,INR,pending,
GM008148,ORDGM008148,1060.08,INR,pending,
GM008149,ORDGM008149,2279.37,INR,pending,
GM008150,ORDGM008150,150.49,INR,pending,
GM008151,ORDGM008151,1408.80,INR,pending,
GM008152,ORDGM008152,3217.61,INR,pending,
GM008153,ORDGM008153,549.85,INR,pending,
GM008154,ORDGM008154,648.64,INR,pending,
GM008155,ORDGM008155,1586.56,INR,pending,
GM008156,ORDGM008156,569.52,INR,pending,
GM008157,ORDGM008157,2568.45,INR,pending,
GM008158,ORDGM008158,4253.12,INR,pending,
GM008160,ORDGM008160,1075.11,INR,pending,
GM008161,ORDGM008161,2798.58,INR,pending,
GM008162,ORDGM008162,125.86,INR,pending,
GM008163,ORDGM008163,327.38,INR,pending,
GM008164,ORDGM008164,1251.95,INR,pending,
GM008165,ORDGM008165,380.18,INR,pending,
GM008166,ORDGM008166,923.90,INR,pending,
GM008167,ORDGM008167,2952.27,INR,pending,
GM008168,ORDGM008168,1031.82,INR,pending,
GM008169,ORDGM008169,27.04,INR,pending,
GM008170,ORDGM008170,3903.64,INR,pending,
GM008171,ORDGM008171,1153.18,INR,pending,
GM008172,ORDGM008172,1519.55,INR,pending,
GM008173,ORDGM008173,2079.04,INR,pending,
GM008174,ORDGM008174,2796.52,INR,pending,
GM008175,ORDGM008175,6033.66,INR,pending,
GM008177,ORDGM008177,835.33,INR,pending,
GM008178,ORDGM008178,4442.93,INR,pending,
GM008179,ORDGM008179,4015.43,INR,pending,
GM008180,ORDGM008180,245.07,INR,pending,
GM008181,ORDGM008181,4247.82,INR,pending,
GM008182,ORDGM008182,7101.90,INR,pending,
GM008183,ORDGM008183,2098.51,INR,pending,
GM008184,ORDGM008184,332.67,INR,pending,
GM008185,ORDGM008185,432.35,INR,pending,
GM008186,ORDGM008186,1140.06,INR,pending,
GM008187,ORDGM008187,1074.52,INR,pending,
GM008188,ORDGM008188,5398.12,INR,pending,
GM008189,ORDGM008189,5844.88,INR,pending,
GM008190,ORDGM008190,1310.57,INR,pending,
GM008191,ORDGM008191,1884.54,INR,pending,
GM008192,ORDGM008192,66.24,INR,pending,
GM008193,ORDGM008193,610.93,INR,pending,
GM008194,ORDGM008194,340.41,INR,pending,
GM008195,ORDGM008195,1615.97,INR,pending,
GM008197,ORDGM008197,715.35,INR,pending,
GM008198,ORDGM008198,228.52,INR,pending,
GM008199,ORDGM008199,362.49,INR,pending,
GM008200,ORDGM008200,1158.77,INR,pending,
GM008201,ORDGM008201,3062.04,INR,pending,
GM008202,ORDGM008202,1061.15,INR,pending,
GM008203,ORDGM008203,832.21,INR,pending,
GM008204,ORDGM008204,192.00,INR,pending,
GM008205,ORDGM008205,1850.28,INR,pending,
GM008206,ORDGM008206,1284.43,INR,pending,
GM008207,ORDGM008207,1567.70,INR,pending,
GM008208,ORDGM008208,1365.64,INR,pending,
GM008210,ORDGM008210,952.44,INR,pending,
GM008211,ORDGM008211,1493.85,INR,pending,
GM008212,ORDGM008212,199.63,INR,pending,
GM008213,ORDGM008213,2584.87,INR,pending,
GM008214,ORDGM008214,2426.65,INR,pending,
GM008215,ORDGM008215,888.70,INR,pending,
GM008216,ORDGM008216,3398.94,INR,pending,
GM008217,ORDGM008217,377.91,INR,pending,
GM008219,ORDGM008219,5108.02,INR,pending,
GM008220,ORDGM008220,1310.25,INR,pending,
GM008221,ORDGM008221,791.59,INR,pending,
GM008222,ORDGM008222,1629.61,INR,pending,
GM008223,ORDGM008223,232.04,INR,pending,
GM008225,ORDGM008225,53.58,INR,pending,
GM008226,ORDGM008226,2529.90,INR,pending,
GM008227,ORDGM008227,3394.24,INR,pending,
GM008228,ORDGM008228,2267.55,INR,pending,
GM008229,ORDGM008229,1692.18,INR,pending,
GM008230,ORDGM008230,3840.95,INR,pending,
GM008232,ORDGM008232,2696.35,INR,pending,
GM008233,ORDGM008233,355.89,INR,pending,
GM008234,ORDGM008234,1056.24,INR,pending,
GM008235,ORDGM008235,274.79,INR,pending,
GM008236,ORDGM008236,395.51,INR,pending,
GM008237,ORDGM008237,384.34,INR,pending,
GM008238,ORDGM008238,378.32,INR,pending,
GM008239,ORDGM008239,19.58,INR,pending,
GM008240,ORDGM008240,655.81,INR,pending,
GM008241,ORDGM008241,1122.83,INR,pending,
GM008242,ORDGM008242,410.71,INR,pending,
GM008243,ORDGM008243,936.64,INR,pending,
GM008244,ORDGM008244,1290.63,INR,pending,
GM008245,ORDGM008245,3616.78,INR,pending,
GM008246,ORDGM008246,1336.21,INR,pending,
GM008247,ORDGM008247,251.51,INR,pending,
GM008248,ORDGM008248,174.42,INR,pending,
GM008249,ORDGM008249,725.44,INR,pending,
GM008251,ORDGM008251,1725.86,INR,pending,
GM008252,ORDGM008252,5174.84,INR,pending,
GM008253,ORDGM008253,3556.39,INR,pending,
GM008254,ORDGM008254,4362.93,INR,pending,
GM008255,ORDGM008255,927.08,INR,pending,
GM008256,ORDGM008256,763.49,INR,pending,
GM008258,ORDGM008258,3.12,INR,pending,
GM008259,ORDGM008259,2312.58,INR,pending,
GM008260,ORDGM008260,6972.62,INR,pending,
GM008261,ORDGM008261,5851.94,INR,pending,
GM008262,ORDGM008262,2065.41,INR,pending,
GM008264,ORDGM008264,1530.29,INR,pending,
GM008265,ORDGM008265,2986.58,INR,pending,
GM008266,ORDGM008266,3170.17,INR,pending,
GM008267,ORDGM008267,1519.59,INR,pending,
GM008268,ORDGM008268,10108.92,INR,pending,
GM008269,ORDGM008269,704.80,INR,pending,
GM008270,ORDGM008270,444.58,INR,pending,
GM008271,ORDGM008271,6391.43,INR,pending,
GM008272,ORDGM008272,2336.51,INR,pending,
GM008273,ORDGM008273,606.87,INR,pending,
GM008274,ORDGM008274,3702.05,INR,pending,
GM008275,ORDGM008275,1393.16,INR,pending,
GM008276,ORDGM008276,204.46,INR,pending,
GM008277,ORDGM008277,2547.10,INR,pending,
GM008278,ORDGM008278,1949.41,INR,pending,
GM008279,ORDGM008279,705.93,INR,pending,
GM008280,ORDGM008280,3879.78,INR,pending,
GM008282,ORDGM008282,51.08,INR,pending,
GM008283,ORDGM008283,1152.20,INR,pending,
GM008284,ORDGM008284,50.45,INR,pending,
GM008286,ORDGM008286,5866.14,INR,pending,
GM008287,ORDGM008287,2027.54,INR,pending,
GM008288,ORDGM008288,205.85,INR,pending,
GM008289,ORDGM008289,1673.23,INR,pending,
GM008290,ORDGM008290,5107.20,INR,pending,
GM008291,ORDGM008291,2588.77,INR,pending,
GM008292,ORDGM008292,749.09,INR,pending,
GM008293,ORDGM008293,2127.07,INR,pending,
GM008294,ORDGM008294,790.50,INR,pending,
GM008295,ORDGM008295,3134.04,INR,pending,
GM008296,ORDGM008296,4402.46,INR,pending,
GM008297,ORDGM008297,2397.91,INR,pending,
GM008298,ORDGM008298,3887.47,INR,pending,
GM008299,ORDGM008299,816.85,INR,pending,
GM008300,ORDGM008300,1070.41,INR,pending,
GM008301,ORDGM008301,1187.98,INR,pending,
GM008302,ORDGM008302,765.66,INR,pending,
GM008303,ORDGM008303,8782.12,INR,pending,
GM008304,ORDGM008304,816.14,INR,pending,
GM008305,ORDGM008305,3292.56,INR,pending,
GM008306,ORDGM008306,153.11,INR,pending,
GM008307,ORDGM008307,2416.84,INR,pending,
GM008308,ORDGM008308,1870.22,INR,pending,
GM008309,ORDGM008309,216.48,INR,pending,
GM008310,ORDGM008310,3544.44,INR,pending,
GM008311,ORDGM008311,3480.17,INR,pending,
GM008312,ORDGM008312,2113.42,INR,pending,
GM008313,ORDGM008313,2991.52,INR,pending,
GM008314,ORDGM008314,287.66,INR,pending,
GM008315,ORDGM008315,767.16,INR,pending,
GM008316,ORDGM008316,71.26,INR,pending,
GM008317,ORDGM008317,3573.18,INR,pending,
GM008318,ORDGM008318,2376.87,INR,pending,
GM008319,ORDGM008319,3061.29,INR,pending,
GM008321,ORDGM008321,2233.61,INR,pending,
GM008322,ORDGM008322,2577.24,INR,pending,
GM008323,ORDGM008323,116.00,INR,pending,
GM008324,ORDGM008324,534.88,INR,pending,
GM008325,ORDGM008325,3310.82,INR,pending,
GM008326,ORDGM008326,1101.68,INR,pending,
GM008327,ORDGM008327,269.43,INR,pending,
GM008328,ORDGM008328,342.37,INR,pending,
GM008329,ORDGM008329,826.04,INR,pending,
GM008330,ORDGM008330,4371.39,INR,pending,
GM008331,ORDGM008331,602.84,INR,pending,
GM008332,ORDGM008332,827.26,INR,pending,
GM008333,ORDGM008333,5493.37,INR,pending,
GM008334,ORDGM008334,2157.37,INR,pending,
GM008335,ORDGM008335,3806.13,INR,pending,
GM008336,ORDGM008336,3250.22,INR,pending,
GM008337,ORDGM008337,1653.96,INR,pending,
GM008338,ORDGM008338,3268.77,INR,pending,
GM008339,ORDGM008339,3070.78,INR,pending,
GM008340,ORDGM008340,4378.28,INR,pending,
GM008341,ORDGM008341,1096.71,INR,pending,
GM008342,ORDGM008342,4235.48,INR,pending,
GM008344,ORDGM008344,3455.66,INR,pending,
GM008345,ORDGM008345,197.14,INR,pending,
GM008346,ORDGM008346,611.35,INR,pending,
GM008347,ORDGM008347,99.56,INR,pending,
GM008348,ORDGM008348,3207.54,INR,pending,
GM008349,ORDGM008349,2065.01,INR,pending,
GM008350,ORDGM008350,346.26,INR,pending,
GM008351,ORDGM008351,5222.41,INR,pending,
GM008352,ORDGM008352,3324.63,INR,pending,
GM008354,ORDGM008354,671.17,INR,pending,
GM008356,ORDGM008356,3255.58,INR,pending,
GM008357,ORDGM008357,607.39,INR,pending,
GM008358,ORDGM008358,2623.92,INR,pending,
GM008359,ORDGM008359,222.37,INR,pending,
GM008360,ORDGM008360,3716.76,INR,pending,
GM008361,ORDGM008361,8095.74,INR,pending,
GM008363,ORDGM008363,2382.11,INR,pending,
GM008364,ORDGM008364,1753.15,INR,pending,
GM008366,ORDGM008366,712.27,INR,pending,
GM008367,ORDGM008367,3955.92,INR,pending,
GM008368,ORDGM008368,3071.19,INR,pending,
GM008369,ORDGM008369,394.52,INR,pending,
GM008370,ORDGM008370,8144.04,INR,pending,
GM008371,ORDGM008371,721.89,INR,pending,
GM008372,ORDGM008372,1789.56,INR,pending,
GM008373,ORDGM008373,1707.26,INR,pending,
GM008374,ORDGM008374,28.71,INR,pending,
GM008375,ORDGM008375,313.88,INR,pending,
GM008376,ORDGM008376,3721.56,INR,pending,
GM008377,ORDGM008377,611.33,INR,pending,
GM008378,ORDGM008378,227.56,INR,pending,
GM008380,ORDGM008380,6645.84,INR,pending,
GM008381,ORDGM008381,1478.80,INR,pending,
GM008382,ORDGM008382,257.77,INR,pending,
GM008383,ORDGM008383,216.50,INR,pending,
GM008384,ORDGM008384,1123.13,INR,pending,
GM008385,ORDGM008385,1041.45,INR,pending,
GM008386,ORDGM008386,2190.52,INR,pending,
GM008387,ORDGM008387,457.43,INR,pending,
GM008388,ORDGM008388,2700.14,INR,pending,
GM008389,ORDGM008389,1952.26,INR,pending,
GM008390,ORDGM008390,823.82,INR,pending,
GM008391,ORDGM008391,2339.96,INR,pending,
GM008392,ORDGM008392,443.44,INR,pending,
GM008393,ORDGM008393,158.05,INR,pending,
GM008394,ORDGM008394,589.14,INR,pending,
GM008395,ORDGM008395,1148.52,INR,pending,
GM008396,ORDGM008396,578.51,INR,pending,
GM008397,ORDGM008397,3258.60,INR,pending,
GM008398,ORDGM008398,702.51,INR,pending,
GM008399,ORDGM008399,565.79,INR,pending,
GM008400,ORDGM008400,196.64,INR,pending,
GM008401,ORDGM008401,1914.41,INR,pending,
GM008402,ORDGM008402,108.88,INR,pending,
GM008403,ORDGM008403,132.75,INR,pending,
GM008404,ORDGM008404,6140.14,INR,pending,
GM008406,ORDGM008406,6981.54,INR,pending,
GM008407,ORDGM008407,1043.60,INR,pending,
GM008408,ORDGM008408,517.33,INR,pending,
GM008410,ORDGM008410,1940.29,INR,pending,
GM008411,ORDGM008411,1222.81,INR,pending,
GM008412,ORDGM008412,985.93,INR,pending,
GM008413,ORDGM008413,3258.44,INR,pending,
GM008414,ORDGM008414,5067.97,INR,pending,
GM008415,ORDGM008415,189.94,INR,pending,
GM008416,ORDGM008416,3632.76,INR,pending,
GM008417,ORDGM008417,1093.36,INR,pending,
GM008418,ORDGM008418,108.20,INR,pending,
GM008419,ORDGM008419,223.52,INR,pending,
GM008420,ORDGM008420,800.48,INR,pending,
GM008421,ORDGM008421,1293.99,INR,pending,
GM008422,ORDGM008422,517.11,INR,pending,
GM008425,ORDGM008425,184.92,INR,pending,
GM008427,ORDGM008427,4112.88,INR,pending,
GM008428,ORDGM008428,3517.59,INR,pending,
GM008429,ORDGM008429,586.72,INR,pending,
GM008430,ORDGM008430,1789.10,INR,pending,
GM008431,ORDGM008431,3379.07,INR,pending,
GM008432,ORDGM008432,61.50,INR,pending,
GM008433,ORDGM008433,452.70,INR,pending,
GM008435,ORDGM008435,327.90,INR,pending,
GM008436,ORDGM008436,2210.42,INR,pending,
GM008437,ORDGM008437,1522.19,INR,pending,
GM008438,ORDGM008438,530.31,INR,pending,
GM008439,ORDGM008439,2790.77,INR,pending,
GM008440,ORDGM008440,3014.47,INR,pending,
GM008442,ORDGM008442,399.36,INR,pending,
GM008443,ORDGM008443,925.46,INR,pending,
GM008444,ORDGM008444,735.18,INR,pending,
GM008445,ORDGM008445,6939.88,INR,pending,
GM008446,ORDGM008446,1850.33,INR,pending,
GM008447,ORDGM008447,2999.80,INR,pending,
GM008448,ORDGM008448,163.59,INR,pending,
GM008449,ORDGM008449,2276.93,INR,pending,
GM008450,ORDGM008450,2051.61,INR,pending,
GM008451,ORDGM008451,1033.88,INR,pending,
GM008452,ORDGM008452,3607.64,INR,pending,
GM008453,ORDGM008453,1013.05,INR,pending,
GM008454,ORDGM008454,118.98,INR,pending,
GM008455,ORDGM008455,2839.10,INR,pending,
GM008456,ORDGM008456,22.82,INR,pending,
GM008457,ORDGM008457,1332.68,INR,pending,
GM008458,ORDGM008458,2608.54,INR,pending,
GM008459,ORDGM008459,377.36,INR,pending,
GM008460,ORDGM008460,1613.77,INR,pending,
GM008462,ORDGM008462,358.99,INR,pending,
GM008463,ORDGM008463,946.25,INR,pending,
GM008464,ORDGM008464,3482.85,INR,pending,
GM008465,ORDGM008465,2403.26,INR,pending,
GM008466,ORDGM008466,2550.86,INR,pending,
GM008468,ORDGM008468,310.53,INR,pending,
GM008469,ORDGM008469,5797.01,INR,pending,
GM008470,ORDGM008470,140.20,INR,pending,
GM008471,ORDGM008471,492.87,INR,pending,
GM008472,ORDGM008472,2476.73,INR,pending,
GM008473,ORDGM008473,47.14,INR,pending,
GM008474,ORDGM008474,3765.08,INR,pending,
GM008475,ORDGM008475,2141.20,INR,pending,
GM008476,ORDGM008476,3229.63,INR,pending,
GM008477,ORDGM008477,282.03,INR,pending,
GM008478,ORDGM008478,167.65,INR,pending,
GM008479,ORDGM008479,861.57,INR,pending,
GM008480,ORDGM008480,5244.14,INR,pending,
GM008481,ORDGM008481,1967.95,INR,pending,
GM008482,ORDGM008482,1907.27,INR,pending,
GM008483,ORDGM008483,2482.24,INR,pending,
GM008484,ORDGM008484,205.41,INR,pending,
GM008485,ORDGM008485,1298.21,INR,pending,
GM008486,ORDGM008486,536.11,INR,pending,
GM008487,ORDGM008487,2185.67,INR,pending,
GM008488,ORDGM008488,694.65,INR,pending,
GM008489,ORDGM008489,2124.39,INR,pending,
GM008490,ORDGM008490,5981.90,INR,pending,
GM008491,ORDGM008491,435.35,INR,pending,
GM008492,ORDGM008492,392.64,INR,pending,
GM008495,ORDGM008495,2232.17,INR,pending,
GM008496,ORDGM008496,72.41,INR,pending,
GM008497,ORDGM008497,216.31,INR,pending,
GM008498,ORDGM008498,691.05,INR,pending,
GM008499,ORDGM008499,571.66,INR,pending,
GM008500,ORDGM008500,834.08,INR,pending,
GM008501,ORDGM008501,4257.71,INR,pending,
GM008502,ORDGM008502,451.83,INR,pending,
GM008503,ORDGM008503,916.12,INR,pending,
GM008505,ORDGM008505,283.23,INR,pending,
GM008506,ORDGM008506,7325.42,INR,pending,
GM008507,ORDGM008507,1572.78,INR,pending,
GM008508,ORDGM008508,366.29,INR,pending,
GM008509,ORDGM008509,2900.29,INR,pending,
GM008510,ORDGM008510,5534.37,INR,pending,
GM008511,ORDGM008511,2405.11,INR,pending,
GM008512,ORDGM008512,529.99,INR,pending,
GM008513,ORDGM008513,3649.91,INR,pending,
GM008514,ORDGM008514,3621.91,INR,pending,
GM008515,ORDGM008515,1154.62,INR,pending,
GM008516,ORDGM008516,12.43,INR,pending,
GM008517,ORDGM008517,1819.79,INR,pending,
GM008518,ORDGM008518,543.61,INR,pending,
GM008519,ORDGM008519,1595.53,INR,pending,
GM008520,ORDGM008520,704.04,INR,pending,
GM008521,ORDGM008521,1301.34,INR,pending,
GM008522,ORDGM008522,4709.20,INR,pending,
GM008523,ORDGM008523,3075.60,INR,pending,
GM008524,ORDGM008524,743.96,INR,pending,
GM008526,ORDGM008526,1658.70,INR,pending,
GM008527,ORDGM008527,2366.30,INR,pending,
GM008528,ORDGM008528,1157.48,INR,pending,
GM008529,ORDGM008529,2628.11,INR,pending,
GM008530,ORDGM008530,1452.80,INR,pending,
GM008531,ORDGM008531,763.99,INR,pending,
GM008532,ORDGM008532,2121.21,INR,pending,
GM008533,ORDGM008533,1305.20,INR,pending,
GM008534,ORDGM008534,2420.22,INR,pending,
GM008535,ORDGM008535,3357.33,INR,pending,
GM008536,ORDGM008536,5984.23,INR,pending,
GM008537,ORDGM008537,3977.14,INR,pending,
GM008538,ORDGM008538,3670.10,INR,pending,
GM008540,ORDGM008540,1221.83,INR,pending,
GM008541,ORDGM008541,2132.89,INR,pending,
GM008542,ORDGM008542,1785.38,INR,pending,
GM008543,ORDGM008543,3126.96,INR,pending,
GM008544,ORDGM008544,1448.41,INR,pending,
GM008545,ORDGM008545,3092.84,INR,pending,
GM008546,ORDGM008546,84.12,INR,pending,
GM008547,ORDGM008547,780.22,INR,pending,
GM008548,ORDGM008548,311.76,INR,pending,
GM008549,ORDGM008549,2348.49,INR,pending,
GM008550,ORDGM008550,2725.16,INR,pending,
GM008551,ORDGM008551,689.45,INR,pending,
GM008552,ORDGM008552,2732.03,INR,pending,
GM008553,ORDGM008553,322.58,INR,pending,
GM008554,ORDGM008554,707.20,INR,pending,
GM008555,ORDGM008555,1202.38,INR,pending,
GM008556,ORDGM008556,915.70,INR,pending,
GM008557,ORDGM008557,1664.79,INR,pending,
GM008560,ORDGM008560,1410.52,INR,pending,
GM008561,ORDGM008561,594.09,INR,pending,
GM008562,ORDGM008562,1686.81,INR,pending,
GM008563,ORDGM008563,923.82,INR,pending,
GM008565,ORDGM008565,1274.81,INR,pending,
GM008566,ORDGM008566,498.95,INR,pending,
GM008567,ORDGM008567,692.36,INR,pending,
GM008568,ORDGM008568,2148.88,INR,pending,
GM008569,ORDGM008569,2092.73,INR,pending,
GM008570,ORDGM008570,700.99,INR,pending,
GM008571,ORDGM008571,1693.96,INR,pending,
GM008572,ORDGM008572,1945.64,INR,pending,
GM008573,ORDGM008573,2185.27,INR,pending,
GM008574,ORDGM008574,964.98,INR,pending,
GM008575,ORDGM008575,1783.96,INR,pending,
GM008576,ORDGM008576,739.97,INR,pending,
GM008577,ORDGM008577,2150.96,INR,pending,
GM008578,ORDGM008578,1114.11,INR,pending,
GM008579,ORDGM008579,5096.22,INR,pending,
GM008580,ORDGM008580,3936.94,INR,pending,
GM008581,ORDGM008581,2126.16,INR,pending,
GM008582,ORDGM008582,3291.73,INR,pending,
GM008583,ORDGM008583,134.52,INR,pending,
GM008584,ORDGM008584,3068.70,INR,pending,
GM008585,ORDGM008585,977.04,INR,pending,
GM008586,ORDGM008586,965.66,INR,pending,
GM008587,ORDGM008587,4135.16,INR,pending,
GM008588,ORDGM008588,1554.46,INR,pending,
GM008589,ORDGM008589,5383.81,INR,pending,
GM008590,ORDGM008590,1033.69,INR,pending,
GM008591,ORDGM008591,853.66,INR,pending,
GM008592,ORDGM008592,126.76,INR,pending,
GM008593,ORDGM008593,565.57,INR,pending,
GM008594,ORDGM008594,1808.19,INR,pending,
GM008595,ORDGM008595,2236.17,INR,pending,
GM008596,ORDGM008596,444.11,INR,pending,
GM008597,ORDGM008597,1330.80,INR,pending,
GM008598,ORDGM008598,4491.60,INR,pending,
GM008599,ORDGM008599,113.66,INR,pending,
GM008600,ORDGM008600,1078.79,INR,pending,
GM008601,ORDGM008601,468.51,INR,pending,
GM008602,ORDGM008602,304.14,INR,pending,
GM008603,ORDGM008603,1868.98,INR,pending,
GM008605,ORDGM008605,696.97,INR,pending,
GM008606,ORDGM008606,374.07,INR,pending,
GM008607,ORDGM008607,100.98,INR,pending,
GM008608,ORDGM008608,72.62,INR,pending,
GM008609,ORDGM008609,1006.66,INR,pending,
GM008610,ORDGM008610,19.54,INR,pending,
GM008611,ORDGM008611,2821.70,INR,pending,
GM008612,ORDGM008612,1508.12,INR,pending,
GM008613,ORDGM008613,601.91,INR,pending,
GM008614,ORDGM008614,1049.26,INR,pending,
GM008615,ORDGM008615,624.88,INR,pending,
GM008616,ORDGM008616,447.89,INR,pending,
GM008617,ORDGM008617,2123.68,INR,pending,
GM008618,ORDGM008618,2979.01,INR,pending,
GM008619,ORDGM008619,1115.09,INR,pending,
GM008620,ORDGM008620,6992.98,INR,pending,
GM008621,ORDGM008621,2482.95,INR,pending,
GM008623,ORDGM008623,4691.46,INR,pending,
GM008624,ORDGM008624,2488.94,INR,pending,
GM008625,ORDGM008625,2582.01,INR,pending,
GM008626,ORDGM008626,4136.63,INR,pending,
GM008627,ORDGM008627,2848.94,INR,pending,
GM008628,ORDGM008628,2837.29,INR,pending,
GM008629,ORDGM008629,492.05,INR,pending,
GM008631,ORDGM008631,3066.99,INR,pending,
GM008632,ORDGM008632,1912.84,INR,pending,
GM008633,ORDGM008633,460.23,INR,pending,
GM008634,ORDGM008634,1343.45,INR,pending,
GM008635,ORDGM008635,1815.42,INR,pending,
GM008636,ORDGM008636,803.28,INR,pending,
GM008637,ORDGM008637,60.98,INR,pending,
GM008638,ORDGM008638,1088.66,INR,pending,
GM008639,ORDGM008639,846.04,INR,pending,
GM008640,ORDGM008640,121.94,INR,pending,
GM008641,ORDGM008641,2889.94,INR,pending,
GM008642,ORDGM008642,334.36,INR,pending,
GM008643,ORDGM008643,2419.72,INR,pending,
GM008644,ORDGM008644,1874.06,INR,pending,
GM008645,ORDGM008645,1117.34,INR,pending,
GM008646,ORDGM008646,1602.58,INR,pending,
GM008647,ORDGM008647,716.41,INR,pending,
GM008648,ORDGM008648,4787.71,INR,pending,
GM008649,ORDGM008649,2979.67,INR,pending,
GM008650,ORDGM008650,1398.26,INR,pending,
GM008651,ORDGM008651,1209.57,INR,pending,
GM008652,ORDGM008652,191.05,INR,pending,
GM008653,ORDGM008653,553.90,INR,pending,
GM008654,ORDGM008654,106.82,INR,pending,
GM008655,ORDGM008655,873.36,INR,pending,
GM008657,ORDGM008657,3028.18,INR,pending,
GM008658,ORDGM008658,1808.35,INR,pending,
GM008659,ORDGM008659,1853.30,INR,pending,
GM008660,ORDGM008660,731.99,INR,pending,
GM008661,ORDGM008661,6838.99,INR,pending,
GM008662,ORDGM008662,7839.02,INR,pending,
GM008664,ORDGM008664,6229.30,INR,pending,
GM008665,ORDGM008665,3978.00,INR,pending,
GM008666,ORDGM008666,6191.68,INR,pending,
GM008667,ORDGM008667,1519.68,INR,pending,
GM008668,ORDGM008668,2295.25,INR,pending,
GM008669,ORDGM008669,3671.78,INR,pending,
GM008670,ORDGM008670,578.91,INR,pending,
GM008671,ORDGM008671,5949.06,INR,pending,
GM008672,ORDGM008672,2044.78,INR,pending,
GM008673,ORDGM008673,889.29,INR,pending,
GM008674,ORDGM008674,901.85,INR,pending,
GM008675,ORDGM008675,340.71,INR,pending,
GM008676,ORDGM008676,2030.01,INR,pending,
GM008677,ORDGM008677,362.48,INR,pending,
GM008678,ORDGM008678,82.02,INR,pending,
GM008679,ORDGM008679,5095.44,INR,pending,
GM008680,ORDGM008680,1361.53,INR,pending,
GM008681,ORDGM008681,1989.64,INR,pending,
GM008683,ORDGM008683,244.47,INR,pending,
GM008684,ORDGM008684,961.19,INR,pending,
GM008685,ORDGM008685,203.58,INR,pending,
GM008686,ORDGM008686,550.49,INR,pending,
GM008687,ORDGM008687,1016.98,INR,pending,
GM008688,ORDGM008688,5195.08,INR,pending,
GM008689,ORDGM008689,3452.71,INR,pending,
GM008690,ORDGM008690,3482.15,INR,pending,
GM008691,ORDGM008691,5681.29,INR,pending,
GM008692,ORDGM008692,1949.61,INR,pending,
GM008694,ORDGM008694,1184.98,INR,pending,
GM008695,ORDGM008695,3743.87,INR,pending,
GM008696,ORDGM008696,2320.73,INR,pending,
GM008697,ORDGM008697,1083.11,INR,pending,
GM008698,ORDGM008698,1703.94,INR,pending,
GM008699,ORDGM008699,4027.39,INR,pending,
GM008700,ORDGM008700,1602.51,INR,pending,
GM008701,ORDGM008701,658.38,INR,pending,
GM008703,ORDGM008703,136.69,INR,pending,
GM008705,ORDGM008705,5706.93,INR,pending,
GM008706,ORDGM008706,687.50,INR,pending,
GM008707,ORDGM008707,914.27,INR,pending,
GM008708,ORDGM008708,2809.00,INR,pending,
GM008709,ORDGM008709,94.18,INR,pending,
GM008710,ORDGM008710,767.25,INR,pending,
GM008711,ORDGM008711,192.39,INR,pending,
GM008712,ORDGM008712,1562.61,INR,pending,
GM008713,ORDGM008713,1561.16,INR,pending,
GM008714,ORDGM008714,2264.45,INR,pending,
GM008715,ORDGM008715,2647.72,INR,pending,
GM008716,ORDGM008716,161.06,INR,pending,
GM008717,ORDGM008717,2133.96,INR,pending,
GM008718,ORDGM008718,70.76,INR,pending,
GM008719,ORDGM008719,1113.82,INR,pending,
GM008720,ORDGM008720,1997.57,INR,pending,
GM008721,ORDGM008721,29.13,INR,pending,
GM008722,ORDGM008722,613.61,INR,pending,
GM008723,ORDGM008723,1172.39,INR,pending,
GM008724,ORDGM008724,147.06,INR,pending,
GM008725,ORDGM008725,790.90,INR,pending,
GM008726,ORDGM008726,662.87,INR,pending,
GM008727,ORDGM008727,28.68,INR,pending,
GM008728,ORDGM008728,2991.07,INR,pending,
GM008729,ORDGM008729,1667.81,INR,pending,
GM008730,ORDGM008730,713.52,INR,pending,
GM008731,ORDGM008731,544.81,INR,pending,
GM008732,ORDGM008732,1075.30,INR,pending,
GM008733,ORDGM008733,677.82,INR,pending,
GM008734,ORDGM008734,6560.55,INR,pending,
GM008735,ORDGM008735,874.56,INR,pending,
GM008736,ORDGM008736,3008.05,INR,pending,
GM008737,ORDGM008737,3482.58,INR,pending,
GM008739,ORDGM008739,33.71,INR,pending,
GM008740,ORDGM008740,7579.77,INR,pending,
GM008741,ORDGM008741,1136.47,INR,pending,
GM008742,ORDGM008742,1258.65,INR,pending,
GM008743,ORDGM008743,968.90,INR,pending,
GM008744,ORDGM008744,3052.67,INR,pending,
GM008745,ORDGM008745,1764.49,INR,pending,
GM008746,ORDGM008746,364.32,INR,pending,
GM008747,ORDGM008747,23.10,INR,pending,
GM008748,ORDGM008748,6666.76,INR,pending,
GM008749,ORDGM008749,301.31,INR,pending,
GM008750,ORDGM008750,1172.80,INR,pending,
GM008751,ORDGM008751,1816.44,INR,pending,
GM008752,ORDGM008752,2249.59,INR,pending,
GM008753,ORDGM008753,5274.53,INR,pending,
GM008754,ORDGM008754,75.67,INR,pending,
GM008755,ORDGM008755,436.48,INR,pending,
GM008756,ORDGM008756,8953.14,INR,pending,
GM008757,ORDGM008757,2117.73,INR,pending,
GM008758,ORDGM008758,1813.17,INR,pending,
GM008759,ORDGM008759,1101.82,INR,pending,
GM008760,ORDGM008760,52.74,INR,pending,
GM008761,ORDGM008761,7454.07,INR,pending,
GM008762,ORDGM008762,1030.38,INR,pending,
GM008763,ORDGM008763,3843.78,INR,pending,
GM008764,ORDGM008764,2857.14,INR,pending,
GM008765,ORDGM008765,2457.73,INR,pending,
GM008766,ORDGM008766,1511.99,INR,pending,
GM008768,ORDGM008768,170.29,INR,pending,
GM008769,ORDGM008769,1674.54,INR,pending,
GM008770,ORDGM008770,597.95,INR,pending,
GM008771,ORDGM008771,3283.21,INR,pending,
GM008772,ORDGM008772,2984.01,INR,pending,
GM008773,ORDGM008773,2772.07,INR,pending,
GM008774,ORDGM008774,51.06,INR,pending,
GM008775,ORDGM008775,2241.28,INR,pending,
GM008776,ORDGM008776,631.41,INR,pending,
GM008777,ORDGM008777,1838.91,INR,pending,
GM008778,ORDGM008778,1261.59,INR,pending,
GM008779,ORDGM008779,2026.90,INR,pending,
GM008780,ORDGM008780,179.73,INR,pending,
GM008782,ORDGM008782,699.12,INR,pending,
GM008783,ORDGM008783,196.91,INR,pending,
GM008784,ORDGM008784,1324.84,INR,pending,
GM008785,ORDGM008785,3708.20,INR,pending,
GM008786,ORDGM008786,6.44,INR,pending,
GM008787,ORDGM008787,4846.23,INR,pending,
GM008788,ORDGM008788,640.09,INR,pending,
GM008789,ORDGM008789,4103.14,INR,pending,
GM008790,ORDGM008790,6392.50,INR,pending,
GM008791,ORDGM008791,3127.99,INR,pending,
GM008792,ORDGM008792,6570.68,INR,pending,
GM008793,ORDGM008793,930.23,INR,pending,
GM008794,ORDGM008794,2967.19,INR,pending,
GM008795,ORDGM008795,3091.67,INR,pending,
GM008796,ORDGM008796,1251.24,INR,pending,
GM008797,ORDGM008797,1492.16,INR,pending,
GM008798,ORDGM008798,745.89,INR,pending,
GM008799,ORDGM008799,9739.11,INR,pending,
GM008800,ORDGM008800,1000.26,INR,pending,
GM008801,ORDGM008801,2263.86,INR,pending,
GM008802,ORDGM008802,3908.74,INR,pending,
GM008803,ORDGM008803,762.17,INR,pending,
GM008804,ORDGM008804,3149.57,INR,pending,
GM008805,ORDGM008805,525.25,INR,pending,
GM008806,ORDGM008806,3747.23,INR,pending,
GM008807,ORDGM008807,649.71,INR,pending,
GM008808,ORDGM008808,1851.22,INR,pending,
GM008809,ORDGM008809,655.59,INR,pending,
GM008810,ORDGM008810,235.82,INR,pending,
GM008811,ORDGM008811,1312.15,INR,pending,
GM008812,ORDGM008812,668.60,INR,pending,
GM008813,ORDGM008813,6780.16,INR,pending,
GM008814,ORDGM008814,404.44,INR,pending,
GM008815,ORDGM008815,2066.79,INR,pending,
GM008816,ORDGM008816,1158.57,INR,pending,
GM008817,ORDGM008817,6219.89,INR,pending,
GM008818,ORDGM008818,44.53,INR,pending,
GM008819,ORDGM008819,787.62,INR,pending,
GM008820,ORDGM008820,3660.02,INR,pending,
GM008822,ORDGM008822,982.40,INR,pending,
GM008823,ORDGM008823,105.40,INR,pending,
GM008824,ORDGM008824,2330.43,INR,pending,
GM008825,ORDGM008825,1275.27,INR,pending,
GM008826,ORDGM008826,3195.11,INR,pending,
GM008827,ORDGM008827,9428.65,INR,pending,
GM008828,ORDGM008828,6694.17,INR,pending,
GM008829,ORDGM008829,1280.19,INR,pending,
GM008830,ORDGM008830,1365.37,INR,pending,
GM008833,ORDGM008833,6992.85,INR,pending,
GM008834,ORDGM008834,6220.37,INR,pending,
GM008835,ORDGM008835,5976.80,INR,pending,
GM008836,ORDGM008836,4222.10,INR,pending,
GM008837,ORDGM008837,1471.14,INR,pending,
GM008838,ORDGM008838,353.82,INR,pending,
GM008839,ORDGM008839,3227.82,INR,pending,
GM008840,ORDGM008840,1472.98,INR,pending,
GM008841,ORDGM008841,9476.17,INR,pending,
GM008842,ORDGM008842,980.73,INR,pending,
GM008843,ORDGM008843,2065.55,INR,pending,
GM008844,ORDGM008844,739.48,INR,pending,
GM008845,ORDGM008845,3805.23,INR,pending,
GM008846,ORDGM008846,3824.10,INR,pending,
GM008847,ORDGM008847,1899.97,INR,pending,
GM008848,ORDGM008848,2224.04,INR,pending,
GM008849,ORDGM008849,1229.97,INR,pending,
GM008850,ORDGM008850,2503.79,INR,pending,
GM008851,ORDGM008851,76.58,INR,pending,
GM008852,ORDGM008852,3919.21,INR,pending,
GM008853,ORDGM008853,12775.92,INR,pending,
GM008854,ORDGM008854,375.46,INR,pending,
GM008855,ORDGM008855,1328.34,INR,pending,
GM008856,ORDGM008856,851.33,INR,pending,
GM008857,ORDGM008857,2398.88,INR,pending,
GM008858,ORDGM008858,3863.27,INR,pending,
GM008859,ORDGM008859,1123.94,INR,pending,
GM008860,ORDGM008860,11.89,INR,pending,
GM008861,ORDGM008861,2566.76,INR,pending,
GM008862,ORDGM008862,5444.56,INR,pending,
GM008864,ORDGM008864,466.47,INR,pending,
GM008866,ORDGM008866,1149.76,INR,pending,
GM008867,ORDGM008867,817.29,INR,pending,
GM008868,ORDGM008868,114.77,INR,pending,
GM008869,ORDGM008869,2741.68,INR,pending,
GM008871,ORDGM008871,4421.37,INR,pending,
GM008872,ORDGM008872,11.84,INR,pending,
GM008873,ORDGM008873,3860.25,INR,pending,
GM008874,ORDGM008874,2890.66,INR,pending,
GM008875,ORDGM008875,653.56,INR,pending,
GM008876,ORDGM008876,2548.25,INR,pending,
GM008877,ORDGM008877,4331.19,INR,pending,
GM008878,ORDGM008878,1072.73,INR,pending,
GM008879,ORDGM008879,1151.46,INR,pending,
GM008880,ORDGM008880,2342.33,INR,pending,
GM008881,ORDGM008881,1439.57,INR,pending,
GM008882,ORDGM008882,676.28,INR,pending,
GM008883,ORDGM008883,285.68,INR,pending,
GM008884,ORDGM008884,1288.76,INR,pending,
GM008885,ORDGM008885,83.00,INR,pending,
GM008886,ORDGM008886,2813.84,INR,pending,
GM008887,ORDGM008887,159.70,INR,pending,
GM008888,ORDGM008888,426.52,INR,pending,
GM008889,ORDGM008889,1305.93,INR,pending,
GM008890,ORDGM008890,2459.73,INR,pending,
GM008891,ORDGM008891,2626.77,INR,pending,
GM008892,ORDGM008892,1083.05,INR,pending,
GM008893,ORDGM008893,5307.76,INR,pending,
GM008894,ORDGM008894,910.06,INR,pending,
GM008895,ORDGM008895,4379.34,INR,pending,
GM008896,ORDGM008896,125.06,INR,pending,
GM008897,ORDGM008897,3386.34,INR,pending,
GM008898,ORDGM008898,1576.31,INR,pending,
GM008899,ORDGM008899,1200.83,INR,pending,
GM008900,ORDGM008900,425.22,INR,pending,
GM008901,ORDGM008901,12956.58,INR,pending,
GM008902,ORDGM008902,3558.21,INR,pending,
GM008903,ORDGM008903,2953.03,INR,pending,
GM008906,ORDGM008906,8749.81,INR,pending,
GM008908,ORDGM008908,182.05,INR,pending,
GM008909,ORDGM008909,3559.25,INR,pending,
GM008910,ORDGM008910,665.30,INR,pending,
GM008911,ORDGM008911,3842.40,INR,pending,
GM008912,ORDGM008912,161.73,INR,pending,
GM008913,ORDGM008913,616.41,INR,pending,
GM008914,ORDGM008914,765.58,INR,pending,
GM008915,ORDGM008915,1037.99,INR,pending,
GM008916,ORDGM008916,4732.75,INR,pending,
GM008917,ORDGM008917,837.14,INR,pending,
GM008918,ORDGM008918,2167.13,INR,pending,
GM008919,ORDGM008919,821.71,INR,pending,
GM008920,ORDGM008920,2167.08,INR,pending,
GM008921,ORDGM008921,925.66,INR,pending,
GM008922,ORDGM008922,1452.26,INR,pending,
GM008923,ORDGM008923,787.76,INR,pending,
GM008924,ORDGM008924,286.92,INR,pending,
GM008925,ORDGM008925,960.71,INR,pending,
GM008926,ORDGM008926,1853.09,INR,pending,
GM008927,ORDGM008927,1846.89,INR,pending,
GM008928,ORDGM008928,634.78,INR,pending,
GM008929,ORDGM008929,3020.97,INR,pending,
GM008930,ORDGM008930,1818.93,INR,pending,
GM008931,ORDGM008931,44.13,INR,pending,
GM008932,ORDGM008932,24.07,INR,pending,
GM008933,ORDGM008933,1342.29,INR,pending,
GM008934,ORDGM008934,2775.21,INR,pending,
GM008935,ORDGM008935,3026.65,INR,pending,
GM008936,ORDGM008936,1933.73,INR,pending,
GM008937,ORDGM008937,154.81,INR,pending,
GM008938,ORDGM008938,1181.71,INR,pending,
GM008939,ORDGM008939,1696.79,INR,pending,
GM008940,ORDGM008940,1657.59,INR,pending,
GM008941,ORDGM008941,3191.24,INR,pending,
GM008942,ORDGM008942,369.15,INR,pending,
GM008943,ORDGM008943,163.39,INR,pending,
GM008944,ORDGM008944,4139.69,INR,pending,
GM008945,ORDGM008945,338.83,INR,pending,
GM008946,ORDGM008946,415.93,INR,pending,
GM008947,ORDGM008947,624.80,INR,pending,
GM008948,ORDGM008948,4306.55,INR,pending,
GM008949,ORDGM008949,1918.67,INR,pending,
GM008950,ORDGM008950,1215.81,INR,pending,
GM008951,ORDGM008951,2416.33,INR,pending,
GM008952,ORDGM008952,2942.44,INR,pending,
GM008953,ORDGM008953,656.84,INR,pending,
GM008954,ORDGM008954,48.94,INR,pending,
GM008955,ORDGM008955,2998.55,INR,pending,
GM008956,ORDGM008956,2121.81,INR,pending,
GM008957,ORDGM008957,1447.55,INR,pending,
GM008958,ORDGM008958,2082.89,INR,pending,
GM008959,ORDGM008959,1739.30,INR,pending,
GM008960,ORDGM008960,3050.31,INR,pending,
GM008961,ORDGM008961,5284.75,INR,pending,
GM008962,ORDGM008962,2787.28,INR,pending,
GM008963,ORDGM008963,2803.16,INR,pending,
GM008964,ORDGM008964,1688.08,INR,pending,
GM008965,ORDGM008965,310.90,INR,pending,
GM008966,ORDGM008966,2129.74,INR,pending,
GM008967,ORDGM008967,94.88,INR,pending,
GM008968,ORDGM008968,1158.82,INR,pending,
GM008969,ORDGM008969,1297.99,INR,pending,
GM008970,ORDGM008970,5055.60,INR,pending,
GM008971,ORDGM008971,1322.19,INR,pending,
GM008972,ORDGM008972,3838.05,INR,pending,
GM008973,ORDGM008973,3838.61,INR,pending,
GM008974,ORDGM008974,1837.06,INR,pending,
GM008975,ORDGM008975,1857.62,INR,pending,
GM008976,ORDGM008976,4100.05,INR,pending,
GM008978,ORDGM008978,890.80,INR,pending,
GM008979,ORDGM008979,1292.86,INR,pending,
GM008980,ORDGM008980,904.31,INR,pending,
GM008981,ORDGM008981,1248.43,INR,pending,
GM008982,ORDGM008982,659.83,INR,pending,
GM008983,ORDGM008983,879.80,INR,pending,
GM008984,ORDGM008984,1263.72,INR,pending,
GM008985,ORDGM008985,4388.24,INR,pending,
GM008986,ORDGM008986,814.85,INR,pending,
GM008987,ORDGM008987,878.49,INR,pending,
GM008988,ORDGM008988,6780.89,INR,pending,
GM008989,ORDGM008989,1529.36,INR,pending,
GM008990,ORDGM008990,1003.90,INR,pending,
GM008991,ORDGM008991,2862.43,INR,pending,
GM008992,ORDGM008992,2835.16,INR,pending,
GM008993,ORDGM008993,777.91,INR,pending,
GM008994,ORDGM008994,2.85,INR,pending,
GM008995,ORDGM008995,2317.46,INR,pending,
GM008996,ORDGM008996,81.30,INR,pending,
GM008997,ORDGM008997,4084.10,INR,pending,
GM008998,ORDGM008998,1410.24,INR,pending,
GM009000,ORDGM009000,764.55,INR,pending,
GM009001,ORDGM009001,201.97,INR,pending,
GM009002,ORDGM009002,674.78,INR,pending,
GM009003,ORDGM009003,2226.65,INR,pending,
GM009005,ORDGM009005,25.91,INR,pending,
GM009006,ORDGM009006,431.34,INR,pending,
GM009007,ORDGM009007,1611.46,INR,pending,
GM009008,ORDGM009008,3308.23,INR,pending,
GM009009,ORDGM009009,235.20,INR,pending,
GM009010,ORDGM009010,930.23,INR,pending,
GM009011,ORDGM009011,2786.43,INR,pending,
GM009012,ORDGM009012,2408.81,INR,pending,
GM009013,ORDGM009013,655.03,INR,pending,
GM009014,ORDGM009014,3054.00,INR,pending,
GM009015,ORDGM009015,1593.57,INR,pending,
GM009016,ORDGM009016,204.65,INR,pending,
GM009017,ORDGM009017,495.16,INR,pending,
GM009018,ORDGM009018,414.11,INR,pending,
GM009019,ORDGM009019,2745.42,INR,pending,
GM009020,ORDGM009020,1690.37,INR,pending,
GM009021,ORDGM009021,10389.99,INR,pending,
GM009022,ORDGM009022,569.36,INR,pending,
GM009023,ORDGM009023,56.58,INR,pending,
GM009024,ORDGM009024,3187.98,INR,pending,
GM009025,ORDGM009025,3454.98,INR,pending,
GM009026,ORDGM009026,342.20,INR,pending,
GM009027,ORDGM009027,2584.38,INR,pending,
GM009028,ORDGM009028,32.61,INR,pending,
GM009029,ORDGM009029,1346.64,INR,pending,
GM009030,ORDGM009030,1713.30,INR,pending,
GM009031,ORDGM009031,511.10,INR,pending,
GM009032,ORDGM009032,738.58,INR,pending,
GM009033,ORDGM009033,3034.72,INR,pending,
GM009034,ORDGM009034,2749.63,INR,pending,
GM009035,ORDGM009035,1463.39,INR,pending,
GM009036,ORDGM009036,197.85,INR,pending,
GM009037,ORDGM009037,181.24,INR,pending,
GM009038,ORDGM009038,263.86,INR,pending,
GM009039,ORDGM009039,10775.12,INR,pending,
GM009040,ORDGM009040,356.07,INR,pending,
GM009041,ORDGM009041,2276.74,INR,pending,
GM009042,ORDGM009042,2746.01,INR,pending,
GM009043,ORDGM009043,233.62,INR,pending,
GM009044,ORDGM009044,4374.34,INR,pending,
GM009045,ORDGM009045,2696.69,INR,pending,
GM009046,ORDGM009046,2793.30,INR,pending,
GM009047,ORDGM009047,1587.25,INR,pending,
GM009048,ORDGM009048,3460.36,INR,pending,
GM009049,ORDGM009049,524.54,INR,pending,
GM009050,ORDGM009050,4214.29,INR,pending,
GM009051,ORDGM009051,456.72,INR,pending,
GM009052,ORDGM009052,5973.50,INR,pending,
GM009053,ORDGM009053,256.63,INR,pending,
GM009054,ORDGM009054,286.26,INR,pending,
GM009056,ORDGM009056,2409.56,INR,pending,
GM009058,ORDGM009058,892.31,INR,pending,
GM009059,ORDGM009059,905.36,INR,pending,
GM009060,ORDGM009060,1275.65,INR,pending,
GM009061,ORDGM009061,1928.52,INR,pending,
GM009062,ORDGM009062,723.06,INR,pending,
GM009063,ORDGM009063,2993.43,INR,pending,
GM009064,ORDGM009064,2148.90,INR,pending,
GM009065,ORDGM009065,1583.38,INR,pending,
GM009066,ORDGM009066,496.81,INR,pending,
GM009067,ORDGM009067,4025.70,INR,pending,
GM009068,ORDGM009068,3703.70,INR,pending,
GM009069,ORDGM009069,253.63,INR,pending,
GM009070,ORDGM009070,4843.14,INR,pending,
GM009071,ORDGM009071,4025.86,INR,pending,
GM009072,ORDGM009072,1798.81,INR,pending,
GM009073,ORDGM009073,2492.97,INR,pending,
GM009074,ORDGM009074,772.42,INR,pending,
GM009075,ORDGM009075,2805.63,INR,pending,
GM009076,ORDGM009076,772.85,INR,pending,
GM009077,ORDGM009077,963.91,INR,pending,
GM009078,ORDGM009078,393.48,INR,pending,
GM009079,ORDGM009079,699.03,INR,pending,
GM009080,ORDGM009080,115.95,INR,pending,
GM009081,ORDGM009081,795.10,INR,pending,
GM009082,ORDGM009082,834.82,INR,pending,
GM009083,ORDGM009083,2135.25,INR,pending,
GM009084,ORDGM009084,2947.79,INR,pending,
GM009085,ORDGM009085,3741.71,INR,pending,
GM009086,ORDGM009086,3542.34,INR,pending,
GM009087,ORDGM009087,222.74,INR,pending,
GM009088,ORDGM009088,820.48,INR,pending,
GM009089,ORDGM009089,771.09,INR,pending,
GM009090,ORDGM009090,1356.22,INR,pending,
GM009091,ORDGM009091,1829.87,INR,pending,
GM009092,ORDGM009092,182.72,INR,pending,
GM009093,ORDGM009093,2272.81,INR,pending,
GM009094,ORDGM009094,211.80,INR,pending,
GM009095,ORDGM009095,1659.39,INR,pending,
GM009096,ORDGM009096,5029.44,INR,pending,
GM009097,ORDGM009097,2446.50,INR,pending,
GM009098,ORDGM009098,1226.90,INR,pending,
GM009099,ORDGM009099,23.92,INR,pending,
GM009100,ORDGM009100,3736.32,INR,pending,
GM009101,ORDGM009101,1804.61,INR,pending,
GM009102,ORDGM009102,2177.39,INR,pending,
GM009103,ORDGM009103,1133.71,INR,pending,
GM009104,ORDGM009104,1644.40,INR,pending,
GM009105,ORDGM009105,9.04,INR,pending,
GM009106,ORDGM009106,4360.11,INR,pending,
GM009107,ORDGM009107,537.69,INR,pending,
GM009109,ORDGM009109,2771.90,INR,pending,
GM009110,ORDGM009110,90.57,INR,pending,
GM009111,ORDGM009111,2594.84,INR,pending,
GM009112,ORDGM009112,865.75,INR,pending,
GM009113,ORDGM009113,2620.92,INR,pending,
GM009114,ORDGM009114,878.60,INR,pending,
GM009115,ORDGM009115,225.34,INR,pending,
GM009116,ORDGM009116,121.14,INR,pending,
GM009117,ORDGM009117,1629.87,INR,pending,
GM009118,ORDGM009118,375.70,INR,pending,
GM009121,ORDGM009121,370.55,INR,pending,
GM009122,ORDGM009122,3693.33,INR,pending,
GM009123,ORDGM009123,815.39,INR,pending,
GM009124,ORDGM009124,1583.41,INR,pending,
GM009125,ORDGM009125,1440.05,INR,pending,
GM009126,ORDGM009126,22.85,INR,pending,
GM009127,ORDGM009127,3148.75,INR,pending,
GM009128,ORDGM009128,218.72,INR,pending,
GM009129,ORDGM009129,3880.90,INR,pending,
GM009131,ORDGM009131,2365.73,INR,pending,
GM009132,ORDGM009132,7630.25,INR,pending,
GM009133,ORDGM009133,662.53,INR,pending,
GM009134,ORDGM009134,2508.23,INR,pending,
GM009135,ORDGM009135,2753.03,INR,pending,
GM009136,ORDGM009136,1535.70,INR,pending,
GM009137,ORDGM009137,760.37,INR,pending,
GM009138,ORDGM009138,2548.19,INR,pending,
GM009139,ORDGM009139,238.24,INR,pending,
GM009140,ORDGM009140,857.13,INR,pending,
GM009141,ORDGM009141,3488.09,INR,pending,
GM009142,ORDGM009142,436.83,INR,pending,
GM009143,ORDGM009143,4128.69,INR,pending,
GM009144,ORDGM009144,2581.07,INR,pending,
GM009145,ORDGM009145,1141.84,INR,pending,
GM009146,ORDGM009146,612.65,INR,pending,
GM009147,ORDGM009147,1539.65,INR,pending,
GM009149,ORDGM009149,283.90,INR,pending,
GM009150,ORDGM009150,1076.63,INR,pending,
GM009151,ORDGM009151,1976.05,INR,pending,
GM009152,ORDGM009152,5487.11,INR,pending,
GM009153,ORDGM009153,845.33,INR,pending,
GM009154,ORDGM009154,235.30,INR,pending,
GM009155,ORDGM009155,3747.17,INR,pending,
GM009156,ORDGM009156,3815.40,INR,pending,
GM009157,ORDGM009157,2157.92,INR,pending,
GM009159,ORDGM009159,1558.99,INR,pending,
GM009161,ORDGM009161,1738.62,INR,pending,
GM009162,ORDGM009162,2595.90,INR,pending,
GM009163,ORDGM009163,3038.06,INR,pending,
GM009164,ORDGM009164,2798.58,INR,pending,
GM009166,ORDGM009166,3997.00,INR,pending,
GM009167,ORDGM009167,3944.75,INR,pending,
GM009169,ORDGM009169,1105.39,INR,pending,
GM009170,ORDGM009170,3524.80,INR,pending,
GM009172,ORDGM009172,65.12,INR,pending,
GM009173,ORDGM009173,3992.83,INR,pending,
GM009174,ORDGM009174,781.93,INR,pending,
GM009175,ORDGM009175,6003.35,INR,pending,
GM009176,ORDGM009176,4769.89,INR,pending,
GM009177,ORDGM009177,337.38,INR,pending,
GM009178,ORDGM009178,452.67,INR,pending,
GM009179,ORDGM009179,722.06,INR,pending,
GM009180,ORDGM009180,964.94,INR,pending,
GM009181,ORDGM009181,450.68,INR,pending,
GM009182,ORDGM009182,123.51,INR,pending,
GM009183,ORDGM009183,2255.51,INR,pending,
GM009184,ORDGM009184,3113.22,INR,pending,
GM009185,ORDGM009185,1294.73,INR,pending,
GM009186,ORDGM009186,987.65,INR,pending,
GM009187,ORDGM009187,449.47,INR,pending,
GM009188,ORDGM009188,961.52,INR,pending,
GM009189,ORDGM009189,3467.91,INR,pending,
GM009190,ORDGM009190,49.21,INR,pending,
GM009191,ORDGM009191,4010.05,INR,pending,
GM009192,ORDGM009192,2845.45,INR,pending,
GM009193,ORDGM009193,2185.12,INR,pending,
GM009194,ORDGM009194,1234.17,INR,pending,
GM009195,ORDGM009195,8433.67,INR,pending,
GM009196,ORDGM009196,5455.02,INR,pending,
GM009197,ORDGM009197,2150.12,INR,pending,
GM009198,ORDGM009198,546.92,INR,pending,
GM009199,ORDGM009199,1140.14,INR,pending,
GM009200,ORDGM009200,3007.77,INR,pending,
GM009201,ORDGM009201,454.13,INR,pending,
GM009202,ORDGM009202,263.30,INR,pending,
GM009203,ORDGM009203,3907.58,INR,pending,
GM009204,ORDGM009204,160.66,INR,pending,
GM009205,ORDGM009205,998.89,INR,pending,
GM009206,ORDGM009206,1816.34,INR,pending,
GM009207,ORDGM009207,247.15,INR,pending,
GM009208,ORDGM009208,6245.55,INR,pending,
GM009209,ORDGM009209,1852.70,INR,pending,
GM009210,ORDGM009210,2625.09,INR,pending,
GM009211,ORDGM009211,2191.04,INR,pending,
GM009212,ORDGM009212,3280.14,INR,pending,
GM009213,ORDGM009213,168.50,INR,pending,
GM009215,ORDGM009215,7352.11,INR,pending,
GM009216,ORDGM009216,768.49,INR,pending,
GM009217,ORDGM009217,2141.44,INR,pending,
GM009218,ORDGM009218,488.82,INR,pending,
GM009219,ORDGM009219,822.85,INR,pending,
GM009220,ORDGM009220,770.78,INR,pending,
GM009221,ORDGM009221,2369.70,INR,pending,
GM009222,ORDGM009222,2118.00,INR,pending,
GM009224,ORDGM009224,68.91,INR,pending,
GM009225,ORDGM009225,2175.90,INR,pending,
GM009226,ORDGM009226,1414.38,INR,pending,
GM009228,ORDGM009228,817.04,INR,pending,
GM009229,ORDGM009229,531.69,INR,pending,
GM009230,ORDGM009230,192.14,INR,pending,
GM009231,ORDGM009231,2074.13,INR,pending,
GM009232,ORDGM009232,396.73,INR,pending,
GM009233,ORDGM009233,193.15,INR,pending,
GM009234,ORDGM009234,1607.47,INR,pending,
GM009235,ORDGM009235,1864.89,INR,pending,
GM009236,ORDGM009236,773.13,INR,pending,
GM009237,ORDGM009237,3533.37,INR,pending,
GM009238,ORDGM009238,494.60,INR,pending,
GM009239,ORDGM009239,2268.08,INR,pending,
GM009240,ORDGM009240,319.91,INR,pending,
GM009241,ORDGM009241,6534.14,INR,pending,
GM009242,ORDGM009242,83.86,INR,pending,
GM009243,ORDGM009243,191.28,INR,pending,
GM009244,ORDGM009244,3882.46,INR,pending,
GM009245,ORDGM009245,1733.99,INR,pending,
GM009246,ORDGM009246,1399.35,INR,pending,
GM009247,ORDGM009247,461.13,INR,pending,
GM009248,ORDGM009248,1449.02,INR,pending,
GM009249,ORDGM009249,1141.56,INR,pending,
GM009250,ORDGM009250,834.25,INR,pending,
GM009251,ORDGM009251,2337.50,INR,pending,
GM009252,ORDGM009252,1981.18,INR,pending,
GM009253,ORDGM009253,224.72,INR,pending,
GM009254,ORDGM009254,573.98,INR,pending,
GM009255,ORDGM009255,1437.32,INR,pending,
GM009256,ORDGM009256,1040.84,INR,pending,
GM009257,ORDGM009257,602.13,INR,pending,
GM009258,ORDGM009258,1547.89,INR,pending,
GM009260,ORDGM009260,4619.70,INR,pending,
GM009263,ORDGM009263,1542.02,INR,pending,
GM009264,ORDGM009264,916.48,INR,pending,
GM009265,ORDGM009265,2712.67,INR,pending,
GM009266,ORDGM009266,1404.17,INR,pending,
GM009267,ORDGM009267,297.63,INR,pending,
GM009268,ORDGM009268,1431.85,INR,pending,
GM009269,ORDGM009269,245.24,INR,pending,
GM009270,ORDGM009270,7085.00,INR,pending,
GM009271,ORDGM009271,577.36,INR,pending,
GM009272,ORDGM009272,3023.49,INR,pending,
GM009273,ORDGM009273,2643.42,INR,pending,
GM009274,ORDGM009274,31.16,INR,pending,
GM009275,ORDGM009275,536.11,INR,pending,
GM009276,ORDGM009276,962.02,INR,pending,
GM009277,ORDGM009277,899.06,INR,pending,
GM009278,ORDGM009278,1112.64,INR,pending,
GM009279,ORDGM009279,351.51,INR,pending,
GM009280,ORDGM009280,229.27,INR,pending,
GM009281,ORDGM009281,44.61,INR,pending,
GM009282,ORDGM009282,2978.90,INR,pending,
GM009283,ORDGM009283,5784.69,INR,pending,
GM009284,ORDGM009284,973.71,INR,pending,
GM009285,ORDGM009285,366.72,INR,pending,
GM009286,ORDGM009286,2625.46,INR,pending,
GM009287,ORDGM009287,2046.27,INR,pending,
GM009288,ORDGM009288,6822.80,INR,pending,
GM009289,ORDGM009289,908.29,INR,pending,
GM009290,ORDGM009290,1141.70,INR,pending,
GM009291,ORDGM009291,2761.78,INR,pending,
GM009292,ORDGM009292,5918.10,INR,pending,
GM009293,ORDGM009293,372.81,INR,pending,
GM009294,ORDGM009294,804.61,INR,pending,
GM009295,ORDGM009295,2070.69,INR,pending,
GM009296,ORDGM009296,1385.84,INR,pending,
GM009297,ORDGM009297,871.20,INR,pending,
GM009298,ORDGM009298,2864.66,INR,pending,
GM009299,ORDGM009299,330.34,INR,pending,
GM009300,ORDGM009300,1465.43,INR,pending,
GM009301,ORDGM009301,1163.99,INR,pending,
GM009302,ORDGM009302,2647.42,INR,pending,
GM009304,ORDGM009304,179.47,INR,pending,
GM009305,ORDGM009305,901.37,INR,pending,
GM009306,ORDGM009306,693.94,INR,pending,
GM009307,ORDGM009307,2527.38,INR,pending,
GM009308,ORDGM009308,86.35,INR,pending,
GM009309,ORDGM009309,488.06,INR,pending,
GM009310,ORDGM009310,6630.25,INR,pending,
GM009311,ORDGM009311,1305.44,INR,pending,
GM009312,ORDGM009312,2640.86,INR,pending,
GM009313,ORDGM009313,2176.21,INR,pending,
GM009314,ORDGM009314,113.93,INR,pending,
GM009315,ORDGM009315,741.01,INR,pending,
GM009316,ORDGM009316,106.71,INR,pending,
GM009317,ORDGM009317,2771.25,INR,pending,
GM009318,ORDGM009318,1079.16,INR,pending,
GM009319,ORDGM009319,2092.97,INR,pending,
GM009320,ORDGM009320,74.68,INR,pending,
GM009321,ORDGM009321,102.73,INR,pending,
GM009322,ORDGM009322,402.66,INR,pending,
GM009323,ORDGM009323,864.04,INR,pending,
GM009324,ORDGM009324,2042.80,INR,pending,
GM009325,ORDGM009325,2958.43,INR,pending,
GM009326,ORDGM009326,148.44,INR,pending,
GM009327,ORDGM009327,513.43,INR,pending,
GM009328,ORDGM009328,1425.37,INR,pending,
GM009329,ORDGM009329,1285.05,INR,pending,
GM009330,ORDGM009330,1064.50,INR,pending,
GM009331,ORDGM009331,6279.85,INR,pending,
GM009332,ORDGM009332,5302.10,INR,pending,
GM009333,ORDGM009333,855.48,INR,pending,
GM009334,ORDGM009334,5526.54,INR,pending,
GM009335,ORDGM009335,787.89,INR,pending,
GM009336,ORDGM009336,963.98,INR,pending,
GM009337,ORDGM009337,1262.20,INR,pending,
GM009338,ORDGM009338,3802.30,INR,pending,
GM009339,ORDGM009339,1282.55,INR,pending,
GM009340,ORDGM009340,4305.75,INR,pending,
GM009341,ORDGM009341,3381.23,INR,pending,
GM009342,ORDGM009342,350.39,INR,pending,
GM009343,ORDGM009343,2339.65,INR,pending,
GM009344,ORDGM009344,53.50,INR,pending,
GM009345,ORDGM009345,3715.79,INR,pending,
GM009346,ORDGM009346,2226.67,INR,pending,
GM009347,ORDGM009347,180.58,INR,pending,
GM009348,ORDGM009348,177.49,INR,pending,
GM009349,ORDGM009349,276.79,INR,pending,
GM009350,ORDGM009350,3530.49,INR,pending,
GM009351,ORDGM009351,1198.40,INR,pending,
GM009353,ORDGM009353,1071.40,INR,pending,
GM009354,ORDGM009354,2792.33,INR,pending,
GM009355,ORDGM009355,63.30,INR,pending,
GM009356,ORDGM009356,677.26,INR,pending,
GM009357,ORDGM009357,4942.28,INR,pending,
GM009358,ORDGM009358,211.55,INR,pending,
GM009359,ORDGM009359,168.39,INR,pending,
GM009360,ORDGM009360,2053.39,INR,pending,
GM009361,ORDGM009361,999.43,INR,pending,
GM009362,ORDGM009362,2258.26,INR,pending,
GM009363,ORDGM009363,664.58,INR,pending,
GM009364,ORDGM009364,1161.36,INR,pending,
GM009365,ORDGM009365,689.17,INR,pending,
GM009366,ORDGM009366,1046.39,INR,pending,
GM009367,ORDGM009367,12887.93,INR,pending,
GM009368,ORDGM009368,2958.54,INR,pending,
GM009369,ORDGM009369,3885.07,INR,pending,
GM009370,ORDGM009370,2399.45,INR,pending,
GM009371,ORDGM009371,3400.54,INR,pending,
GM009372,ORDGM009372,3993.62,INR,pending,
GM009373,ORDGM009373,1000.99,INR,pending,
GM009374,ORDGM009374,676.28,INR,pending,
GM009375,ORDGM009375,609.73,INR,pending,
GM009376,ORDGM009376,89.05,INR,pending,
GM009377,ORDGM009377,1436.24,INR,pending,
GM009378,ORDGM009378,2631.46,INR,pending,
GM009379,ORDGM009379,3721.05,INR,pending,
GM009380,ORDGM009380,264.93,INR,pending,
GM009381,ORDGM009381,52.24,INR,pending,
GM009382,ORDGM009382,194.94,INR,pending,
GM009383,ORDGM009383,578.07,INR,pending,
GM009384,ORDGM009384,45.70,INR,pending,
GM009385,ORDGM009385,975.54,INR,pending,
GM009386,ORDGM009386,2878.61,INR,pending,
GM009387,ORDGM009387,125.82,INR,pending,
GM009388,ORDGM009388,5729.86,INR,pending,
GM009389,ORDGM009389,3276.52,INR,pending,
GM009390,ORDGM009390,2777.73,INR,pending,
GM009391,ORDGM009391,2835.78,INR,pending,
GM009392,ORDGM009392,1513.32,INR,pending,
GM009393,ORDGM009393,3833.51,INR,pending,
GM009394,ORDGM009394,61.80,INR,pending,
GM009395,ORDGM009395,1727.72,INR,pending,
GM009396,ORDGM009396,3878.87,INR,pending,
GM009397,ORDGM009397,428.62,INR,pending,
GM009398,ORDGM009398,3055.35,INR,pending,
GM009399,ORDGM009399,308.96,INR,pending,
GM009400,ORDGM009400,895.17,INR,pending,
GM009401,ORDGM009401,1532.93,INR,pending,
GM009402,ORDGM009402,6177.42,INR,pending,
GM009403,ORDGM009403,71.07,INR,pending,
GM009404,ORDGM009404,2853.34,INR,pending,
GM009406,ORDGM009406,1730.05,INR,pending,
GM009407,ORDGM009407,2368.43,INR,pending,
GM009408,ORDGM009408,805.70,INR,pending,
GM009409,ORDGM009409,2574.74,INR,pending,
GM009410,ORDGM009410,3620.74,INR,pending,
GM009411,ORDGM009411,2503.46,INR,pending,
GM009412,ORDGM009412,1313.72,INR,pending,
GM009413,ORDGM009413,38.64,INR,pending,
GM009414,ORDGM009414,1049.05,INR,pending,
GM009415,ORDGM009415,444.84,INR,pending,
GM009416,ORDGM009416,1176.42,INR,pending,
GM009417,ORDGM009417,5386.22,INR,pending,
GM009418,ORDGM009418,3264.30,INR,pending,
GM009419,ORDGM009419,2470.28,INR,pending,
GM009420,ORDGM009420,2823.65,INR,pending,
GM009421,ORDGM009421,1477.42,INR,pending,
GM009422,ORDGM009422,342.35,INR,pending,
GM009423,ORDGM009423,206.04,INR,pending,
GM009424,ORDGM009424,6880.88,INR,pending,
GM009425,ORDGM009425,4717.93,INR,pending,
GM009426,ORDGM009426,3736.99,INR,pending,
GM009427,ORDGM009427,1876.20,INR,pending,
GM009428,ORDGM009428,736.11,INR,pending,
GM009429,ORDGM009429,4514.91,INR,pending,
GM009430,ORDGM009430,2067.55,INR,pending,
GM009431,ORDGM009431,5689.59,INR,pending,
GM009432,ORDGM009432,2448.70,INR,pending,
GM009433,ORDGM009433,993.77,INR,pending,
GM009434,ORDGM009434,1538.01,INR,pending,
GM009435,ORDGM009435,2183.21,INR,pending,
GM009436,ORDGM009436,643.52,INR,pending,
GM009437,ORDGM009437,6334.34,INR,pending,
GM009438,ORDGM009438,733.81,INR,pending,
GM009439,ORDGM009439,2201.80,INR,pending,
GM009440,ORDGM009440,1144.80,INR,pending,
GM009441,ORDGM009441,1962.76,INR,pending,
GM009442,ORDGM009442,108.82,INR,pending,
GM009443,ORDGM009443,689.54,INR,pending,
GM009444,ORDGM009444,317.51,INR,pending,
GM009445,ORDGM009445,7968.62,INR,pending,
GM009446,ORDGM009446,464.08,INR,pending,
GM009447,ORDGM009447,1775.99,INR,pending,
GM009448,ORDGM009448,1100.02,INR,pending,
GM009449,ORDGM009449,327.40,INR,pending,
GM009450,ORDGM009450,938.64,INR,pending,
GM009451,ORDGM009451,8657.07,INR,pending,
GM009452,ORDGM009452,929.13,INR,pending,
GM009453,ORDGM009453,104.35,INR,pending,
GM009454,ORDGM009454,1753.74,INR,pending,
GM009455,ORDGM009455,2903.75,INR,pending,
GM009456,ORDGM009456,444.91,INR,pending,
GM009457,ORDGM009457,5148.41,INR,pending,
GM009458,ORDGM009458,973.41,INR,pending,
GM009459,ORDGM009459,5824.01,INR,pending,
GM009460,ORDGM009460,77.19,INR,pending,
GM009461,ORDGM009461,262.39,INR,pending,
GM009462,ORDGM009462,136.71,INR,pending,
GM009463,ORDGM009463,1380.28,INR,pending,
GM009464,ORDGM009464,2019.42,INR,pending,
GM009465,ORDGM009465,2025.50,INR,pending,
GM009466,ORDGM009466,1401.23,INR,pending,
GM009467,ORDGM009467,9774.13,INR,pending,
GM009468,ORDGM009468,345.56,INR,pending,
GM009469,ORDGM009469,126.07,INR,pending,
GM009470,ORDGM009470,4124.66,INR,pending,
GM009471,ORDGM009471,1801.73,INR,pending,
GM009472,ORDGM009472,495.05,INR,pending,
GM009473,ORDGM009473,2046.72,INR,pending,
GM009474,ORDGM009474,639.98,INR,pending,
GM009475,ORDGM009475,868.59,INR,pending,
GM009476,ORDGM009476,257.70,INR,pending,
GM009478,ORDGM009478,371.15,INR,pending,
GM009479,ORDGM009479,1607.14,INR,pending,
GM009480,ORDGM009480,8003.74,INR,pending,
GM009481,ORDGM009481,55.84,INR,pending,
GM009482,ORDGM009482,1465.60,INR,pending,
GM009483,ORDGM009483,124.02,INR,pending,
GM009484,ORDGM009484,330.65,INR,pending,
GM009485,ORDGM009485,1262.01,INR,pending,
GM009487,ORDGM009487,192.94,INR,pending,
GM009488,ORDGM009488,3279.03,INR,pending,
GM009489,ORDGM009489,1687.82,INR,pending,
GM009490,ORDGM009490,6984.86,INR,pending,
GM009492,ORDGM009492,1783.70,INR,pending,
GM009493,ORDGM009493,4015.99,INR,pending,
GM009494,ORDGM009494,5668.81,INR,pending,
GM009495,ORDGM009495,1512.60,INR,pending,
GM009496,ORDGM009496,3477.93,INR,pending,
GM009497,ORDGM009497,2246.27,INR,pending,
GM009498,ORDGM009498,647.38,INR,pending,
GM009499,ORDGM009499,155.32,INR,pending,
GM009500,ORDGM009500,496.00,INR,pending,
GM009501,ORDGM009501,2946.62,INR,pending,
GM009502,ORDGM009502,2042.81,INR,pending,
GM009503,ORDGM009503,3470.88,INR,pending,
GM009504,ORDGM009504,2907.27,INR,pending,
GM009505,ORDGM009505,1020.23,INR,pending,
GM009506,ORDGM009506,3166.04,INR,pending,
GM009507,ORDGM009507,1837.20,INR,pending,
GM009508,ORDGM009508,3731.46,INR,pending,
GM009509,ORDGM009509,645.89,INR,pending,
GM009510,ORDGM009510,4005.31,INR,pending,
GM009511,ORDGM009511,5043.66,INR,pending,
GM009513,ORDGM009513,331.82,INR,pending,
GM009514,ORDGM009514,91.46,INR,pending,
GM009515,ORDGM009515,2244.65,INR,pending,
GM009516,ORDGM009516,492.04,INR,pending,
GM009517,ORDGM009517,12470.65,INR,pending,
GM009518,ORDGM009518,1919.37,INR,pending,
GM009519,ORDGM009519,289.61,INR,pending,
GM009520,ORDGM009520,2518.56,INR,pending,
GM009521,ORDGM009521,911.60,INR,pending,
GM009522,ORDGM009522,2007.34,INR,pending,
GM009523,ORDGM009523,896.26,INR,pending,
GM009524,ORDGM009524,952.84,INR,pending,
GM009525,ORDGM009525,112.66,INR,pending,
GM009528,ORDGM009528,865.12,INR,pending,
GM009529,ORDGM009529,571.35,INR,pending,
GM009530,ORDGM009530,2169.00,INR,pending,
GM009531,ORDGM009531,3438.70,INR,pending,
GM009533,ORDGM009533,3925.04,INR,pending,
GM009534,ORDGM009534,948.02,INR,pending,
GM009535,ORDGM009535,663.86,INR,pending,
GM009537,ORDGM009537,2111.33,INR,pending,
GM009538,ORDGM009538,720.96,INR,pending,
GM009539,ORDGM009539,655.07,INR,pending,
GM009540,ORDGM009540,1930.15,INR,pending,
GM009541,ORDGM009541,5394.24,INR,pending,
GM009542,ORDGM009542,440.81,INR,pending,
GM009543,ORDGM009543,1377.48,INR,pending,
GM009544,ORDGM009544,2393.69,INR,pending,
GM009545,ORDGM009545,1025.49,INR,pending,
GM009546,ORDGM009546,606.36,INR,pending,
GM009547,ORDGM009547,1976.85,INR,pending,
GM009548,ORDGM009548,1768.73,INR,pending,
GM009549,ORDGM009549,1715.18,INR,pending,
GM009550,ORDGM009550,4047.65,INR,pending,
GM009551,ORDGM009551,764.61,INR,pending,
GM009552,ORDGM009552,160.73,INR,pending,
GM009553,ORDGM009553,195.96,INR,pending,
GM009554,ORDGM009554,2788.39,INR,pending,
GM009555,ORDGM009555,6283.87,INR,pending,
GM009556,ORDGM009556,1873.47,INR,pending,
GM009557,ORDGM009557,1953.77,INR,pending,
GM009558,ORDGM009558,1972.75,INR,pending,
GM009559,ORDGM009559,234.48,INR,pending,
GM009560,ORDGM009560,3533.81,INR,pending,
GM009561,ORDGM009561,1487.68,INR,pending,
GM009563,ORDGM009563,920.14,INR,pending,
GM009564,ORDGM009564,1584.91,INR,pending,
GM009565,ORDGM009565,931.32,INR,pending,
GM009566,ORDGM009566,1854.76,INR,pending,
GM009568,ORDGM009568,6334.15,INR,pending,
GM009569,ORDGM009569,1193.48,INR,pending,
GM009570,ORDGM009570,1074.89,INR,pending,
GM009571,ORDGM009571,1000.27,INR,pending,
GM009572,ORDGM009572,5513.89,INR,pending,
GM009573,ORDGM009573,74.61,INR,pending,
GM009574,ORDGM009574,3584.71,INR,pending,
GM009575,ORDGM009575,7079.03,INR,pending,
GM009576,ORDGM009576,2708.20,INR,pending,
GM009577,ORDGM009577,398.72,INR,pending,
GM009578,ORDGM009578,168.76,INR,pending,
GM009579,ORDGM009579,3322.00,INR,pending,
GM009580,ORDGM009580,2204.87,INR,pending,
GM009581,ORDGM009581,3452.41,INR,pending,
GM009582,ORDGM009582,3565.75,INR,pending,
GM009583,ORDGM009583,278.35,INR,pending,
GM009585,ORDGM009585,2250.93,INR,pending,
GM009586,ORDGM009586,5203.11,INR,pending,
GM009587,ORDGM009587,999.00,INR,pending,
GM009588,ORDGM009588,831.84,INR,pending,
GM009589,ORDGM009589,608.26,INR,pending,
GM009590,ORDGM009590,2695.39,INR,pending,
GM009591,ORDGM009591,482.09,INR,pending,
GM009592,ORDGM009592,1788.19,INR,pending,
GM009593,ORDGM009593,303.96,INR,pending,
GM009594,ORDGM009594,1829.07,INR,pending,
GM009595,ORDGM009595,131.39,INR,pending,
GM009596,ORDGM009596,4295.13,INR,pending,
GM009597,ORDGM009597,1335.71,INR,pending,
GM009598,ORDGM009598,863.78,INR,pending,
GM009599,ORDGM009599,4500.75,INR,pending,
GM009600,ORDGM009600,2255.98,INR,pending,
GM009601,ORDGM009601,1380.71,INR,pending,
GM009602,ORDGM009602,458.23,INR,pending,
GM009603,ORDGM009603,998.67,INR,pending,
GM009604,ORDGM009604,1295.43,INR,pending,
GM009605,ORDGM009605,1009.43,INR,pending,
GM009606,ORDGM009606,5219.92,INR,pending,
GM009607,ORDGM009607,3632.40,INR,pending,
GM009608,ORDGM009608,6771.30,INR,pending,
GM009609,ORDGM009609,1262.88,INR,pending,
GM009610,ORDGM009610,5724.97,INR,pending,
GM009611,ORDGM009611,1719.80,INR,pending,
GM009612,ORDGM009612,1033.64,INR,pending,
GM009613,ORDGM009613,4781.96,INR,pending,
GM009614,ORDGM009614,52.43,INR,pending,
GM009615,ORDGM009615,649.81,INR,pending,
GM009616,ORDGM009616,1942.32,INR,pending,
GM009617,ORDGM009617,531.60,INR,pending,
GM009618,ORDGM009618,1327.87,INR,pending,
GM009619,ORDGM009619,481.16,INR,pending,
GM009620,ORDGM009620,318.03,INR,pending,
GM009621,ORDGM009621,108.14,INR,pending,
GM009623,ORDGM009623,1891.11,INR,pending,
GM009624,ORDGM009624,961.41,INR,pending,
GM009625,ORDGM009625,874.31,INR,pending,
GM009626,ORDGM009626,220.59,INR,pending,
GM009627,ORDGM009627,302.58,INR,pending,
GM009628,ORDGM009628,1671.85,INR,pending,
GM009629,ORDGM009629,609.52,INR,pending,
GM009630,ORDGM009630,1572.61,INR,pending,
GM009631,ORDGM009631,1270.80,INR,pending,
GM009632,ORDGM009632,921.67,INR,pending,
GM009633,ORDGM009633,184.28,INR,pending,
GM009634,ORDGM009634,1354.51,INR,pending,
GM009635,ORDGM009635,5900.26,INR,pending,
GM009636,ORDGM009636,3538.11,INR,pending,
GM009637,ORDGM009637,1829.97,INR,pending,
GM009638,ORDGM009638,3588.14,INR,pending,
GM009639,ORDGM009639,195.10,INR,pending,
GM009640,ORDGM009640,1292.85,INR,pending,
GM009641,ORDGM009641,558.51,INR,pending,
GM009642,ORDGM009642,374.91,INR,pending,
GM009643,ORDGM009643,132.86,INR,pending,
GM009644,ORDGM009644,298.39,INR,pending,
GM009645,ORDGM009645,3142.96,INR,pending,
GM009646,ORDGM009646,3119.77,INR,pending,
GM009647,ORDGM009647,1440.16,INR,pending,
GM009648,ORDGM009648,861.60,INR,pending,
GM009649,ORDGM009649,6716.31,INR,pending,
GM009650,ORDGM009650,2845.06,INR,pending,
GM009651,ORDGM009651,234.46,INR,pending,
GM009652,ORDGM009652,516.34,INR,pending,
GM009653,ORDGM009653,416.73,INR,pending,
GM009654,ORDGM009654,1385.41,INR,pending,
GM009655,ORDGM009655,4865.16,INR,pending,
GM009656,ORDGM009656,3900.20,INR,pending,
GM009657,ORDGM009657,415.79,INR,pending,
GM009658,ORDGM009658,34.55,INR,pending,
GM009659,ORDGM009659,4712.69,INR,pending,
GM009660,ORDGM009660,5419.15,INR,pending,
GM009661,ORDGM009661,4860.16,INR,pending,
GM009662,ORDGM009662,4570.54,INR,pending,
GM009663,ORDGM009663,2359.77,INR,pending,
GM009664,ORDGM009664,829.63,INR,pending,
GM009665,ORDGM009665,28.23,INR,pending,
GM009666,ORDGM009666,1831.91,INR,pending,
GM009667,ORDGM009667,507.36,INR,pending,
GM009668,ORDGM009668,1787.07,INR,pending,
GM009669,ORDGM009669,2285.89,INR,pending,
GM009670,ORDGM009670,4380.13,INR,pending,
GM009671,ORDGM009671,1105.76,INR,pending,
GM009672,ORDGM009672,584.20,INR,pending,
GM009673,ORDGM009673,3759.33,INR,pending,
GM009674,ORDGM009674,231.54,INR,pending,
GM009675,ORDGM009675,379.33,INR,pending,
GM009676,ORDGM009676,446.03,INR,pending,
GM009678,ORDGM009678,2899.15,INR,pending,
GM009679,ORDGM009679,2177.25,INR,pending,
GM009680,ORDGM009680,3404.57,INR,pending,
GM009681,ORDGM009681,280.05,INR,pending,
GM009682,ORDGM009682,691.77,INR,pending,
GM009683,ORDGM009683,724.47,INR,pending,
GM009685,ORDGM009685,439.63,INR,pending,
GM009686,ORDGM009686,962.82,INR,pending,
GM009687,ORDGM009687,914.06,INR,pending,
GM009688,ORDGM009688,4999.06,INR,pending,
GM009689,ORDGM009689,1516.86,INR,pending,
GM009690,ORDGM009690,2754.77,INR,pending,
GM009691,ORDGM009691,964.34,INR,pending,
GM009692,ORDGM009692,280.77,INR,pending,
GM009693,ORDGM009693,2581.11,INR,pending,
GM009694,ORDGM009694,2798.83,INR,pending,
GM009695,ORDGM009695,1583.71,INR,pending,
GM009696,ORDGM009696,1502.46,INR,pending,
GM009697,ORDGM009697,260.03,INR,pending,
GM009698,ORDGM009698,5171.87,INR,pending,
GM009699,ORDGM009699,7086.14,INR,pending,
GM009700,ORDGM009700,1586.19,INR,pending,
GM009701,ORDGM009701,6526.11,INR,pending,
GM009702,ORDGM009702,767.89,INR,pending,
GM009703,ORDGM009703,155.17,INR,pending,
GM009704,ORDGM009704,4507.82,INR,pending,
GM009705,ORDGM009705,692.66,INR,pending,
GM009706,ORDGM009706,2088.58,INR,pending,
GM009707,ORDGM009707,318.87,INR,pending,
GM009708,ORDGM009708,98.43,INR,pending,
GM009709,ORDGM009709,2062.49,INR,pending,
GM009710,ORDGM009710,3499.29,INR,pending,
GM009712,ORDGM009712,1159.17,INR,pending,
GM009713,ORDGM009713,2222.95,INR,pending,
GM009714,ORDGM009714,3073.06,INR,pending,
GM009715,ORDGM009715,2242.39,INR,pending,
GM009716,ORDGM009716,224.18,INR,pending,
GM009717,ORDGM009717,1283.23,INR,pending,
GM009718,ORDGM009718,138.63,INR,pending,
GM009719,ORDGM009719,1390.49,INR,pending,
GM009721,ORDGM009721,337.25,INR,pending,
GM009722,ORDGM009722,481.41,INR,pending,
GM009723,ORDGM009723,1162.28,INR,pending,
GM009724,ORDGM009724,398.63,INR,pending,
GM009725,ORDGM009725,1147.33,INR,pending,
GM009726,ORDGM009726,4560.45,INR,pending,
GM009727,ORDGM009727,1246.59,INR,pending,
GM009728,ORDGM009728,4645.22,INR,pending,
GM009729,ORDGM009729,242.84,INR,pending,
GM009730,ORDGM009730,1187.30,INR,pending,
GM009731,ORDGM009731,46.85,INR,pending,
GM009732,ORDGM009732,1627.18,INR,pending,
GM009733,ORDGM009733,1940.43,INR,pending,
GM009734,ORDGM009734,1456.46,INR,pending,
GM009735,ORDGM009735,1061.70,INR,pending,
GM009736,ORDGM009736,1807.21,INR,pending,
GM009737,ORDGM009737,343.58,INR,pending,
GM009738,ORDGM009738,1818.31,INR,pending,
GM009739,ORDGM009739,1659.94,INR,pending,
GM009740,ORDGM009740,6293.00,INR,pending,
GM009741,ORDGM009741,65.36,INR,pending,
GM009742,ORDGM009742,3052.50,INR,pending,
GM009743,ORDGM009743,5778.24,INR,pending,
GM009744,ORDGM009744,185.64,INR,pending,
GM009745,ORDGM009745,1537.29,INR,pending,
GM009746,ORDGM009746,97.42,INR,pending,
GM009747,ORDGM009747,7816.58,INR,pending,
GM009748,ORDGM009748,4254.22,INR,pending,
GM009749,ORDGM009749,1155.24,INR,pending,
GM009750,ORDGM009750,876.85,INR,pending,
GM009751,ORDGM009751,642.55,INR,pending,
GM009752,ORDGM009752,5282.76,INR,pending,
GM009753,ORDGM009753,447.16,INR,pending,
GM009754,ORDGM009754,1667.65,INR,pending,
GM009755,ORDGM009755,2297.01,INR,pending,
GM009756,ORDGM009756,349.95,INR,pending,
GM009757,ORDGM009757,2198.76,INR,pending,
GM009758,ORDGM009758,1358.43,INR,pending,
GM009759,ORDGM009759,621.96,INR,pending,
GM009760,ORDGM009760,1005.86,INR,pending,
GM009761,ORDGM009761,3281.70,INR,pending,
GM009762,ORDGM009762,1632.23,INR,pending,
GM009763,ORDGM009763,1144.48,INR,pending,
GM009764,ORDGM009764,1384.90,INR,pending,
GM009765,ORDGM009765,372.95,INR,pending,
GM009766,ORDGM009766,1670.92,INR,pending,
GM009767,ORDGM009767,1122.83,INR,pending,
GM009768,ORDGM009768,1592.21,INR,pending,
GM009769,ORDGM009769,700.87,INR,pending,
GM009770,ORDGM009770,4830.52,INR,pending,
GM009771,ORDGM009771,2386.71,INR,pending,
GM009772,ORDGM009772,940.00,INR,pending,
GM009773,ORDGM009773,1177.55,INR,pending,
GM009774,ORDGM009774,1449.24,INR,pending,
GM009775,ORDGM009775,5634.28,INR,pending,
GM009776,ORDGM009776,1281.23,INR,pending,
GM009777,ORDGM009777,4163.44,INR,pending,
GM009778,ORDGM009778,198.75,INR,pending,
GM009779,ORDGM009779,3748.00,INR,pending,
GM009780,ORDGM009780,2775.96,INR,pending,
GM009781,ORDGM009781,2998.66,INR,pending,
GM009782,ORDGM009782,2366.89,INR,pending,
GM009783,ORDGM009783,2869.56,INR,pending,
GM009784,ORDGM009784,5013.30,INR,pending,
GM009785,ORDGM009785,423.17,INR,pending,
GM009786,ORDGM009786,3297.27,INR,pending,
GM009787,ORDGM009787,167.12,INR,pending,
GM009788,ORDGM009788,4538.43,INR,pending,
GM009789,ORDGM009789,2490.35,INR,pending,
GM009790,ORDGM009790,2641.52,INR,pending,
GM009791,ORDGM009791,842.24,INR,pending,
GM009792,ORDGM009792,305.80,INR,pending,
GM009793,ORDGM009793,619.08,INR,pending,
GM009794,ORDGM009794,977.03,INR,pending,
GM009795,ORDGM009795,4856.98,INR,pending,
GM009796,ORDGM009796,452.61,INR,pending,
GM009797,ORDGM009797,482.55,INR,pending,
GM009798,ORDGM009798,1560.13,INR,pending,
GM009799,ORDGM009799,1100.80,INR,pending,
GM009800,ORDGM009800,5878.84,INR,pending,
GM009801,ORDGM009801,1736.82,INR,pending,
GM009802,ORDGM009802,572.26,INR,pending,
GM009803,ORDGM009803,1061.87,INR,pending,
GM009804,ORDGM009804,527.56,INR,pending,
GM009805,ORDGM009805,2049.49,INR,pending,
GM009807,ORDGM009807,4926.58,INR,pending,
GM009808,ORDGM009808,341.23,INR,pending,
GM009809,ORDGM009809,1907.23,INR,pending,
GM009810,ORDGM009810,11.50,INR,pending,
GM009811,ORDGM009811,858.00,INR,pending,
GM009812,ORDGM009812,19.19,INR,pending,
GM009813,ORDGM009813,1114.09,INR,pending,
GM009814,ORDGM009814,5341.03,INR,pending,
GM009815,ORDGM009815,1292.26,INR,pending,
GM009816,ORDGM009816,3770.95,INR,pending,
GM009817,ORDGM009817,2945.36,INR,pending,
GM009818,ORDGM009818,766.92,INR,pending,
GM009819,ORDGM009819,796.15,INR,pending,
GM009820,ORDGM009820,3775.96,INR,pending,
GM009821,ORDGM009821,1719.52,INR,pending,
GM009822,ORDGM009822,416.26,INR,pending,
GM009823,ORDGM009823,4406.21,INR,pending,
GM009824,ORDGM009824,15.67,INR,pending,
GM009825,ORDGM009825,452.89,INR,pending,
GM009826,ORDGM009826,2036.70,INR,pending,
GM009827,ORDGM009827,1017.26,INR,pending,
GM009828,ORDGM009828,796.43,INR,pending,
GM009829,ORDGM009829,6025.50,INR,pending,
GM009830,ORDGM009830,4757.42,INR,pending,
GM009831,ORDGM009831,361.88,INR,pending,
GM009832,ORDGM009832,536.80,INR,pending,
GM009833,ORDGM009833,47.36,INR,pending,
GM009834,ORDGM009834,1093.09,INR,pending,
GM009835,ORDGM009835,2301.57,INR,pending,
GM009836,ORDGM009836,920.45,INR,pending,
GM009838,ORDGM009838,630.97,INR,pending,
GM009839,ORDGM009839,11.88,INR,pending,
GM009840,ORDGM009840,220.48,INR,pending,
GM009841,ORDGM009841,728.15,INR,pending,
GM009842,ORDGM009842,49.30,INR,pending,
GM009843,ORDGM009843,1306.50,INR,pending,
GM009844,ORDGM009844,1155.44,INR,pending,
GM009845,ORDGM009845,1231.19,INR,pending,
GM009846,ORDGM009846,1552.37,INR,pending,
GM009847,ORDGM009847,1770.93,INR,pending,
GM009848,ORDGM009848,10539.66,INR,pending,
GM009850,ORDGM009850,571.25,INR,pending,
GM009851,ORDGM009851,2778.52,INR,pending,
GM009852,ORDGM009852,3371.90,INR,pending,
GM009854,ORDGM009854,241.44,INR,pending,
GM009855,ORDGM009855,584.30,INR,pending,
GM009856,ORDGM009856,590.29,INR,pending,
GM009857,ORDGM009857,654.72,INR,pending,
GM009858,ORDGM009858,1190.72,INR,pending,
GM009859,ORDGM009859,341.76,INR,pending,
GM009860,ORDGM009860,993.61,INR,pending,
GM009861,ORDGM009861,325.55,INR,pending,
GM009862,ORDGM009862,916.93,INR,pending,
GM009863,ORDGM009863,1245.15,INR,pending,
GM009864,ORDGM009864,2816.31,INR,pending,
GM009865,ORDGM009865,3009.57,INR,pending,
GM009867,ORDGM009867,1565.68,INR,pending,
GM009868,ORDGM009868,6046.66,INR,pending,
GM009869,ORDGM009869,4064.28,INR,pending,
GM009870,ORDGM009870,8855.32,INR,pending,
GM009871,ORDGM009871,1312.74,INR,pending,
GM009872,ORDGM009872,367.20,INR,pending,
GM009873,ORDGM009873,994.37,INR,pending,
GM009874,ORDGM009874,7276.63,INR,pending,
GM009875,ORDGM009875,4709.81,INR,pending,
GM009876,ORDGM009876,925.04,INR,pending,
GM009877,ORDGM009877,392.38,INR,pending,
GM009878,ORDGM009878,11157.63,INR,pending,
GM009879,ORDGM009879,2386.33,INR,pending,
GM009881,ORDGM009881,3111.25,INR,pending,
GM009882,ORDGM009882,1481.64,INR,pending,
GM009883,ORDGM009883,676.57,INR,pending,
GM009885,ORDGM009885,2580.82,INR,pending,
GM009886,ORDGM009886,1534.81,INR,pending,
GM009887,ORDGM009887,3427.06,INR,pending,
GM009888,ORDGM009888,66.46,INR,pending,
GM009889,ORDGM009889,174.89,INR,pending,
GM009890,ORDGM009890,11.85,INR,pending,
GM009891,ORDGM009891,2577.08,INR,pending,
GM009892,ORDGM009892,1107.06,INR,pending,
GM009893,ORDGM009893,2196.88,INR,pending,
GM009895,ORDGM009895,4855.68,INR,pending,
GM009896,ORDGM009896,2021.84,INR,pending,
GM009897,ORDGM009897,1037.26,INR,pending,
GM009898,ORDGM009898,2482.50,INR,pending,
GM009899,ORDGM009899,656.99,INR,pending,
GM009900,ORDGM009900,1340.61,INR,pending,
GM009901,ORDGM009901,674.28,INR,pending,
GM009902,ORDGM009902,3145.00,INR,pending,
GM009903,ORDGM009903,519.33,INR,pending,
GM009904,ORDGM009904,463.09,INR,pending,
GM009905,ORDGM009905,969.53,INR,pending,
GM009906,ORDGM009906,750.52,INR,pending,
GM009907,ORDGM009907,485.19,INR,pending,
GM009908,ORDGM009908,198.11,INR,pending,
GM009909,ORDGM009909,1633.06,INR,pending,
GM009910,ORDGM009910,432.58,INR,pending,
GM009911,ORDGM009911,1307.86,INR,pending,
GM009912,ORDGM009912,3017.66,INR,pending,
GM009913,ORDGM009913,408.45,INR,pending,
GM009914,ORDGM009914,6293.54,INR,pending,
GM009915,ORDGM009915,497.94,INR,pending,
GM009916,ORDGM009916,955.24,INR,pending,
GM009917,ORDGM009917,3804.98,INR,pending,
GM009918,ORDGM009918,687.25,INR,pending,
GM009919,ORDGM009919,6274.33,INR,pending,
GM009920,ORDGM009920,3778.58,INR,pending,
GM009921,ORDGM009921,1457.11,INR,pending,
GM009922,ORDGM009922,185.83,INR,pending,
GM009923,ORDGM009923,1576.93,INR,pending,
GM009924,ORDGM009924,2199.89,INR,pending,
GM009925,ORDGM009925,902.38,INR,pending,
GM009927,ORDGM009927,451.73,INR,pending,
GM009928,ORDGM009928,9341.63,INR,pending,
GM009929,ORDGM009929,3151.05,INR,pending,
GM009930,ORDGM009930,202.05,INR,pending,
GM009931,ORDGM009931,18.18,INR,pending,
GM009932,ORDGM009932,5004.19,INR,pending,
GM009933,ORDGM009933,230.07,INR,pending,
GM009934,ORDGM009934,210.87,INR,pending,
GM009935,ORDGM009935,128.75,INR,pending,
GM009936,ORDGM009936,1310.67,INR,pending,
GM009937,ORDGM009937,2119.75,INR,pending,
GM009938,ORDGM009938,2239.14,INR,pending,
GM009939,ORDGM009939,401.45,INR,pending,
GM009940,ORDGM009940,916.66,INR,pending,
GM009941,ORDGM009941,3282.39,INR,pending,
GM009942,ORDGM009942,1102.38,INR,pending,
GM009943,ORDGM009943,4501.52,INR,pending,
GM009944,ORDGM009944,754.02,INR,pending,
GM009945,ORDGM009945,642.08,INR,pending,
GM009946,ORDGM009946,1396.67,INR,pending,
GM009947,ORDGM009947,1301.98,INR,pending,
GM009948,ORDGM009948,3265.93,INR,pending,
GM009949,ORDGM009949,1210.45,INR,pending,
GM009950,ORDGM009950,1275.10,INR,pending,
GM009951,ORDGM009951,1808.88,INR,pending,
GM009952,ORDGM009952,2352.75,INR,pending,
GM009953,ORDGM009953,325.70,INR,pending,
GM009954,ORDGM009954,5383.89,INR,pending,
GM009955,ORDGM009955,1250.57,INR,pending,
GM009956,ORDGM009956,229.55,INR,pending,
GM009957,ORDGM009957,2592.41,INR,pending,
GM009958,ORDGM009958,2175.95,INR,pending,
GM009959,ORDGM009959,1522.29,INR,pending,
GM009960,ORDGM009960,5929.97,INR,pending,
GM009961,ORDGM009961,459.81,INR,pending,
GM009962,ORDGM009962,5673.66,INR,pending,
GM009963,ORDGM009963,2009.68,INR,pending,
GM009964,ORDGM009964,330.38,INR,pending,
GM009965,ORDGM009965,1192.43,INR,pending,
GM009966,ORDGM009966,1049.01,INR,pending,
GM009967,ORDGM009967,720.62,INR,pending,
GM009968,ORDGM009968,345.41,INR,pending,
GM009970,ORDGM009970,2318.83,INR,pending,
GM009971,ORDGM009971,1659.51,INR,pending,
GM009972,ORDGM009972,106.70,INR,pending,
GM009973,ORDGM009973,907.62,INR,pending,
GM009974,ORDGM009974,3455.13,INR,pending,
GM009975,ORDGM009975,482.50,INR,pending,
GM009976,ORDGM009976,325.74,INR,pending,
GM009977,ORDGM009977,3301.24,INR,pending,
GM009978,ORDGM009978,3054.10,INR,pending,
GM009979,ORDGM009979,6577.78,INR,pending,
GM009980,ORDGM009980,7694.13,INR,pending,
GM009981,ORDGM009981,68.17,INR,pending,
GM009982,ORDGM009982,1221.12,INR,pending,
GM009983,ORDGM009983,1636.02,INR,pending,
GM009984,ORDGM009984,1226.71,INR,pending,
GM009985,ORDGM009985,499.62,INR,pending,
GM009986,ORDGM009986,1850.30,INR,pending,
GM009987,ORDGM009987,282.78,INR,pending,
GM009988,ORDGM009988,3380.21,INR,pending,
GM009989,ORDGM009989,34.23,INR,pending,
GM009990,ORDGM009990,978.07,INR,pending,
GM009991,ORDGM009991,1090.05,INR,pending,
GM009993,ORDGM009993,9071.10,INR,pending,
GM009994,ORDGM009994,854.26,INR,pending,
GM009995,ORDGM009995,1346.69,INR,pending,
GM009996,ORDGM009996,554.23,INR,pending,
GM009997,ORDGM009997,2533.96,INR,pending,
GM009998,ORDGM009998,1384.30,INR,pending,
GM009999,ORDGM009999,3320.85,INR,pending,
GM010000,ORDGM010000,2000.61,INR,pending,
GM010001,ORDGM010001,1591.79,INR,pending,
GM010002,ORDGM010002,2234.88,INR,pending,
GM010003,ORDGM010003,10103.53,INR,pending,
GM010004,ORDGM010004,252.74,INR,pending,
GM010005,ORDGM010005,1442.51,INR,pending,
GM010006,ORDGM010006,213.96,INR,pending,
GM010007,ORDGM010007,39.55,INR,pending,
GM010008,ORDGM010008,2603.91,INR,pending,
GM010009,ORDGM010009,263.01,INR,pending,
GM010010,ORDGM010010,5950.59,INR,pending,
GM010011,ORDGM010011,106.62,INR,pending,
GM010012,ORDGM010012,1303.95,INR,pending,
GM010013,ORDGM010013,3656.38,INR,pending,
GM010014,ORDGM010014,973.34,INR,pending,
GM010015,ORDGM010015,5075.53,INR,pending,
GM010016,ORDGM010016,4834.48,INR,pending,
GM010017,ORDGM010017,8675.95,INR,pending,
GM010018,ORDGM010018,1459.66,INR,pending,
GM010019,ORDGM010019,2195.88,INR,pending,
GM010020,ORDGM010020,435.16,INR,pending,
GM010021,ORDGM010021,9078.62,INR,pending,
GM010022,ORDGM010022,417.38,INR,pending,
GM010023,ORDGM010023,4520.41,INR,pending,
GM010024,ORDGM010024,3045.38,INR,pending,
GM010025,ORDGM010025,696.25,INR,pending,
GM010026,ORDGM010026,371.00,INR,pending,
GM010027,ORDGM010027,2519.57,INR,pending,
GM010028,ORDGM010028,353.93,INR,pending,
GM010029,ORDGM010029,46.56,INR,pending,
GM010030,ORDGM010030,2891.04,INR,pending,
GM010031,ORDGM010031,638.06,INR,pending,
GM010032,ORDGM010032,409.51,INR,pending,
GM010033,ORDGM010033,3835.88,INR,pending,
GM010035,ORDGM010035,2069.78,INR,pending,
GM010036,ORDGM010036,2531.40,INR,pending,
GM010037,ORDGM010037,2450.50,INR,pending,
GM010038,ORDGM010038,415.42,INR,pending,
GM010040,ORDGM010040,904.52,INR,pending,
GM010041,ORDGM010041,969.55,INR,pending,
GM010042,ORDGM010042,1585.60,INR,pending,
GM010043,ORDGM010043,1891.59,INR,pending,
GM010044,ORDGM010044,68.11,INR,pending,
GM010045,ORDGM010045,3064.66,INR,pending,
GM010046,ORDGM010046,817.03,INR,pending,
GM010047,ORDGM010047,147.50,INR,pending,
GM010048,ORDGM010048,2571.24,INR,pending,
GM010049,ORDGM010049,1691.63,INR,pending,
GM010050,ORDGM010050,923.43,INR,pending,
GM010051,ORDGM010051,1558.23,INR,pending,
GM010052,ORDGM010052,479.96,INR,pending,
GM010053,ORDGM010053,3232.52,INR,pending,
GM010054,ORDGM010054,1209.42,INR,pending,
GM010055,ORDGM010055,258.63,INR,pending,
GM010056,ORDGM010056,68.80,INR,pending,
GM010057,ORDGM010057,2413.18,INR,pending,
GM010058,ORDGM010058,754.06,INR,pending,
GM010060,ORDGM010060,1523.26,INR,pending,
GM010061,ORDGM010061,8708.51,INR,pending,
GM010062,ORDGM010062,204.17,INR,pending,
GM010063,ORDGM010063,1699.56,INR,pending,
GM010064,ORDGM010064,709.10,INR,pending,
GM010065,ORDGM010065,3744.20,INR,pending,
GM010066,ORDGM010066,735.24,INR,pending,
GM010067,ORDGM010067,5272.09,INR,pending,
GM010068,ORDGM010068,2831.92,INR,pending,
GM010069,ORDGM010069,1957.02,INR,pending,
GM010070,ORDGM010070,382.55,INR,pending,
GM010071,ORDGM010071,702.53,INR,pending,
GM010072,ORDGM010072,1116.03,INR,pending,
GM010073,ORDGM010073,2137.95,INR,pending,
GM010074,ORDGM010074,963.05,INR,pending,
GM010075,ORDGM010075,132.26,INR,pending,
GM010076,ORDGM010076,4794.22,INR,pending,
GM010077,ORDGM010077,1358.41,INR,pending,
GM010078,ORDGM010078,404.13,INR,pending,
GM010079,ORDGM010079,275.22,INR,pending,
GM010080,ORDGM010080,884.24,INR,pending,
GM010081,ORDGM010081,542.98,INR,pending,
GM010082,ORDGM010082,966.52,INR,pending,
GM010083,ORDGM010083,3233.29,INR,pending,
GM010084,ORDGM010084,985.51,INR,pending,
GM010085,ORDGM010085,3029.40,INR,pending,
GM010086,ORDGM010086,747.53,INR,pending,
GM010087,ORDGM010087,2728.46,INR,pending,
GM010088,ORDGM010088,4245.02,INR,pending,
GM010089,ORDGM010089,817.43,INR,pending,
GM010090,ORDGM010090,301.19,INR,pending,
GM010091,ORDGM010091,5377.53,INR,pending,
GM010092,ORDGM010092,656.50,INR,pending,
GM010093,ORDGM010093,2378.78,INR,pending,
GM010094,ORDGM010094,3987.02,INR,pending,
GM010095,ORDGM010095,1116.41,INR,pending,
GM010096,ORDGM010096,1264.02,INR,pending,
GM010097,ORDGM010097,740.72,INR,pending,
GM010100,ORDGM010100,3158.00,INR,pending,
GM010101,ORDGM010101,2149.28,INR,pending,
GM010102,ORDGM010102,2620.56,INR,pending,
GM010103,ORDGM010103,1085.02,INR,pending,
GM010104,ORDGM010104,1109.70,INR,pending,
GM010105,ORDGM010105,1549.74,INR,pending,
GM010106,ORDGM010106,2354.10,INR,pending,
GM010108,ORDGM010108,913.29,INR,pending,
GM010109,ORDGM010109,1302.21,INR,pending,
GM010110,ORDGM010110,1185.94,INR,pending,
GM010111,ORDGM010111,1979.55,INR,pending,
GM010112,ORDGM010112,1118.53,INR,pending,
GM010113,ORDGM010113,517.38,INR,pending,
GM010114,ORDGM010114,534.29,INR,pending,
GM010115,ORDGM010115,3769.68,INR,pending,
GM010116,ORDGM010116,1260.24,INR,pending,
GM010117,ORDGM010117,2500.74,INR,pending,
GM010118,ORDGM010118,4578.97,INR,pending,
GM010119,ORDGM010119,3592.07,INR,pending,
GM010120,ORDGM010120,2059.67,INR,pending,
GM010121,ORDGM010121,3713.15,INR,pending,
GM010122,ORDGM010122,1104.55,INR,pending,
GM010123,ORDGM010123,32.81,INR,pending,
GM010124,ORDGM010124,3061.01,INR,pending,
GM010125,ORDGM010125,7203.82,INR,pending,
GM010126,ORDGM010126,7290.13,INR,pending,
GM010127,ORDGM010127,11009.24,INR,pending,
GM010128,ORDGM010128,486.05,INR,pending,
GM010129,ORDGM010129,5.88,INR,pending,
GM010130,ORDGM010130,1367.51,INR,pending,
GM010131,ORDGM010131,6814.46,INR,pending,
GM010132,ORDGM010132,1178.40,INR,pending,
GM010134,ORDGM010134,4444.76,INR,pending,
GM010135,ORDGM010135,580.49,INR,pending,
GM010136,ORDGM010136,234.12,INR,pending,
GM010137,ORDGM010137,550.07,INR,pending,
GM010138,ORDGM010138,1219.93,INR,pending,
GM010139,ORDGM010139,2405.36,INR,pending,
GM010140,ORDGM010140,581.36,INR,pending,
GM010141,ORDGM010141,1170.40,INR,pending,
GM010142,ORDGM010142,799.37,INR,pending,
GM010143,ORDGM010143,5833.27,INR,pending,
GM010144,ORDGM010144,97.48,INR,pending,
GM010145,ORDGM010145,4085.09,INR,pending,
GM010146,ORDGM010146,1038.58,INR,pending,
GM010147,ORDGM010147,1581.51,INR,pending,
GM010148,ORDGM010148,560.83,INR,pending,
GM010149,ORDGM010149,77.55,INR,pending,
GM010150,ORDGM010150,367.93,INR,pending,
GM010151,ORDGM010151,405.74,INR,pending,
GM010152,ORDGM010152,8887.28,INR,pending,
GM010153,ORDGM010153,644.27,INR,pending,
GM010154,ORDGM010154,278.98,INR,pending,
GM010155,ORDGM010155,699.26,INR,pending,
GM010156,ORDGM010156,365.55,INR,pending,
GM010157,ORDGM010157,76.05,INR,pending,
GM010158,ORDGM010158,4851.49,INR,pending,
GM010159,ORDGM010159,372.72,INR,pending,
GM010160,ORDGM010160,1033.80,INR,pending,
GM010161,ORDGM010161,1377.89,INR,pending,
GM010162,ORDGM010162,677.33,INR,pending,
GM010163,ORDGM010163,1745.03,INR,pending,
GM010165,ORDGM010165,11.79,INR,pending,
GM010166,ORDGM010166,2036.74,INR,pending,
GM010167,ORDGM010167,1432.67,INR,pending,
GM010168,ORDGM010168,1016.04,INR,pending,
GM010170,ORDGM010170,6298.47,INR,pending,
GM010171,ORDGM010171,809.62,INR,pending,
GM010172,ORDGM010172,3178.21,INR,pending,
GM010173,ORDGM010173,10103.55,INR,pending,
GM010174,ORDGM010174,159.34,INR,pending,
GM010175,ORDGM010175,1848.49,INR,pending,
GM010176,ORDGM010176,1829.96,INR,pending,
GM010178,ORDGM010178,4421.53,INR,pending,
GM010179,ORDGM010179,905.24,INR,pending,
GM010180,ORDGM010180,677.47,INR,pending,
GM010181,ORDGM010181,3903.77,INR,pending,
GM010182,ORDGM010182,605.75,INR,pending,
GM010183,ORDGM010183,585.65,INR,pending,
GM010184,ORDGM010184,4554.03,INR,pending,
GM010185,ORDGM010185,258.16,INR,pending,
GM010186,ORDGM010186,7200.09,INR,pending,
GM010187,ORDGM010187,9.81,INR,pending,
GM010188,ORDGM010188,622.11,INR,pending,
GM010190,ORDGM010190,2762.93,INR,pending,
GM010191,ORDGM010191,3514.04,INR,pending,
GM010192,ORDGM010192,3952.69,INR,pending,
GM010193,ORDGM010193,1482.89,INR,pending,
GM010194,ORDGM010194,1499.55,INR,pending,
GM010195,ORDGM010195,1038.36,INR,pending,
GM010196,ORDGM010196,657.95,INR,pending,
GM010197,ORDGM010197,4139.23,INR,pending,
GM010199,ORDGM010199,467.54,INR,pending,
GM010200,ORDGM010200,479.29,INR,pending,
GM010201,ORDGM010201,956.32,INR,pending,
GM010202,ORDGM010202,2321.61,INR,pending,
GM010203,ORDGM010203,757.57,INR,pending,
GM010204,ORDGM010204,724.43,INR,pending,
GM010205,ORDGM010205,803.69,INR,pending,
GM010206,ORDGM010206,4373.73,INR,pending,
GM010207,ORDGM010207,1355.26,INR,pending,
GM010208,ORDGM010208,840.24,INR,pending,
GM010209,ORDGM010209,1438.51,INR,pending,
GM010210,ORDGM010210,1781.76,INR,pending,
GM010211,ORDGM010211,3784.38,INR,pending,
GM010212,ORDGM010212,1250.98,INR,pending,
GM010213,ORDGM010213,854.86,INR,pending,
GM010214,ORDGM010214,626.40,INR,pending,
GM010215,ORDGM010215,497.76,INR,pending,
GM010216,ORDGM010216,1048.10,INR,pending,
GM010217,ORDGM010217,892.36,INR,pending,
GM010218,ORDGM010218,523.74,INR,pending,
GM010219,ORDGM010219,1053.03,INR,pending,
GM010220,ORDGM010220,3717.76,INR,pending,
GM010221,ORDGM010221,876.06,INR,pending,
GM010222,ORDGM010222,1743.26,INR,pending,
GM010223,ORDGM010223,6384.33,INR,pending,
GM010224,ORDGM010224,1363.84,INR,pending,
GM010225,ORDGM010225,3438.42,INR,pending,
GM010226,ORDGM010226,2293.52,INR,pending,
GM010227,ORDGM010227,6371.43,INR,pending,
GM010228,ORDGM010228,1176.95,INR,pending,
GM010229,ORDGM010229,1062.83,INR,pending,
GM010230,ORDGM010230,2837.03,INR,pending,
GM010231,ORDGM010231,4585.46,INR,pending,
GM010232,ORDGM010232,1307.17,INR,pending,
GM010235,ORDGM010235,7146.30,INR,pending,
GM010236,ORDGM010236,2041.90,INR,pending,
GM010237,ORDGM010237,986.02,INR,pending,
GM010239,ORDGM010239,2221.04,INR,pending,
GM010240,ORDGM010240,1405.98,INR,pending,
GM010241,ORDGM010241,4570.04,INR,pending,
GM010242,ORDGM010242,8820.42,INR,pending,
GM010243,ORDGM010243,3174.84,INR,pending,
GM010244,ORDGM010244,1955.14,INR,pending,
GM010245,ORDGM010245,9818.10,INR,pending,
GM010246,ORDGM010246,1129.80,INR,pending,
GM010247,ORDGM010247,486.43,INR,pending,
GM010249,ORDGM010249,1607.61,INR,pending,
GM010250,ORDGM010250,244.70,INR,pending,
GM010251,ORDGM010251,4527.38,INR,pending,
GM010252,ORDGM010252,1741.36,INR,pending,
GM010253,ORDGM010253,1820.32,INR,pending,
GM010254,ORDGM010254,1626.17,INR,pending,
GM010255,ORDGM010255,5850.60,INR,pending,
GM010256,ORDGM010256,61.56,INR,pending,
GM010258,ORDGM010258,2253.82,INR,pending,
GM010259,ORDGM010259,380.29,INR,pending,
GM010260,ORDGM010260,113.94,INR,pending,
GM010261,ORDGM010261,2403.97,INR,pending,
GM010262,ORDGM010262,104.41,INR,pending,
GM010263,ORDGM010263,258.51,INR,pending,
GM010264,ORDGM010264,270.01,INR,pending,
GM010265,ORDGM010265,268.78,INR,pending,
GM010266,ORDGM010266,183.67,INR,pending,
GM010267,ORDGM010267,2845.28,INR,pending,
GM010268,ORDGM010268,2642.42,INR,pending,
GM010269,ORDGM010269,1160.18,INR,pending,
GM010270,ORDGM010270,154.93,INR,pending,
GM010271,ORDGM010271,818.32,INR,pending,
GM010272,ORDGM010272,1853.82,INR,pending,
GM010273,ORDGM010273,353.26,INR,pending,
GM010274,ORDGM010274,934.88,INR,pending,
GM010275,ORDGM010275,533.98,INR,pending,
GM010276,ORDGM010276,141.42,INR,pending,
GM010277,ORDGM010277,39.41,INR,pending,
GM010278,ORDGM010278,5195.60,INR,pending,
GM010279,ORDGM010279,784.61,INR,pending,
GM010280,ORDGM010280,160.63,INR,pending,
GM010281,ORDGM010281,509.73,INR,pending,
GM010282,ORDGM010282,4213.33,INR,pending,
GM010283,ORDGM010283,1572.99,INR,pending,
GM010284,ORDGM010284,1974.49,INR,pending,
GM010286,ORDGM010286,5448.46,INR,pending,
GM010287,ORDGM010287,615.11,INR,pending,
GM010288,ORDGM010288,3009.92,INR,pending,
GM010289,ORDGM010289,54.57,INR,pending,
GM010290,ORDGM010290,1170.13,INR,pending,
GM010291,ORDGM010291,1090.88,INR,pending,
GM010292,ORDGM010292,6182.06,INR,pending,
GM010293,ORDGM010293,1387.42,INR,pending,
GM010294,ORDGM010294,1596.69,INR,pending,
GM010295,ORDGM010295,1047.06,INR,pending,
GM010296,ORDGM010296,4267.83,INR,pending,
GM010297,ORDGM010297,1298.16,INR,pending,
GM010298,ORDGM010298,1579.96,INR,pending,
GM010299,ORDGM010299,1943.94,INR,pending,
GM010300,ORDGM010300,254.03,INR,pending,
GM010301,ORDGM010301,2292.09,INR,pending,
GM010302,ORDGM010302,1055.71,INR,pending,
GM010304,ORDGM010304,1496.65,INR,pending,
GM010305,ORDGM010305,242.57,INR,pending,
GM010306,ORDGM010306,957.01,INR,pending,
GM010307,ORDGM010307,708.40,INR,pending,
GM010308,ORDGM010308,531.17,INR,pending,
GM010309,ORDGM010309,7720.61,INR,pending,
GM010310,ORDGM010310,810.58,INR,pending,
GM010311,ORDGM010311,2173.26,INR,pending,
GM010312,ORDGM010312,3564.92,INR,pending,
GM010313,ORDGM010313,805.68,INR,pending,
GM010314,ORDGM010314,186.86,INR,pending,
GM010315,ORDGM010315,1125.97,INR,pending,
GM010316,ORDGM010316,4243.53,INR,pending,
GM010317,ORDGM010317,954.83,INR,pending,
GM010318,ORDGM010318,607.80,INR,pending,
GM010319,ORDGM010319,1699.91,INR,pending,
GM010320,ORDGM010320,1972.63,INR,pending,
GM010321,ORDGM010321,1182.13,INR,pending,
GM010322,ORDGM010322,256.92,INR,pending,
GM010323,ORDGM010323,1320.27,INR,pending,
GM010324,ORDGM010324,670.48,INR,pending,
GM010325,ORDGM010325,6071.33,INR,pending,
GM010326,ORDGM010326,689.05,INR,pending,
GM010327,ORDGM010327,210.47,INR,pending,
GM010328,ORDGM010328,1617.97,INR,pending,
GM010329,ORDGM010329,3272.25,INR,pending,
GM010330,ORDGM010330,948.76,INR,pending,
GM010332,ORDGM010332,4027.48,INR,pending,
GM010333,ORDGM010333,166.82,INR,pending,
GM010334,ORDGM010334,736.05,INR,pending,
GM010335,ORDGM010335,2323.98,INR,pending,
GM010336,ORDGM010336,2726.82,INR,pending,
GM010337,ORDGM010337,853.69,INR,pending,
GM010338,ORDGM010338,2891.91,INR,pending,
GM010339,ORDGM010339,3033.23,INR,pending,
GM010340,ORDGM010340,1471.62,INR,pending,
GM010343,ORDGM010343,3297.44,INR,pending,
GM010344,ORDGM010344,3825.73,INR,pending,
GM010345,ORDGM010345,617.71,INR,pending,
GM010346,ORDGM010346,2052.73,INR,pending,
GM010347,ORDGM010347,853.46,INR,pending,
GM010348,ORDGM010348,437.36,INR,pending,
GM010349,ORDGM010349,1989.13,INR,pending,
GM010350,ORDGM010350,3.07,INR,pending,
GM010351,ORDGM010351,375.39,INR,pending,
GM010352,ORDGM010352,3147.76,INR,pending,
GM010353,ORDGM010353,4968.55,INR,pending,
GM010355,ORDGM010355,336.41,INR,pending,
GM010356,ORDGM010356,577.27,INR,pending,
GM010357,ORDGM010357,326.36,INR,pending,
GM010358,ORDGM010358,284.53,INR,pending,
GM010359,ORDGM010359,112.82,INR,pending,
GM010360,ORDGM010360,2948.13,INR,pending,
GM010361,ORDGM010361,789.43,INR,pending,
GM010362,ORDGM010362,1872.93,INR,pending,
GM010363,ORDGM010363,359.52,INR,pending,
GM010364,ORDGM010364,444.52,INR,pending,
GM010365,ORDGM010365,868.18,INR,pending,
GM010366,ORDGM010366,5284.15,INR,pending,
GM010367,ORDGM010367,1466.93,INR,pending,
GM010368,ORDGM010368,1980.53,INR,pending,
GM010369,ORDGM010369,1515.65,INR,pending,
GM010370,ORDGM010370,1230.28,INR,pending,
GM010371,ORDGM010371,9705.40,INR,pending,
GM010372,ORDGM010372,3690.28,INR,pending,
GM010373,ORDGM010373,7561.75,INR,pending,
GM010374,ORDGM010374,65.80,INR,pending,
GM010375,ORDGM010375,2022.95,INR,pending,
GM010376,ORDGM010376,456.03,INR,pending,
GM010378,ORDGM010378,1902.35,INR,pending,
GM010379,ORDGM010379,4667.58,INR,pending,
GM010380,ORDGM010380,4899.29,INR,pending,
GM010381,ORDGM010381,1511.88,INR,pending,
GM010382,ORDGM010382,5734.59,INR,pending,
GM010383,ORDGM010383,17.52,INR,pending,
GM010384,ORDGM010384,626.94,INR,pending,
GM010385,ORDGM010385,464.17,INR,pending,
GM010386,ORDGM010386,1273.01,INR,pending,
GM010387,ORDGM010387,996.04,INR,pending,
GM010388,ORDGM010388,752.34,INR,pending,
GM010389,ORDGM010389,1735.42,INR,pending,
GM010390,ORDGM010390,286.94,INR,pending,
GM010391,ORDGM010391,2147.48,INR,pending,
GM010392,ORDGM010392,1300.76,INR,pending,
GM010393,ORDGM010393,142.98,INR,pending,
GM010394,ORDGM010394,601.61,INR,pending,
GM010395,ORDGM010395,557.11,INR,pending,
GM010396,ORDGM010396,922.69,INR,pending,
GM010397,ORDGM010397,1903.69,INR,pending,
GM010398,ORDGM010398,5126.04,INR,pending,
GM010399,ORDGM010399,357.84,INR,pending,
GM010400,ORDGM010400,2172.19,INR,pending,
GM010401,ORDGM010401,2807.35,INR,pending,
GM010403,ORDGM010403,1277.41,INR,pending,
GM010404,ORDGM010404,419.33,INR,pending,
GM010405,ORDGM010405,833.65,INR,pending,
GM010406,ORDGM010406,10301.56,INR,pending,
GM010407,ORDGM010407,3114.12,INR,pending,
GM010408,ORDGM010408,1973.19,INR,pending,
GM010409,ORDGM010409,132.26,INR,pending,
GM010410,ORDGM010410,46.79,INR,pending,
GM010411,ORDGM010411,5522.15,INR,pending,
GM010412,ORDGM010412,5671.48,INR,pending,
GM010413,ORDGM010413,127.88,INR,pending,
GM010414,ORDGM010414,1505.98,INR,pending,
GM010415,ORDGM010415,416.30,INR,pending,
GM010417,ORDGM010417,558.74,INR,pending,
GM010418,ORDGM010418,856.99,INR,pending,
GM010419,ORDGM010419,3519.53,INR,pending,
GM010420,ORDGM010420,552.49,INR,pending,
GM010421,ORDGM010421,436.09,INR,pending,
GM010422,ORDGM010422,1224.98,INR,pending,
GM010423,ORDGM010423,828.97,INR,pending,
GM010424,ORDGM010424,1168.59,INR,pending,
GM010426,ORDGM010426,5141.04,INR,pending,
GM010427,ORDGM010427,26.71,INR,pending,
GM010428,ORDGM010428,4059.12,INR,pending,
GM010430,ORDGM010430,8411.71,INR,pending,
GM010431,ORDGM010431,1654.80,INR,pending,
GM010432,ORDGM010432,1075.69,INR,pending,
GM010433,ORDGM010433,2318.96,INR,pending,
GM010434,ORDGM010434,1687.75,INR,pending,
GM010435,ORDGM010435,22.04,INR,pending,
GM010436,ORDGM010436,4304.31,INR,pending,
GM010437,ORDGM010437,1460.16,INR,pending,
GM010438,ORDGM010438,1864.03,INR,pending,
GM010439,ORDGM010439,1265.64,INR,pending,
GM010440,ORDGM010440,159.61,INR,pending,
GM010441,ORDGM010441,628.15,INR,pending,
GM010442,ORDGM010442,223.39,INR,pending,
GM010443,ORDGM010443,346.04,INR,pending,
GM010444,ORDGM010444,4900.35,INR,pending,
GM010445,ORDGM010445,720.89,INR,pending,
GM010446,ORDGM010446,545.24,INR,pending,
GM010447,ORDGM010447,542.11,INR,pending,
GM010448,ORDGM010448,10293.99,INR,pending,
GM010449,ORDGM010449,3503.66,INR,pending,
GM010450,ORDGM010450,1615.00,INR,pending,
GM010451,ORDGM010451,6496.11,INR,pending,
GM010452,ORDGM010452,1123.98,INR,pending,
GM010453,ORDGM010453,1252.85,INR,pending,
GM010454,ORDGM010454,618.12,INR,pending,
GM010455,ORDGM010455,2122.87,INR,pending,
GM010456,ORDGM010456,2553.74,INR,pending,
GM010457,ORDGM010457,3001.42,INR,pending,
GM010458,ORDGM010458,846.30,INR,pending,
GM010459,ORDGM010459,1404.81,INR,pending,
GM010460,ORDGM010460,486.12,INR,pending,
GM010461,ORDGM010461,67.33,INR,pending,
GM010462,ORDGM010462,4477.71,INR,pending,
GM010463,ORDGM010463,3320.39,INR,pending,
GM010464,ORDGM010464,10164.68,INR,pending,
GM010465,ORDGM010465,256.48,INR,pending,
GM010466,ORDGM010466,6469.87,INR,pending,
GM010467,ORDGM010467,700.94,INR,pending,
GM010468,ORDGM010468,2086.82,INR,pending,
GM010469,ORDGM010469,1103.17,INR,pending,
GM010470,ORDGM010470,1816.10,INR,pending,
GM010471,ORDGM010471,1053.75,INR,pending,
GM010472,ORDGM010472,1137.88,INR,pending,
GM010473,ORDGM010473,647.01,INR,pending,
GM010474,ORDGM010474,9878.59,INR,pending,
GM010475,ORDGM010475,1374.16,INR,pending,
GM010476,ORDGM010476,1165.76,INR,pending,
GM010477,ORDGM010477,235.62,INR,pending,
GM010478,ORDGM010478,4363.97,INR,pending,
GM010479,ORDGM010479,3088.10,INR,pending,
GM010481,ORDGM010481,538.71,INR,pending,
GM010482,ORDGM010482,711.70,INR,pending,
GM010483,ORDGM010483,502.45,INR,pending,
GM010484,ORDGM010484,484.53,INR,pending,
GM010486,ORDGM010486,151.93,INR,pending,
GM010487,ORDGM010487,1812.36,INR,pending,
GM010488,ORDGM010488,830.76,INR,pending,
GM010489,ORDGM010489,399.59,INR,pending,
GM010490,ORDGM010490,303.07,INR,pending,
GM010491,ORDGM010491,5.23,INR,pending,
GM010492,ORDGM010492,2508.42,INR,pending,
GM010493,ORDGM010493,999.39,INR,pending,
GM010494,ORDGM010494,97.61,INR,pending,
GM010495,ORDGM010495,563.75,INR,pending,
GM010497,ORDGM010497,399.37,INR,pending,
GM010498,ORDGM010498,235.37,INR,pending,
GM010499,ORDGM010499,11.93,INR,pending,
GM010500,ORDGM010500,489.26,INR,pending,
GM010501,ORDGM010501,128.79,INR,pending,
GM010502,ORDGM010502,1342.63,INR,pending,
GM010503,ORDGM010503,438.88,INR,pending,
GM010504,ORDGM010504,1766.07,INR,pending,
GM010505,ORDGM010505,64.19,INR,pending,
GM010506,ORDGM010506,1333.70,INR,pending,
GM010507,ORDGM010507,1673.02,INR,pending,
GM010508,ORDGM010508,243.11,INR,pending,
GM010509,ORDGM010509,2097.16,INR,pending,
GM010510,ORDGM010510,7447.94,INR,pending,
GM010511,ORDGM010511,85.27,INR,pending,
GM010512,ORDGM010512,2467.16,INR,pending,
GM010513,ORDGM010513,1425.22,INR,pending,
GM010514,ORDGM010514,602.12,INR,pending,
GM010515,ORDGM010515,1145.59,INR,pending,
GM010516,ORDGM010516,1218.15,INR,pending,
GM010517,ORDGM010517,41.08,INR,pending,
GM010518,ORDGM010518,2849.70,INR,pending,
GM010519,ORDGM010519,1814.29,INR,pending,
GM010520,ORDGM010520,699.16,INR,pending,
GM010521,ORDGM010521,874.84,INR,pending,
GM010522,ORDGM010522,5415.33,INR,pending,
GM010523,ORDGM010523,1164.00,INR,pending,
GM010524,ORDGM010524,2332.30,INR,pending,
GM010525,ORDGM010525,61.64,INR,pending,
GM010526,ORDGM010526,1210.36,INR,pending,
GM010527,ORDGM010527,1075.42,INR,pending,
GM010528,ORDGM010528,121.91,INR,pending,
GM010529,ORDGM010529,2539.08,INR,pending,
GM010530,ORDGM010530,184.10,INR,pending,
GM010531,ORDGM010531,591.57,INR,pending,
GM010533,ORDGM010533,46.03,INR,pending,
GM010534,ORDGM010534,3010.50,INR,pending,
GM010536,ORDGM010536,103.29,INR,pending,
GM010537,ORDGM010537,1949.48,INR,pending,
GM010538,ORDGM010538,1252.06,INR,pending,
GM010539,ORDGM010539,565.81,INR,pending,
GM010540,ORDGM010540,590.09,INR,pending,
GM010541,ORDGM010541,1451.59,INR,pending,
GM010542,ORDGM010542,22.64,INR,pending,
GM010543,ORDGM010543,477.94,INR,pending,
GM010545,ORDGM010545,3370.30,INR,pending,
GM010546,ORDGM010546,732.35,INR,pending,
GM010548,ORDGM010548,761.39,INR,pending,
GM010549,ORDGM010549,1135.33,INR,pending,
GM010550,ORDGM010550,40.41,INR,pending,
GM010551,ORDGM010551,2138.01,INR,pending,
GM010552,ORDGM010552,1175.57,INR,pending,
GM010553,ORDGM010553,848.76,INR,pending,
GM010554,ORDGM010554,598.62,INR,pending,
GM010556,ORDGM010556,4677.23,INR,pending,
GM010557,ORDGM010557,882.48,INR,pending,
GM010559,ORDGM010559,1753.79,INR,pending,
GM010560,ORDGM010560,1863.21,INR,pending,
GM010561,ORDGM010561,910.69,INR,pending,
GM010562,ORDGM010562,3157.47,INR,pending,
GM010563,ORDGM010563,1988.14,INR,pending,
GM010564,ORDGM010564,1269.87,INR,pending,
GM010565,ORDGM010565,2067.02,INR,pending,
GM010566,ORDGM010566,812.79,INR,pending,
GM010567,ORDGM010567,862.22,INR,pending,
GM010568,ORDGM010568,997.44,INR,pending,
GM010569,ORDGM010569,1882.97,INR,pending,
GM010570,ORDGM010570,899.77,INR,pending,
GM010571,ORDGM010571,17.54,INR,pending,
GM010572,ORDGM010572,2444.57,INR,pending,
GM010573,ORDGM010573,4115.71,INR,pending,
GM010574,ORDGM010574,264.43,INR,pending,
GM010575,ORDGM010575,1880.52,INR,pending,
GM010576,ORDGM010576,1139.71,INR,pending,
GM010577,ORDGM010577,5134.11,INR,pending,
GM010578,ORDGM010578,939.14,INR,pending,
GM010579,ORDGM010579,91.84,INR,pending,
GM010580,ORDGM010580,375.59,INR,pending,
GM010581,ORDGM010581,796.79,INR,pending,
GM010582,ORDGM010582,3772.95,INR,pending,
GM010583,ORDGM010583,2573.10,INR,pending,
GM010584,ORDGM010584,321.77,INR,pending,
GM010585,ORDGM010585,4260.13,INR,pending,
GM010586,ORDGM010586,407.92,INR,pending,
GM010587,ORDGM010587,2091.33,INR,pending,
GM010589,ORDGM010589,453.47,INR,pending,
GM010590,ORDGM010590,1256.32,INR,pending,
GM010591,ORDGM010591,507.48,INR,pending,
GM010592,ORDGM010592,734.51,INR,pending,
GM010593,ORDGM010593,95.43,INR,pending,
GM010594,ORDGM010594,1105.20,INR,pending,
GM010595,ORDGM010595,1258.51,INR,pending,
GM010596,ORDGM010596,1162.60,INR,pending,
GM010597,ORDGM010597,914.12,INR,pending,
GM010598,ORDGM010598,42.41,INR,pending,
GM010599,ORDGM010599,7922.78,INR,pending,
GM010600,ORDGM010600,1074.52,INR,pending,
GM010601,ORDGM010601,1921.04,INR,pending,
GM010602,ORDGM010602,735.61,INR,pending,
GM010603,ORDGM010603,1054.04,INR,pending,
GM010604,ORDGM010604,272.58,INR,pending,
GM010605,ORDGM010605,9445.31,INR,pending,
GM010606,ORDGM010606,3526.14,INR,pending,
GM010607,ORDGM010607,3101.26,INR,pending,
GM010608,ORDGM010608,2891.49,INR,pending,
GM010609,ORDGM010609,1114.66,INR,pending,
GM010610,ORDGM010610,2430.33,INR,pending,
GM010611,ORDGM010611,3286.40,INR,pending,
GM010612,ORDGM010612,2248.57,INR,pending,
GM010613,ORDGM010613,2578.30,INR,pending,
GM010614,ORDGM010614,1811.85,INR,pending,
GM010615,ORDGM010615,201.10,INR,pending,
GM010616,ORDGM010616,3379.64,INR,pending,
GM010617,ORDGM010617,651.18,INR,pending,
GM010618,ORDGM010618,5750.69,INR,pending,
GM010619,ORDGM010619,74.98,INR,pending,
GM010620,ORDGM010620,386.11,INR,pending,
GM010621,ORDGM010621,248.09,INR,pending,
GM010622,ORDGM010622,6405.31,INR,pending,
GM010623,ORDGM010623,8690.92,INR,pending,
GM010624,ORDGM010624,422.84,INR,pending,
GM010625,ORDGM010625,6984.78,INR,pending,
GM010626,ORDGM010626,3823.33,INR,pending,
GM010627,ORDGM010627,486.11,INR,pending,
GM010629,ORDGM010629,2733.07,INR,pending,
GM010630,ORDGM010630,325.34,INR,pending,
GM010632,ORDGM010632,160.51,INR,pending,
GM010634,ORDGM010634,1567.37,INR,pending,
GM010635,ORDGM010635,178.51,INR,pending,
GM010636,ORDGM010636,2916.75,INR,pending,
GM010637,ORDGM010637,2609.74,INR,pending,
GM010638,ORDGM010638,860.96,INR,pending,
GM010639,ORDGM010639,503.08,INR,pending,
GM010640,ORDGM010640,1782.08,INR,pending,
GM010642,ORDGM010642,372.89,INR,pending,
GM010643,ORDGM010643,742.96,INR,pending,
GM010644,ORDGM010644,317.79,INR,pending,
GM010645,ORDGM010645,2402.35,INR,pending,
GM010647,ORDGM010647,21.60,INR,pending,
GM010648,ORDGM010648,7010.83,INR,pending,
GM010650,ORDGM010650,4823.21,INR,pending,
GM010651,ORDGM010651,509.10,INR,pending,
GM010652,ORDGM010652,348.53,INR,pending,
GM010653,ORDGM010653,1511.50,INR,pending,
GM010654,ORDGM010654,195.20,INR,pending,
GM010655,ORDGM010655,5767.39,INR,pending,
GM010656,ORDGM010656,1131.78,INR,pending,
GM010657,ORDGM010657,1816.58,INR,pending,
GM010658,ORDGM010658,1076.25,INR,pending,
GM010659,ORDGM010659,6505.60,INR,pending,
GM010660,ORDGM010660,3577.17,INR,pending,
GM010661,ORDGM010661,857.21,INR,pending,
GM010662,ORDGM010662,4189.48,INR,pending,
GM010663,ORDGM010663,388.66,INR,pending,
GM010664,ORDGM010664,2257.62,INR,pending,
GM010665,ORDGM010665,1118.70,INR,pending,
GM010666,ORDGM010666,748.18,INR,pending,
GM010667,ORDGM010667,2252.96,INR,pending,
GM010668,ORDGM010668,2469.93,INR,pending,
GM010669,ORDGM010669,1834.58,INR,pending,
GM010670,ORDGM010670,426.31,INR,pending,
GM010671,ORDGM010671,8737.98,INR,pending,
GM010672,ORDGM010672,3803.50,INR,pending,
GM010673,ORDGM010673,1974.80,INR,pending,
GM010674,ORDGM010674,1650.94,INR,pending,
GM010675,ORDGM010675,1587.87,INR,pending,
GM010676,ORDGM010676,1566.17,INR,pending,
GM010677,ORDGM010677,11680.97,INR,pending,
GM010678,ORDGM010678,7546.49,INR,pending,
GM010679,ORDGM010679,1300.25,INR,pending,
GM010680,ORDGM010680,2774.26,INR,pending,
GM010681,ORDGM010681,162.69,INR,pending,
GM010682,ORDGM010682,1917.08,INR,pending,
GM010683,ORDGM010683,2472.04,INR,pending,
GM010684,ORDGM010684,660.18,INR,pending,
GM010685,ORDGM010685,1778.28,INR,pending,
GM010686,ORDGM010686,10341.91,INR,pending,
GM010687,ORDGM010687,1551.22,INR,pending,
GM010688,ORDGM010688,258.51,INR,pending,
GM010689,ORDGM010689,164.23,INR,pending,
GM010691,ORDGM010691,138.77,INR,pending,
GM010692,ORDGM010692,6328.69,INR,pending,
GM010693,ORDGM010693,3088.21,INR,pending,
GM010694,ORDGM010694,927.56,INR,pending,
GM010695,ORDGM010695,138.20,INR,pending,
GM010696,ORDGM010696,9996.43,INR,pending,
GM010697,ORDGM010697,1120.35,INR,pending,
GM010698,ORDGM010698,4959.21,INR,pending,
GM010699,ORDGM010699,3754.81,INR,pending,
GM010700,ORDGM010700,1998.78,INR,pending,
GM010701,ORDGM010701,276.70,INR,pending,
GM010702,ORDGM010702,3123.55,INR,pending,
GM010703,ORDGM010703,2048.32,INR,pending,
GM010704,ORDGM010704,1030.60,INR,pending,
GM010705,ORDGM010705,13.84,INR,pending,
GM010706,ORDGM010706,1003.71,INR,pending,
GM010707,ORDGM010707,1924.86,INR,pending,
GM010708,ORDGM010708,178.39,INR,pending,
GM010710,ORDGM010710,1703.50,INR,pending,
GM010711,ORDGM010711,1538.64,INR,pending,
GM010712,ORDGM010712,4057.64,INR,pending,
GM010713,ORDGM010713,169.19,INR,pending,
GM010714,ORDGM010714,90.01,INR,pending,
GM010715,ORDGM010715,2973.65,INR,pending,
GM010716,ORDGM010716,2881.86,INR,pending,
GM010717,ORDGM010717,872.76,INR,pending,
GM010718,ORDGM010718,442.86,INR,pending,
GM010719,ORDGM010719,2220.85,INR,pending,
GM010720,ORDGM010720,2813.00,INR,pending,
GM010721,ORDGM010721,1392.18,INR,pending,
GM010722,ORDGM010722,175.75,INR,pending,
GM010723,ORDGM010723,287.91,INR,pending,
GM010724,ORDGM010724,1839.04,INR,pending,
GM010725,ORDGM010725,2070.20,INR,pending,
GM010726,ORDGM010726,390.25,INR,pending,
GM010727,ORDGM010727,838.57,INR,pending,
GM010728,ORDGM010728,1394.84,INR,pending,
GM010729,ORDGM010729,715.07,INR,pending,
GM010730,ORDGM010730,74.84,INR,pending,
GM010731,ORDGM010731,316.51,INR,pending,
GM010732,ORDGM010732,1100.47,INR,pending,
GM010733,ORDGM010733,1895.86,INR,pending,
GM010734,ORDGM010734,2293.29,INR,pending,
GM010735,ORDGM010735,1585.74,INR,pending,
GM010736,ORDGM010736,2401.63,INR,pending,
GM010738,ORDGM010738,1047.88,INR,pending,
GM010739,ORDGM010739,810.54,INR,pending,
GM010740,ORDGM010740,173.33,INR,pending,
GM010741,ORDGM010741,762.50,INR,pending,
GM010742,ORDGM010742,157.67,INR,pending,
GM010743,ORDGM010743,788.65,INR,pending,
GM010744,ORDGM010744,2952.26,INR,pending,
GM010745,ORDGM010745,590.78,INR,pending,
GM010746,ORDGM010746,2444.56,INR,pending,
GM010747,ORDGM010747,375.02,INR,pending,
GM010748,ORDGM010748,894.14,INR,pending,
GM010749,ORDGM010749,887.59,INR,pending,
GM010750,ORDGM010750,459.90,INR,pending,
GM010751,ORDGM010751,2375.60,INR,pending,
GM010752,ORDGM010752,84.71,INR,pending,
GM010753,ORDGM010753,2808.72,INR,pending,
GM010754,ORDGM010754,4703.24,INR,pending,
GM010755,ORDGM010755,852.67,INR,pending,
GM010756,ORDGM010756,2746.68,INR,pending,
GM010757,ORDGM010757,215.23,INR,pending,
GM010758,ORDGM010758,5670.93,INR,pending,
GM010759,ORDGM010759,5011.72,INR,pending,
GM010760,ORDGM010760,4849.37,INR,pending,
GM010761,ORDGM010761,6030.20,INR,pending,
GM010762,ORDGM010762,841.55,INR,pending,
GM010763,ORDGM010763,124.40,INR,pending,
GM010764,ORDGM010764,2280.24,INR,pending,
GM010765,ORDGM010765,3918.56,INR,pending,
GM010766,ORDGM010766,592.27,INR,pending,
GM010767,ORDGM010767,72.67,INR,pending,
GM010768,ORDGM010768,3259.29,INR,pending,
GM010769,ORDGM010769,4185.50,INR,pending,
GM010770,ORDGM010770,5013.33,INR,pending,
GM010771,ORDGM010771,105.38,INR,pending,
GM010772,ORDGM010772,331.94,INR,pending,
GM010773,ORDGM010773,807.14,INR,pending,
GM010774,ORDGM010774,536.57,INR,pending,
GM010775,ORDGM010775,2767.98,INR,pending,
GM010776,ORDGM010776,20.76,INR,pending,
GM010777,ORDGM010777,2972.47,INR,pending,
GM010778,ORDGM010778,151.24,INR,pending,
GM010779,ORDGM010779,3103.18,INR,pending,
GM010780,ORDGM010780,3263.45,INR,pending,
GM010781,ORDGM010781,2041.87,INR,pending,
GM010782,ORDGM010782,2021.74,INR,pending,
GM010783,ORDGM010783,990.35,INR,pending,
GM010784,ORDGM010784,1114.91,INR,pending,
GM010785,ORDGM010785,2694.75,INR,pending,
GM010786,ORDGM010786,427.27,INR,pending,
GM010787,ORDGM010787,3481.45,INR,pending,
GM010788,ORDGM010788,136.86,INR,pending,
GM010789,ORDGM010789,2251.32,INR,pending,
GM010790,ORDGM010790,959.63,INR,pending,
GM010791,ORDGM010791,1526.28,INR,pending,
GM010792,ORDGM010792,739.67,INR,pending,
GM010793,ORDGM010793,1508.47,INR,pending,
GM010794,ORDGM010794,1411.16,INR,pending,
GM010795,ORDGM010795,183.01,INR,pending,
GM010796,ORDGM010796,3654.98,INR,pending,
GM010797,ORDGM010797,1949.25,INR,pending,
GM010799,ORDGM010799,1431.92,INR,pending,
GM010800,ORDGM010800,323.11,INR,pending,
GM010801,ORDGM010801,2033.30,INR,pending,
GM010802,ORDGM010802,917.22,INR,pending,
GM010803,ORDGM010803,1735.16,INR,pending,
GM010804,ORDGM010804,494.58,INR,pending,
GM010805,ORDGM010805,1677.79,INR,pending,
GM010806,ORDGM010806,2654.40,INR,pending,
GM010807,ORDGM010807,702.87,INR,pending,
GM010808,ORDGM010808,1884.13,INR,pending,
GM010809,ORDGM010809,1789.48,INR,pending,
GM010810,ORDGM010810,2101.02,INR,pending,
GM010811,ORDGM010811,6096.26,INR,pending,
GM010812,ORDGM010812,864.31,INR,pending,
GM010814,ORDGM010814,145.41,INR,pending,
GM010815,ORDGM010815,2815.54,INR,pending,
GM010816,ORDGM010816,1670.75,INR,pending,
GM010817,ORDGM010817,3966.13,INR,pending,
GM010819,ORDGM010819,296.29,INR,pending,
GM010820,ORDGM010820,85.98,INR,pending,
GM010821,ORDGM010821,2038.74,INR,pending,
GM010822,ORDGM010822,2353.38,INR,pending,
GM010823,ORDGM010823,8786.91,INR,pending,
GM010824,ORDGM010824,1908.19,INR,pending,
GM010825,ORDGM010825,666.85,INR,pending,
GM010826,ORDGM010826,2001.38,INR,pending,
GM010827,ORDGM010827,1848.93,INR,pending,
GM010828,ORDGM010828,246.85,INR,pending,
GM010829,ORDGM010829,352.93,INR,pending,
GM010830,ORDGM010830,2465.05,INR,pending,
GM010831,ORDGM010831,1026.31,INR,pending,
GM010832,ORDGM010832,474.34,INR,pending,
GM010833,ORDGM010833,801.46,INR,pending,
GM010834,ORDGM010834,2829.13,INR,pending,
GM010835,ORDGM010835,123.33,INR,pending,
GM010836,ORDGM010836,1071.70,INR,pending,
GM010837,ORDGM010837,3883.09,INR,pending,
GM010838,ORDGM010838,2693.11,INR,pending,
GM010839,ORDGM010839,2181.60,INR,pending,
GM010840,ORDGM010840,1311.63,INR,pending,
GM010841,ORDGM010841,644.32,INR,pending,
GM010842,ORDGM010842,1904.54,INR,pending,
GM010843,ORDGM010843,3118.47,INR,pending,
GM010844,ORDGM010844,1754.51,INR,pending,
GM010845,ORDGM010845,1724.93,INR,pending,
GM010847,ORDGM010847,2879.75,INR,pending,
GM010848,ORDGM010848,5089.47,INR,pending,
GM010849,ORDGM010849,1252.30,INR,pending,
GM010850,ORDGM010850,247.61,INR,pending,
GM010851,ORDGM010851,31.57,INR,pending,
GM010852,ORDGM010852,4697.48,INR,pending,
GM010853,ORDGM010853,84.17,INR,pending,
GM010854,ORDGM010854,119.35,INR,pending,
GM010855,ORDGM010855,425.14,INR,pending,
GM010856,ORDGM010856,424.44,INR,pending,
GM010858,ORDGM010858,524.04,INR,pending,
GM010859,ORDGM010859,69.27,INR,pending,
GM010860,ORDGM010860,1591.08,INR,pending,
GM010861,ORDGM010861,346.22,INR,pending,
GM010863,ORDGM010863,309.11,INR,pending,
GM010864,ORDGM010864,263.71,INR,pending,
GM010865,ORDGM010865,1820.04,INR,pending,
GM010866,ORDGM010866,1629.09,INR,pending,
GM010867,ORDGM010867,1719.37,INR,pending,
GM010868,ORDGM010868,2761.34,INR,pending,
GM010869,ORDGM010869,770.89,INR,pending,
GM010870,ORDGM010870,5932.32,INR,pending,
GM010871,ORDGM010871,7522.88,INR,pending,
GM010872,ORDGM010872,2939.90,INR,pending,
GM010873,ORDGM010873,2440.15,INR,pending,
GM010874,ORDGM010874,2862.37,INR,pending,
GM010876,ORDGM010876,3310.39,INR,pending,
GM010877,ORDGM010877,2209.18,INR,pending,
GM010878,ORDGM010878,622.34,INR,pending,
GM010879,ORDGM010879,3000.02,INR,pending,
GM010880,ORDGM010880,5809.16,INR,pending,
GM010881,ORDGM010881,734.02,INR,pending,
GM010882,ORDGM010882,1190.33,INR,pending,
GM010883,ORDGM010883,958.76,INR,pending,
GM010884,ORDGM010884,964.79,INR,pending,
GM010885,ORDGM010885,63.95,INR,pending,
GM010886,ORDGM010886,25.77,INR,pending,
GM010888,ORDGM010888,303.12,INR,pending,
GM010889,ORDGM010889,2737.00,INR,pending,
GM010890,ORDGM010890,1147.35,INR,pending,
GM010891,ORDGM010891,1939.03,INR,pending,
GM010892,ORDGM010892,1224.24,INR,pending,
GM010893,ORDGM010893,1471.77,INR,pending,
GM010894,ORDGM010894,2888.29,INR,pending,
GM010895,ORDGM010895,296.78,INR,pending,
GM010896,ORDGM010896,576.36,INR,pending,
GM010897,ORDGM010897,743.50,INR,pending,
GM010898,ORDGM010898,4031.49,INR,pending,
GM010899,ORDGM010899,230.74,INR,pending,
GM010900,ORDGM010900,272.00,INR,pending,
GM010901,ORDGM010901,7028.18,INR,pending,
GM010902,ORDGM010902,1589.15,INR,pending,
GM010903,ORDGM010903,2687.69,INR,pending,
GM010904,ORDGM010904,4733.41,INR,pending,
GM010906,ORDGM010906,429.14,INR,pending,
GM010907,ORDGM010907,609.40,INR,pending,
GM010908,ORDGM010908,109.28,INR,pending,
GM010909,ORDGM010909,273.13,INR,pending,
GM010910,ORDGM010910,1688.52,INR,pending,
GM010911,ORDGM010911,4387.68,INR,pending,
GM010912,ORDGM010912,2317.49,INR,pending,
GM010914,ORDGM010914,469.18,INR,pending,
GM010915,ORDGM010915,125.19,INR,pending,
GM010916,ORDGM010916,218.12,INR,pending,
GM010917,ORDGM010917,2576.44,INR,pending,
GM010919,ORDGM010919,811.92,INR,pending,
GM010920,ORDGM010920,1692.64,INR,pending,
GM010921,ORDGM010921,3123.92,INR,pending,
GM010922,ORDGM010922,1406.07,INR,pending,
GM010923,ORDGM010923,2953.00,INR,pending,
GM010924,ORDGM010924,1369.84,INR,pending,
GM010926,ORDGM010926,1562.57,INR,pending,
GM010927,ORDGM010927,1888.51,INR,pending,
GM010928,ORDGM010928,641.01,INR,pending,
GM010929,ORDGM010929,3942.58,INR,pending,
GM010930,ORDGM010930,1141.48,INR,pending,
GM010931,ORDGM010931,2311.22,INR,pending,
GM010932,ORDGM010932,127.33,INR,pending,
GM010933,ORDGM010933,254.47,INR,pending,
GM010934,ORDGM010934,791.75,INR,pending,
GM010935,ORDGM010935,3167.58,INR,pending,
GM010936,ORDGM010936,808.01,INR,pending,
GM010937,ORDGM010937,747.63,INR,pending,
GM010938,ORDGM010938,3200.41,INR,pending,
GM010939,ORDGM010939,1338.17,INR,pending,
GM010940,ORDGM010940,2376.12,INR,pending,
GM010941,ORDGM010941,6532.82,INR,pending,
GM010942,ORDGM010942,1416.57,INR,pending,
GM010943,ORDGM010943,2548.23,INR,pending,
GM010944,ORDGM010944,502.37,INR,pending,
GM010946,ORDGM010946,847.83,INR,pending,
GM010947,ORDGM010947,920.32,INR,pending,
GM010948,ORDGM010948,1928.47,INR,pending,
GM010949,ORDGM010949,3687.27,INR,pending,
GM010950,ORDGM010950,1179.04,INR,pending,
GM010951,ORDGM010951,3377.29,INR,pending,
GM010952,ORDGM010952,1421.61,INR,pending,
GM010953,ORDGM010953,1749.96,INR,pending,
GM010954,ORDGM010954,5259.61,INR,pending,
GM010956,ORDGM010956,1526.99,INR,pending,
GM010957,ORDGM010957,1773.20,INR,pending,
GM010958,ORDGM010958,474.57,INR,pending,
GM010959,ORDGM010959,6138.99,INR,pending,
GM010960,ORDGM010960,136.79,INR,pending,
GM010961,ORDGM010961,335.67,INR,pending,
GM010962,ORDGM010962,3980.80,INR,pending,
GM010963,ORDGM010963,1636.01,INR,pending,
GM010964,ORDGM010964,2772.92,INR,pending,
GM010965,ORDGM010965,3814.79,INR,pending,
GM010966,ORDGM010966,995.34,INR,pending,
GM010967,ORDGM010967,894.48,INR,pending,
GM010968,ORDGM010968,436.50,INR,pending,
GM010969,ORDGM010969,2437.45,INR,pending,
GM010970,ORDGM010970,1082.84,INR,pending,
GM010971,ORDGM010971,108.19,INR,pending,
GM010972,ORDGM010972,859.38,INR,pending,
GM010973,ORDGM010973,269.88,INR,pending,
GM010974,ORDGM010974,2162.39,INR,pending,
GM010975,ORDGM010975,6505.37,INR,pending,
GM010976,ORDGM010976,7696.18,INR,pending,
GM010977,ORDGM010977,209.37,INR,pending,
GM010978,ORDGM010978,2189.21,INR,pending,
GM010979,ORDGM010979,2017.58,INR,pending,
GM010980,ORDGM010980,1185.67,INR,pending,
GM010981,ORDGM010981,1337.31,INR,pending,
GM010982,ORDGM010982,31.70,INR,pending,
GM010983,ORDGM010983,1074.50,INR,pending,
GM010984,ORDGM010984,2132.77,INR,pending,
GM010985,ORDGM010985,230.92,INR,pending,
GM010986,ORDGM010986,117.37,INR,pending,
GM010987,ORDGM010987,1460.33,INR,pending,
GM010988,ORDGM010988,4026.74,INR,pending,
GM010989,ORDGM010989,4749.86,INR,pending,
GM010990,ORDGM010990,4108.21,INR,pending,
GM010991,ORDGM010991,847.35,INR,pending,
GM010992,ORDGM010992,3441.32,INR,pending,
GM010993,ORDGM010993,456.61,INR,pending,
GM010994,ORDGM010994,6892.17,INR,pending,
GM010995,ORDGM010995,5777.34,INR,pending,
GM010996,ORDGM010996,2318.06,INR,pending,
GM010997,ORDGM010997,612.08,INR,pending,
GM010998,ORDGM010998,5153.62,INR,pending,
GM010999,ORDGM010999,1333.26,INR,pending,
GM011000,ORDGM011000,263.77,INR,pending,
GM011001,ORDGM011001,5201.37,INR,pending,
GM011002,ORDGM011002,4311.31,INR,pending,
GM011003,ORDGM011003,3172.36,INR,pending,
GM011004,ORDGM011004,1410.02,INR,pending,
GM011005,ORDGM011005,1909.02,INR,pending,
GM011006,ORDGM011006,817.00,INR,pending,
GM011007,ORDGM011007,4543.35,INR,pending,
GM011008,ORDGM011008,597.40,INR,pending,
GM011009,ORDGM011009,17.36,INR,pending,
GM011010,ORDGM011010,4595.55,INR,pending,
GM011011,ORDGM011011,754.54,INR,pending,
GM011012,ORDGM011012,653.86,INR,pending,
GM011013,ORDGM011013,1831.52,INR,pending,
GM011014,ORDGM011014,13428.32,INR,pending,
GM011015,ORDGM011015,3951.28,INR,pending,
GM011016,ORDGM011016,663.37,INR,pending,
GM011017,ORDGM011017,137.49,INR,pending,
GM011018,ORDGM011018,3544.51,INR,pending,
GM011019,ORDGM011019,356.46,INR,pending,
GM011020,ORDGM011020,2141.89,INR,pending,
GM011021,ORDGM011021,757.72,INR,pending,
GM011023,ORDGM011023,196.63,INR,pending,
GM011024,ORDGM011024,2204.54,INR,pending,
GM011025,ORDGM011025,3426.23,INR,pending,
GM011026,ORDGM011026,2575.12,INR,pending,
GM011027,ORDGM011027,1361.29,INR,pending,
GM011028,ORDGM011028,922.58,INR,pending,
GM011029,ORDGM011029,1512.43,INR,pending,
GM011030,ORDGM011030,652.85,INR,pending,
GM011031,ORDGM011031,729.62,INR,pending,
GM011032,ORDGM011032,248.55,INR,pending,
GM011033,ORDGM011033,1000.32,INR,pending,
GM011034,ORDGM011034,416.60,INR,pending,
GM011035,ORDGM011035,834.69,INR,pending,
GM011036,ORDGM011036,2504.71,INR,pending,
GM011037,ORDGM011037,3451.61,INR,pending,
GM011038,ORDGM011038,1326.10,INR,pending,
GM011039,ORDGM011039,479.49,INR,pending,
GM011040,ORDGM011040,1890.89,INR,pending,
GM011041,ORDGM011041,2621.52,INR,pending,
GM011042,ORDGM011042,2055.62,INR,pending,
GM011043,ORDGM011043,2315.02,INR,pending,
GM011044,ORDGM011044,15.01,INR,pending,
GM011045,ORDGM011045,3243.13,INR,pending,
GM011046,ORDGM011046,1836.35,INR,pending,
GM011047,ORDGM011047,1636.30,INR,pending,
GM011048,ORDGM011048,1313.99,INR,pending,
GM011049,ORDGM011049,1788.12,INR,pending,
GM011050,ORDGM011050,137.56,INR,pending,
GM011051,ORDGM011051,552.52,INR,pending,
GM011052,ORDGM011052,1016.18,INR,pending,
GM011053,ORDGM011053,1340.38,INR,pending,
GM011055,ORDGM011055,73.03,INR,pending,
GM011056,ORDGM011056,1481.24,INR,pending,
GM011057,ORDGM011057,5807.99,INR,pending,
GM011058,ORDGM011058,1061.34,INR,pending,
GM011059,ORDGM011059,1090.05,INR,pending,
GM011061,ORDGM011061,65.59,INR,pending,
GM011062,ORDGM011062,1180.45,INR,pending,
GM011063,ORDGM011063,196.25,INR,pending,
GM011064,ORDGM011064,767.89,INR,pending,
GM011065,ORDGM011065,1383.22,INR,pending,
GM011066,ORDGM011066,92.45,INR,pending,
GM011067,ORDGM011067,2523.17,INR,pending,
GM011069,ORDGM011069,486.98,INR,pending,
GM011071,ORDGM011071,980.32,INR,pending,
GM011072,ORDGM011072,66.19,INR,pending,
GM011073,ORDGM011073,1681.82,INR,pending,
GM011074,ORDGM011074,4834.50,INR,pending,
GM011075,ORDGM011075,233.52,INR,pending,
GM011076,ORDGM011076,6358.29,INR,pending,
GM011077,ORDGM011077,3010.42,INR,pending,
GM011078,ORDGM011078,1603.63,INR,pending,
GM011079,ORDGM011079,354.53,INR,pending,
GM011080,ORDGM011080,754.29,INR,pending,
GM011081,ORDGM011081,846.48,INR,pending,
GM011082,ORDGM011082,2927.79,INR,pending,
GM011083,ORDGM011083,3140.23,INR,pending,
GM011084,ORDGM011084,4857.86,INR,pending,
GM011085,ORDGM011085,1335.43,INR,pending,
GM011086,ORDGM011086,1872.09,INR,pending,
GM011087,ORDGM011087,1386.60,INR,pending,
GM011088,ORDGM011088,1809.60,INR,pending,
GM011089,ORDGM011089,245.19,INR,pending,
GM011090,ORDGM011090,609.72,INR,pending,
GM011091,ORDGM011091,884.46,INR,pending,
GM011092,ORDGM011092,197.66,INR,pending,
GM011093,ORDGM011093,4450.99,INR,pending,
GM011094,ORDGM011094,5644.06,INR,pending,
GM011095,ORDGM011095,1728.10,INR,pending,
GM011096,ORDGM011096,1312.19,INR,pending,
GM011097,ORDGM011097,2949.34,INR,pending,
GM011098,ORDGM011098,1153.85,INR,pending,
GM011099,ORDGM011099,1381.83,INR,pending,
GM011100,ORDGM011100,5735.13,INR,pending,
GM011101,ORDGM011101,1158.00,INR,pending,
GM011102,ORDGM011102,570.33,INR,pending,
GM011103,ORDGM011103,1398.40,INR,pending,
GM011104,ORDGM011104,1582.80,INR,pending,
GM011105,ORDGM011105,1583.86,INR,pending,
GM011106,ORDGM011106,2815.80,INR,pending,
GM011107,ORDGM011107,578.77,INR,pending,
GM011108,ORDGM011108,1681.47,INR,pending,
GM011110,ORDGM011110,3945.51,INR,pending,
GM011111,ORDGM011111,1020.71,INR,pending,
GM011112,ORDGM011112,2765.94,INR,pending,
GM011113,ORDGM011113,3048.26,INR,pending,
GM011114,ORDGM011114,1386.95,INR,pending,
GM011116,ORDGM011116,1967.54,INR,pending,
GM011117,ORDGM011117,3.28,INR,pending,
GM011118,ORDGM011118,1912.49,INR,pending,
GM011119,ORDGM011119,3021.24,INR,pending,
GM011120,ORDGM011120,3926.43,INR,pending,
GM011121,ORDGM011121,6129.33,INR,pending,
GM011122,ORDGM011122,3190.11,INR,pending,
GM011123,ORDGM011123,6721.80,INR,pending,
GM011124,ORDGM011124,969.69,INR,pending,
GM011125,ORDGM011125,1194.88,INR,pending,
GM011126,ORDGM011126,5838.93,INR,pending,
GM011127,ORDGM011127,3521.36,INR,pending,
GM011128,ORDGM011128,1466.08,INR,pending,
GM011130,ORDGM011130,3285.43,INR,pending,
GM011131,ORDGM011131,33.34,INR,pending,
GM011132,ORDGM011132,709.76,INR,pending,
GM011133,ORDGM011133,3947.32,INR,pending,
GM011134,ORDGM011134,280.51,INR,pending,
GM011135,ORDGM011135,1026.77,INR,pending,
GM011136,ORDGM011136,3009.88,INR,pending,
GM011137,ORDGM011137,426.10,INR,pending,
GM011138,ORDGM011138,657.98,INR,pending,
GM011139,ORDGM011139,2074.40,INR,pending,
GM011140,ORDGM011140,1806.78,INR,pending,
GM011141,ORDGM011141,364.73,INR,pending,
GM011142,ORDGM011142,1930.20,INR,pending,
GM011143,ORDGM011143,5137.73,INR,pending,
GM011144,ORDGM011144,7176.98,INR,pending,
GM011145,ORDGM011145,1018.46,INR,pending,
GM011146,ORDGM011146,202.68,INR,pending,
GM011147,ORDGM011147,375.86,INR,pending,
GM011148,ORDGM011148,4530.25,INR,pending,
GM011149,ORDGM011149,281.38,INR,pending,
GM011150,ORDGM011150,7827.72,INR,pending,
GM011151,ORDGM011151,1678.78,INR,pending,
GM011152,ORDGM011152,973.07,INR,pending,
GM011153,ORDGM011153,3068.54,INR,pending,
GM011154,ORDGM011154,958.22,INR,pending,
GM011155,ORDGM011155,3977.23,INR,pending,
GM011156,ORDGM011156,615.27,INR,pending,
GM011157,ORDGM011157,7.81,INR,pending,
GM011158,ORDGM011158,323.12,INR,pending,
GM011161,ORDGM011161,3972.92,INR,pending,
GM011163,ORDGM011163,563.02,INR,pending,
GM011164,ORDGM011164,1995.16,INR,pending,
GM011165,ORDGM011165,2875.23,INR,pending,
GM011166,ORDGM011166,4.86,INR,pending,
GM011169,ORDGM011169,175.33,INR,pending,
GM011170,ORDGM011170,1293.72,INR,pending,
GM011171,ORDGM011171,2140.65,INR,pending,
GM011172,ORDGM011172,50.98,INR,pending,
GM011173,ORDGM011173,5426.36,INR,pending,
GM011174,ORDGM011174,24.80,INR,pending,
GM011175,ORDGM011175,6800.62,INR,pending,
GM011176,ORDGM011176,208.24,INR,pending,
GM011178,ORDGM011178,493.05,INR,pending,
GM011179,ORDGM011179,2768.11,INR,pending,
GM011180,ORDGM011180,168.43,INR,pending,
GM011181,ORDGM011181,370.88,INR,pending,
GM011182,ORDGM011182,1272.06,INR,pending,
GM011183,ORDGM011183,2941.26,INR,pending,
GM011184,ORDGM011184,67.61,INR,pending,
GM011185,ORDGM011185,5.34,INR,pending,
GM011186,ORDGM011186,266.87,INR,pending,
GM011187,ORDGM011187,83.65,INR,pending,
GM011188,ORDGM011188,2049.77,INR,pending,
GM011189,ORDGM011189,3999.57,INR,pending,
GM011190,ORDGM011190,606.13,INR,pending,
GM011191,ORDGM011191,1457.89,INR,pending,
GM011192,ORDGM011192,650.54,INR,pending,
GM011193,ORDGM011193,2496.27,INR,pending,
GM011194,ORDGM011194,2619.43,INR,pending,
GM011195,ORDGM011195,702.43,INR,pending,
GM011198,ORDGM011198,2707.40,INR,pending,
GM011199,ORDGM011199,1814.35,INR,pending,
GM011200,ORDGM011200,2564.10,INR,pending,
GM011201,ORDGM011201,3099.59,INR,pending,
GM011202,ORDGM011202,1606.26,INR,pending,
GM011203,ORDGM011203,169.73,INR,pending,
GM011204,ORDGM011204,2428.66,INR,pending,
GM011205,ORDGM011205,712.64,INR,pending,
GM011206,ORDGM011206,1633.99,INR,pending,
GM011207,ORDGM011207,1397.39,INR,pending,
GM011208,ORDGM011208,286.37,INR,pending,
GM011209,ORDGM011209,1795.88,INR,pending,
GM011210,ORDGM011210,298.91,INR,pending,
GM011211,ORDGM011211,86.79,INR,pending,
GM011212,ORDGM011212,1108.67,INR,pending,
GM011213,ORDGM011213,1248.45,INR,pending,
GM011214,ORDGM011214,219.09,INR,pending,
GM011215,ORDGM011215,2511.97,INR,pending,
GM011216,ORDGM011216,1267.68,INR,pending,
GM011217,ORDGM011217,794.81,INR,pending,
GM011218,ORDGM011218,4625.22,INR,pending,
GM011219,ORDGM011219,1461.63,INR,pending,
GM011220,ORDGM011220,861.34,INR,pending,
GM011221,ORDGM011221,2298.87,INR,pending,
GM011222,ORDGM011222,983.03,INR,pending,
GM011223,ORDGM011223,1051.64,INR,pending,
GM011224,ORDGM011224,40.42,INR,pending,
GM011225,ORDGM011225,2139.03,INR,pending,
GM011226,ORDGM011226,1774.57,INR,pending,
GM011227,ORDGM011227,112.60,INR,pending,
GM011228,ORDGM011228,3862.47,INR,pending,
GM011229,ORDGM011229,672.10,INR,pending,
GM011230,ORDGM011230,279.26,INR,pending,
GM011231,ORDGM011231,3472.03,INR,pending,
GM011232,ORDGM011232,1258.33,INR,pending,
GM011233,ORDGM011233,95.09,INR,pending,
GM011234,ORDGM011234,1916.09,INR,pending,
GM011235,ORDGM011235,1106.21,INR,pending,
GM011237,ORDGM011237,13.70,INR,pending,
GM011238,ORDGM011238,1259.69,INR,pending,
GM011239,ORDGM011239,645.23,INR,pending,
GM011240,ORDGM011240,92.54,INR,pending,
GM011241,ORDGM011241,309.50,INR,pending,
GM011242,ORDGM011242,2340.24,INR,pending,
GM011243,ORDGM011243,6085.06,INR,pending,
GM011244,ORDGM011244,2151.00,INR,pending,
GM011245,ORDGM011245,327.15,INR,pending,
GM011246,ORDGM011246,600.56,INR,pending,
GM011247,ORDGM011247,5572.24,INR,pending,
GM011248,ORDGM011248,1616.35,INR,pending,
GM011249,ORDGM011249,6527.90,INR,pending,
GM011250,ORDGM011250,121.15,INR,pending,
GM011251,ORDGM011251,2213.88,INR,pending,
GM011252,ORDGM011252,384.35,INR,pending,
GM011253,ORDGM011253,815.85,INR,pending,
GM011254,ORDGM011254,1324.71,INR,pending,
GM011255,ORDGM011255,1383.80,INR,pending,
GM011256,ORDGM011256,677.35,INR,pending,
GM011257,ORDGM011257,1625.33,INR,pending,
GM011258,ORDGM011258,424.19,INR,pending,
GM011259,ORDGM011259,2442.96,INR,pending,
GM011260,ORDGM011260,828.75,INR,pending,
GM011261,ORDGM011261,4482.67,INR,pending,
GM011262,ORDGM011262,2138.08,INR,pending,
GM011263,ORDGM011263,471.76,INR,pending,
GM011264,ORDGM011264,1389.45,INR,pending,
GM011265,ORDGM011265,584.92,INR,pending,
GM011266,ORDGM011266,355.74,INR,pending,
GM011267,ORDGM011267,477.16,INR,pending,
GM011268,ORDGM011268,2788.72,INR,pending,
GM011269,ORDGM011269,598.31,INR,pending,
GM011270,ORDGM011270,4252.41,INR,pending,
GM011271,ORDGM011271,2828.67,INR,pending,
GM011272,ORDGM011272,1106.34,INR,pending,
GM011273,ORDGM011273,1228.30,INR,pending,
GM011274,ORDGM011274,3319.31,INR,pending,
GM011275,ORDGM011275,3337.27,INR,pending,
GM011276,ORDGM011276,4620.65,INR,pending,
GM011277,ORDGM011277,2316.14,INR,pending,
GM011278,ORDGM011278,1382.01,INR,pending,
GM011280,ORDGM011280,901.09,INR,pending,
GM011281,ORDGM011281,210.38,INR,pending,
GM011282,ORDGM011282,3443.72,INR,pending,
GM011283,ORDGM011283,2181.40,INR,pending,
GM011284,ORDGM011284,1539.86,INR,pending,
GM011285,ORDGM011285,15802.41,INR,pending,
GM011286,ORDGM011286,11.90,INR,pending,
GM011287,ORDGM011287,135.75,INR,pending,
GM011288,ORDGM011288,190.91,INR,pending,
GM011289,ORDGM011289,1315.45,INR,pending,
GM011290,ORDGM011290,7036.13,INR,pending,
GM011291,ORDGM011291,105.10,INR,pending,
GM011292,ORDGM011292,544.15,INR,pending,
GM011293,ORDGM011293,1126.97,INR,pending,
GM011294,ORDGM011294,1433.14,INR,pending,
GM011295,ORDGM011295,1265.55,INR,pending,
GM011296,ORDGM011296,3048.31,INR,pending,
GM011297,ORDGM011297,661.65,INR,pending,
GM011298,ORDGM011298,4923.32,INR,pending,
GM011299,ORDGM011299,1249.49,INR,pending,
GM011300,ORDGM011300,1940.58,INR,pending,
GM011302,ORDGM011302,475.77,INR,pending,
GM011303,ORDGM011303,1281.04,INR,pending,
GM011304,ORDGM011304,89.81,INR,pending,
GM011305,ORDGM011305,1205.65,INR,pending,
GM011306,ORDGM011306,2827.64,INR,pending,
GM011307,ORDGM011307,740.24,INR,pending,
GM011308,ORDGM011308,219.76,INR,pending,
GM011309,ORDGM011309,1286.22,INR,pending,
GM011310,ORDGM011310,6382.83,INR,pending,
GM011311,ORDGM011311,2757.78,INR,pending,
GM011312,ORDGM011312,4951.67,INR,pending,
GM011313,ORDGM011313,295.52,INR,pending,
GM011314,ORDGM011314,2607.07,INR,pending,
GM011315,ORDGM011315,4129.34,INR,pending,
GM011316,ORDGM011316,390.36,INR,pending,
GM011317,ORDGM011317,105.26,INR,pending,
GM011318,ORDGM011318,609.75,INR,pending,
GM011319,ORDGM011319,1140.40,INR,pending,
GM011320,ORDGM011320,1695.78,INR,pending,
GM011321,ORDGM011321,2726.48,INR,pending,
GM011322,ORDGM011322,198.19,INR,pending,
GM011323,ORDGM011323,886.93,INR,pending,
GM011324,ORDGM011324,2505.78,INR,pending,
GM011325,ORDGM011325,71.64,INR,pending,
GM011326,ORDGM011326,1021.53,INR,pending,
GM011327,ORDGM011327,156.10,INR,pending,
GM011328,ORDGM011328,12421.61,INR,pending,
GM011329,ORDGM011329,2832.71,INR,pending,
GM011330,ORDGM011330,798.30,INR,pending,
GM011331,ORDGM011331,3566.65,INR,pending,
GM011332,ORDGM011332,2178.97,INR,pending,
GM011333,ORDGM011333,517.84,INR,pending,
GM011334,ORDGM011334,795.21,INR,pending,
GM011335,ORDGM011335,1301.97,INR,pending,
GM011336,ORDGM011336,239.57,INR,pending,
GM011337,ORDGM011337,3577.81,INR,pending,
GM011338,ORDGM011338,3675.96,INR,pending,
GM011339,ORDGM011339,1906.83,INR,pending,
GM011340,ORDGM011340,76.84,INR,pending,
GM011341,ORDGM011341,1425.41,INR,pending,
GM011342,ORDGM011342,4234.48,INR,pending,
GM011343,ORDGM011343,1678.46,INR,pending,
GM011344,ORDGM011344,1154.99,INR,pending,
GM011345,ORDGM011345,2373.76,INR,pending,
GM011346,ORDGM011346,4663.55,INR,pending,
GM011347,ORDGM011347,3194.57,INR,pending,
GM011348,ORDGM011348,163.29,INR,pending,
GM011349,ORDGM011349,21.59,INR,pending,
GM011350,ORDGM011350,1368.02,INR,pending,
GM011351,ORDGM011351,2004.92,INR,pending,
GM011353,ORDGM011353,856.80,INR,pending,
GM011354,ORDGM011354,4366.31,INR,pending,
GM011355,ORDGM011355,4541.43,INR,pending,
GM011356,ORDGM011356,934.89,INR,pending,
GM011357,ORDGM011357,6530.84,INR,pending,
GM011358,ORDGM011358,3638.52,INR,pending,
GM011359,ORDGM011359,487.26,INR,pending,
GM011360,ORDGM011360,991.56,INR,pending,
GM011361,ORDGM011361,9960.23,INR,pending,
GM011362,ORDGM011362,97.57,INR,pending,
GM011363,ORDGM011363,140.09,INR,pending,
GM011364,ORDGM011364,5447.21,INR,pending,
GM011365,ORDGM011365,990.19,INR,pending,
GM011366,ORDGM011366,1197.33,INR,pending,
GM011367,ORDGM011367,1327.74,INR,pending,
GM011368,ORDGM011368,866.61,INR,pending,
GM011369,ORDGM011369,1713.78,INR,pending,
GM011370,ORDGM011370,3262.00,INR,pending,
GM011371,ORDGM011371,2238.66,INR,pending,
GM011372,ORDGM011372,852.22,INR,pending,
GM011373,ORDGM011373,1647.70,INR,pending,
GM011374,ORDGM011374,541.01,INR,pending,
GM011375,ORDGM011375,891.98,INR,pending,
GM011376,ORDGM011376,2378.62,INR,pending,
GM011377,ORDGM011377,1048.39,INR,pending,
GM011378,ORDGM011378,724.90,INR,pending,
GM011379,ORDGM011379,3395.38,INR,pending,
GM011380,ORDGM011380,615.40,INR,pending,
GM011381,ORDGM011381,1953.58,INR,pending,
GM011382,ORDGM011382,1177.80,INR,pending,
GM011383,ORDGM011383,3625.24,INR,pending,
GM011384,ORDGM011384,699.28,INR,pending,
GM011385,ORDGM011385,2355.84,INR,pending,
GM011386,ORDGM011386,96.63,INR,pending,
GM011387,ORDGM011387,1236.30,INR,pending,
GM011388,ORDGM011388,2682.65,INR,pending,
GM011389,ORDGM011389,6898.76,INR,pending,
GM011391,ORDGM011391,1364.53,INR,pending,
GM011392,ORDGM011392,3139.87,INR,pending,
GM011393,ORDGM011393,1181.38,INR,pending,
GM011394,ORDGM011394,438.27,INR,pending,
GM011395,ORDGM011395,2318.81,INR,pending,
GM011396,ORDGM011396,7741.01,INR,pending,
GM011397,ORDGM011397,525.07,INR,pending,
GM011398,ORDGM011398,992.44,INR,pending,
GM011399,ORDGM011399,737.26,INR,pending,
GM011400,ORDGM011400,4789.23,INR,pending,
GM011401,ORDGM011401,430.87,INR,pending,
GM011402,ORDGM011402,1398.26,INR,pending,
GM011403,ORDGM011403,2489.13,INR,pending,
GM011405,ORDGM011405,2707.88,INR,pending,
GM011406,ORDGM011406,2844.60,INR,pending,
GM011407,ORDGM011407,4128.64,INR,pending,
GM011408,ORDGM011408,3022.32,INR,pending,
GM011409,ORDGM011409,2032.92,INR,pending,
GM011410,ORDGM011410,1980.38,INR,pending,
GM011411,ORDGM011411,3122.93,INR,pending,
GM011412,ORDGM011412,277.38,INR,pending,
GM011413,ORDGM011413,447.77,INR,pending,
GM011414,ORDGM011414,268.86,INR,pending,
GM011415,ORDGM011415,800.03,INR,pending,
GM011417,ORDGM011417,1727.53,INR,pending,
GM011418,ORDGM011418,1936.46,INR,pending,
GM011419,ORDGM011419,1118.39,INR,pending,
GM011420,ORDGM011420,2066.95,INR,pending,
GM011421,ORDGM011421,892.18,INR,pending,
GM011422,ORDGM011422,2300.68,INR,pending,
GM011423,ORDGM011423,6570.45,INR,pending,
GM011424,ORDGM011424,2840.08,INR,pending,
GM011425,ORDGM011425,1490.67,INR,pending,
GM011426,ORDGM011426,1841.41,INR,pending,
GM011429,ORDGM011429,1268.32,INR,pending,
GM011431,ORDGM011431,499.32,INR,pending,
GM011432,ORDGM011432,2154.05,INR,pending,
GM011433,ORDGM011433,1883.95,INR,pending,
GM011434,ORDGM011434,1311.03,INR,pending,
GM011435,ORDGM011435,2568.10,INR,pending,
GM011436,ORDGM011436,1923.58,INR,pending,
GM011437,ORDGM011437,2346.87,INR,pending,
GM011438,ORDGM011438,2302.01,INR,pending,
GM011439,ORDGM011439,3158.40,INR,pending,
GM011440,ORDGM011440,4328.51,INR,pending,
GM011441,ORDGM011441,1277.24,INR,pending,
GM011442,ORDGM011442,6017.34,INR,pending,
GM011443,ORDGM011443,2435.49,INR,pending,
GM011445,ORDGM011445,964.92,INR,pending,
GM011446,ORDGM011446,351.10,INR,pending,
GM011447,ORDGM011447,711.91,INR,pending,
GM011448,ORDGM011448,191.43,INR,pending,
GM011449,ORDGM011449,261.16,INR,pending,
GM011450,ORDGM011450,2222.21,INR,pending,
GM011451,ORDGM011451,871.01,INR,pending,
GM011452,ORDGM011452,2129.26,INR,pending,
GM011453,ORDGM011453,1250.71,INR,pending,
GM011454,ORDGM011454,1863.80,INR,pending,
GM011455,ORDGM011455,572.23,INR,pending,
GM011456,ORDGM011456,3532.68,INR,pending,
GM011457,ORDGM011457,243.02,INR,pending,
GM011458,ORDGM011458,3761.88,INR,pending,
GM011459,ORDGM011459,2003.40,INR,pending,
GM011460,ORDGM011460,14.49,INR,pending,
GM011462,ORDGM011462,6255.22,INR,pending,
GM011463,ORDGM011463,3171.19,INR,pending,
GM011464,ORDGM011464,3011.58,INR,pending,
GM011465,ORDGM011465,1574.34,INR,pending,
GM011466,ORDGM011466,920.65,INR,pending,
GM011467,ORDGM011467,3680.23,INR,pending,
GM011468,ORDGM011468,423.49,INR,pending,
GM011469,ORDGM011469,388.31,INR,pending,
GM011470,ORDGM011470,925.02,INR,pending,
GM011471,ORDGM011471,260.13,INR,pending,
GM011472,ORDGM011472,3168.90,INR,pending,
GM011473,ORDGM011473,9111.18,INR,pending,
GM011474,ORDGM011474,739.00,INR,pending,
GM011475,ORDGM011475,88.33,INR,pending,
GM011476,ORDGM011476,375.96,INR,pending,
GM011477,ORDGM011477,1915.73,INR,pending,
GM011479,ORDGM011479,982.78,INR,pending,
GM011480,ORDGM011480,70.52,INR,pending,
GM011481,ORDGM011481,3714.21,INR,pending,
GM011482,ORDGM011482,1664.35,INR,pending,
GM011483,ORDGM011483,2498.40,INR,pending,
GM011484,ORDGM011484,4468.51,INR,pending,
GM011485,ORDGM011485,4375.30,INR,pending,
GM011486,ORDGM011486,2302.41,INR,pending,
GM011487,ORDGM011487,1568.82,INR,pending,
GM011488,ORDGM011488,308.74,INR,pending,
GM011489,ORDGM011489,3196.13,INR,pending,
GM011490,ORDGM011490,935.82,INR,pending,
GM011491,ORDGM011491,1382.69,INR,pending,
GM011492,ORDGM011492,4079.65,INR,pending,
GM011493,ORDGM011493,2852.38,INR,pending,
GM011494,ORDGM011494,572.27,INR,pending,
GM011495,ORDGM011495,1610.56,INR,pending,
GM011496,ORDGM011496,768.91,INR,pending,
GM011497,ORDGM011497,7362.00,INR,pending,
GM011498,ORDGM011498,6823.77,INR,pending,
GM011499,ORDGM011499,753.58,INR,pending,
GM011500,ORDGM011500,2883.83,INR,pending,
GM011501,ORDGM011501,489.18,INR,pending,
GM011502,ORDGM011502,776.24,INR,pending,
GM011503,ORDGM011503,3006.21,INR,pending,
GM011504,ORDGM011504,6435.43,INR,pending,
GM011505,ORDGM011505,604.70,INR,pending,
GM011506,ORDGM011506,7428.79,INR,pending,
GM011507,ORDGM011507,675.55,INR,pending,
GM011508,ORDGM011508,5149.46,INR,pending,
GM011509,ORDGM011509,2775.99,INR,pending,
GM011510,ORDGM011510,2767.24,INR,pending,
GM011511,ORDGM011511,2602.06,INR,pending,
GM011512,ORDGM011512,4008.96,INR,pending,
GM011513,ORDGM011513,252.82,INR,pending,
GM011514,ORDGM011514,3563.35,INR,pending,
GM011515,ORDGM011515,2653.30,INR,pending,
GM011516,ORDGM011516,2428.47,INR,pending,
GM011517,ORDGM011517,4688.48,INR,pending,
GM011518,ORDGM011518,3023.88,INR,pending,
GM011519,ORDGM011519,1827.78,INR,pending,
GM011520,ORDGM011520,2912.01,INR,pending,
GM011521,ORDGM011521,431.85,INR,pending,
GM011522,ORDGM011522,460.97,INR,pending,
GM011523,ORDGM011523,4832.26,INR,pending,
GM011524,ORDGM011524,1989.27,INR,pending,
GM011525,ORDGM011525,966.43,INR,pending,
GM011526,ORDGM011526,968.39,INR,pending,
GM011527,ORDGM011527,2860.13,INR,pending,
GM011528,ORDGM011528,248.25,INR,pending,
GM011529,ORDGM011529,2373.06,INR,pending,
GM011530,ORDGM011530,1781.50,INR,pending,
GM011531,ORDGM011531,139.83,INR,pending,
GM011532,ORDGM011532,2427.99,INR,pending,
GM011534,ORDGM011534,3069.07,INR,pending,
GM011535,ORDGM011535,3375.92,INR,pending,
GM011536,ORDGM011536,7367.65,INR,pending,
GM011537,ORDGM011537,7907.12,INR,pending,
GM011538,ORDGM011538,400.01,INR,pending,
GM011539,ORDGM011539,744.76,INR,pending,
GM011540,ORDGM011540,3896.61,INR,pending,
GM011541,ORDGM011541,376.03,INR,pending,
GM011542,ORDGM011542,481.62,INR,pending,
GM011543,ORDGM011543,1778.99,INR,pending,
GM011544,ORDGM011544,2258.38,INR,pending,
GM011545,ORDGM011545,1627.65,INR,pending,
GM011546,ORDGM011546,3675.73,INR,pending,
GM011547,ORDGM011547,8654.97,INR,pending,
GM011548,ORDGM011548,607.84,INR,pending,
GM011549,ORDGM011549,523.74,INR,pending,
GM011551,ORDGM011551,1669.04,INR,pending,
GM011552,ORDGM011552,1274.98,INR,pending,
GM011554,ORDGM011554,5732.96,INR,pending,
GM011555,ORDGM011555,4891.57,INR,pending,
GM011556,ORDGM011556,3588.71,INR,pending,
GM011557,ORDGM011557,1011.71,INR,pending,
GM011558,ORDGM011558,534.29,INR,pending,
GM011559,ORDGM011559,9486.31,INR,pending,
GM011560,ORDGM011560,3541.51,INR,pending,
GM011561,ORDGM011561,616.33,INR,pending,
GM011562,ORDGM011562,1051.14,INR,pending,
GM011563,ORDGM011563,669.46,INR,pending,
GM011564,ORDGM011564,3038.57,INR,pending,
GM011565,ORDGM011565,6145.48,INR,pending,
GM011566,ORDGM011566,805.43,INR,pending,
GM011567,ORDGM011567,1396.89,INR,pending,
GM011568,ORDGM011568,4763.03,INR,pending,
GM011569,ORDGM011569,1514.37,INR,pending,
GM011570,ORDGM011570,177.28,INR,pending,
GM011571,ORDGM011571,2593.33,INR,pending,
GM011572,ORDGM011572,74.61,INR,pending,
GM011573,ORDGM011573,2168.65,INR,pending,
GM011574,ORDGM011574,3319.27,INR,pending,
GM011575,ORDGM011575,3301.99,INR,pending,
GM011576,ORDGM011576,276.50,INR,pending,
GM011577,ORDGM011577,327.15,INR,pending,
GM011578,ORDGM011578,2667.57,INR,pending,
GM011579,ORDGM011579,821.80,INR,pending,
GM011580,ORDGM011580,2917.90,INR,pending,
GM011581,ORDGM011581,2498.35,INR,pending,
GM011582,ORDGM011582,937.44,INR,pending,
GM011583,ORDGM011583,587.17,INR,pending,
GM011584,ORDGM011584,2174.27,INR,pending,
GM011585,ORDGM011585,1210.85,INR,pending,
GM011586,ORDGM011586,4119.19,INR,pending,
GM011587,ORDGM011587,995.85,INR,pending,
GM011589,ORDGM011589,496.17,INR,pending,
GM011591,ORDGM011591,242.40,INR,pending,
GM011592,ORDGM011592,411.05,INR,pending,
GM011593,ORDGM011593,321.72,INR,pending,
GM011594,ORDGM011594,677.67,INR,pending,
GM011595,ORDGM011595,212.16,INR,pending,
GM011596,ORDGM011596,559.17,INR,pending,
GM011597,ORDGM011597,1678.71,INR,pending,
GM011598,ORDGM011598,458.94,INR,pending,
GM011599,ORDGM011599,1073.29,INR,pending,
GM011600,ORDGM011600,1365.11,INR,pending,
GM011601,ORDGM011601,532.40,INR,pending,
GM011603,ORDGM011603,2645.18,INR,pending,
GM011604,ORDGM011604,4142.96,INR,pending,
GM011605,ORDGM011605,1745.58,INR,pending,
GM011606,ORDGM011606,2416.25,INR,pending,
GM011607,ORDGM011607,1304.75,INR,pending,
GM011608,ORDGM011608,955.63,INR,pending,
GM011609,ORDGM011609,43.28,INR,pending,
GM011610,ORDGM011610,986.11,INR,pending,
GM011611,ORDGM011611,287.92,INR,pending,
GM011612,ORDGM011612,863.98,INR,pending,
GM011613,ORDGM011613,2069.60,INR,pending,
GM011614,ORDGM011614,3889.93,INR,pending,
GM011615,ORDGM011615,81.23,INR,pending,
GM011617,ORDGM011617,1607.87,INR,pending,
GM011618,ORDGM011618,584.19,INR,pending,
GM011620,ORDGM011620,4242.61,INR,pending,
GM011622,ORDGM011622,633.27,INR,pending,
GM011623,ORDGM011623,3537.37,INR,pending,
GM011625,ORDGM011625,4620.27,INR,pending,
GM011626,ORDGM011626,1315.55,INR,pending,
GM011627,ORDGM011627,2179.26,INR,pending,
GM011628,ORDGM011628,1528.58,INR,pending,
GM011629,ORDGM011629,2301.36,INR,pending,
GM011630,ORDGM011630,1820.91,INR,pending,
GM011631,ORDGM011631,308.34,INR,pending,
GM011632,ORDGM011632,2041.89,INR,pending,
GM011633,ORDGM011633,3473.40,INR,pending,
GM011634,ORDGM011634,775.24,INR,pending,
GM011635,ORDGM011635,3990.19,INR,pending,
GM011636,ORDGM011636,8206.31,INR,pending,
GM011637,ORDGM011637,1125.40,INR,pending,
GM011638,ORDGM011638,1726.30,INR,pending,
GM011639,ORDGM011639,1325.41,INR,pending,
GM011640,ORDGM011640,3211.98,INR,pending,
GM011641,ORDGM011641,7645.63,INR,pending,
GM011642,ORDGM011642,1671.62,INR,pending,
GM011643,ORDGM011643,5556.40,INR,pending,
GM011644,ORDGM011644,2858.51,INR,pending,
GM011645,ORDGM011645,1873.10,INR,pending,
GM011646,ORDGM011646,131.02,INR,pending,
GM011647,ORDGM011647,2044.93,INR,pending,
GM011648,ORDGM011648,586.92,INR,pending,
GM011649,ORDGM011649,2408.30,INR,pending,
GM011650,ORDGM011650,47.41,INR,pending,
GM011651,ORDGM011651,130.87,INR,pending,
GM011652,ORDGM011652,797.85,INR,pending,
GM011653,ORDGM011653,2330.77,INR,pending,
GM011656,ORDGM011656,3269.95,INR,pending,
GM011657,ORDGM011657,876.79,INR,pending,
GM011658,ORDGM011658,668.62,INR,pending,
GM011659,ORDGM011659,1573.49,INR,pending,
GM011660,ORDGM011660,352.05,INR,pending,
GM011661,ORDGM011661,770.83,INR,pending,
GM011662,ORDGM011662,540.90,INR,pending,
GM011663,ORDGM011663,636.91,INR,pending,
GM011664,ORDGM011664,3217.42,INR,pending,
GM011665,ORDGM011665,160.33,INR,pending,
GM011666,ORDGM011666,1035.93,INR,pending,
GM011667,ORDGM011667,2323.06,INR,pending,
GM011668,ORDGM011668,1182.46,INR,pending,
GM011669,ORDGM011669,1410.14,INR,pending,
GM011670,ORDGM011670,2408.22,INR,pending,
GM011672,ORDGM011672,1536.39,INR,pending,
GM011673,ORDGM011673,1969.44,INR,pending,
GM011674,ORDGM011674,3199.73,INR,pending,
GM011675,ORDGM011675,2978.02,INR,pending,
GM011677,ORDGM011677,114.80,INR,pending,
GM011678,ORDGM011678,2229.18,INR,pending,
GM011679,ORDGM011679,729.35,INR,pending,
GM011680,ORDGM011680,799.87,INR,pending,
GM011681,ORDGM011681,6072.54,INR,pending,
GM011682,ORDGM011682,1455.63,INR,pending,
GM011683,ORDGM011683,84.56,INR,pending,
GM011684,ORDGM011684,1160.23,INR,pending,
GM011685,ORDGM011685,5173.66,INR,pending,
GM011686,ORDGM011686,12598.54,INR,pending,
GM011687,ORDGM011687,1050.74,INR,pending,
GM011688,ORDGM011688,114.11,INR,pending,
GM011689,ORDGM011689,1378.01,INR,pending,
GM011690,ORDGM011690,178.22,INR,pending,
GM011691,ORDGM011691,931.82,INR,pending,
GM011692,ORDGM011692,3578.82,INR,pending,
GM011693,ORDGM011693,1397.73,INR,pending,
GM011694,ORDGM011694,914.21,INR,pending,
GM011695,ORDGM011695,52.37,INR,pending,
GM011696,ORDGM011696,6822.21,INR,pending,
GM011697,ORDGM011697,672.98,INR,pending,
GM011698,ORDGM011698,4600.00,INR,pending,
GM011699,ORDGM011699,5336.84,INR,pending,
GM011700,ORDGM011700,1648.07,INR,pending,
GM011701,ORDGM011701,1083.37,INR,pending,
GM011702,ORDGM011702,6474.92,INR,pending,
GM011703,ORDGM011703,2307.97,INR,pending,
GM011704,ORDGM011704,2323.87,INR,pending,
GM011705,ORDGM011705,5129.28,INR,pending,
GM011706,ORDGM011706,2281.68,INR,pending,
GM011707,ORDGM011707,1239.33,INR,pending,
GM011708,ORDGM011708,306.65,INR,pending,
GM011709,ORDGM011709,186.47,INR,pending,
GM011710,ORDGM011710,2525.16,INR,pending,
GM011711,ORDGM011711,8674.60,INR,pending,
GM011712,ORDGM011712,867.32,INR,pending,
GM011713,ORDGM011713,1875.44,INR,pending,
GM011714,ORDGM011714,4590.68,INR,pending,
GM011715,ORDGM011715,2796.66,INR,pending,
GM011716,ORDGM011716,1660.67,INR,pending,
GM011717,ORDGM011717,424.05,INR,pending,
GM011718,ORDGM011718,2998.23,INR,pending,
GM011720,ORDGM011720,1551.02,INR,pending,
GM011721,ORDGM011721,1698.37,INR,pending,
GM011722,ORDGM011722,130.22,INR,pending,
GM011723,ORDGM011723,197.76,INR,pending,
GM011724,ORDGM011724,2267.71,INR,pending,
GM011725,ORDGM011725,107.51,INR,pending,
GM011726,ORDGM011726,2479.95,INR,pending,
GM011727,ORDGM011727,353.22,INR,pending,
GM011728,ORDGM011728,83.70,INR,pending,
GM011729,ORDGM011729,3430.27,INR,pending,
GM011730,ORDGM011730,2507.19,INR,pending,
GM011731,ORDGM011731,508.91,INR,pending,
GM011732,ORDGM011732,3610.91,INR,pending,
GM011733,ORDGM011733,2176.74,INR,pending,
GM011734,ORDGM011734,285.18,INR,pending,
GM011735,ORDGM011735,141.80,INR,pending,
GM011736,ORDGM011736,447.74,INR,pending,
GM011737,ORDGM011737,4345.42,INR,pending,
GM011738,ORDGM011738,3419.32,INR,pending,
GM011739,ORDGM011739,3372.50,INR,pending,
GM011740,ORDGM011740,1441.39,INR,pending,
GM011741,ORDGM011741,632.43,INR,pending,
GM011742,ORDGM011742,412.06,INR,pending,
GM011743,ORDGM011743,90.06,INR,pending,
GM011744,ORDGM011744,2230.25,INR,pending,
GM011745,ORDGM011745,1061.56,INR,pending,
GM011746,ORDGM011746,1081.57,INR,pending,
GM011747,ORDGM011747,84.78,INR,pending,
GM011748,ORDGM011748,304.69,INR,pending,
GM011749,ORDGM011749,1422.12,INR,pending,
GM011750,ORDGM011750,152.41,INR,pending,
GM011751,ORDGM011751,1751.15,INR,pending,
GM011752,ORDGM011752,2027.06,INR,pending,
GM011753,ORDGM011753,3326.84,INR,pending,
GM011754,ORDGM011754,6864.51,INR,pending,
GM011756,ORDGM011756,254.25,INR,pending,
GM011757,ORDGM011757,2534.45,INR,pending,
GM011758,ORDGM011758,4368.12,INR,pending,
GM011759,ORDGM011759,3224.88,INR,pending,
GM011760,ORDGM011760,2483.81,INR,pending,
GM011761,ORDGM011761,2818.56,INR,pending,
GM011762,ORDGM011762,1095.59,INR,pending,
GM011763,ORDGM011763,1375.71,INR,pending,
GM011764,ORDGM011764,939.15,INR,pending,
GM011767,ORDGM011767,277.57,INR,pending,
GM011768,ORDGM011768,409.38,INR,pending,
GM011769,ORDGM011769,828.50,INR,pending,
GM011770,ORDGM011770,4610.39,INR,pending,
GM011771,ORDGM011771,2230.12,INR,pending,
GM011772,ORDGM011772,1591.71,INR,pending,
GM011773,ORDGM011773,1433.21,INR,pending,
GM011774,ORDGM011774,747.91,INR,pending,
GM011775,ORDGM011775,1170.36,INR,pending,
GM011776,ORDGM011776,1899.23,INR,pending,
GM011777,ORDGM011777,2036.30,INR,pending,
GM011778,ORDGM011778,772.87,INR,pending,
GM011779,ORDGM011779,3039.81,INR,pending,
GM011780,ORDGM011780,335.11,INR,pending,
GM011781,ORDGM011781,911.63,INR,pending,
GM011783,ORDGM011783,568.85,INR,pending,
GM011784,ORDGM011784,974.76,INR,pending,
GM011785,ORDGM011785,436.96,INR,pending,
GM011786,ORDGM011786,2888.89,INR,pending,
GM011787,ORDGM011787,988.29,INR,pending,
GM011788,ORDGM011788,7232.67,INR,pending,
GM011789,ORDGM011789,105.12,INR,pending,
GM011790,ORDGM011790,1265.09,INR,pending,
GM011791,ORDGM011791,3467.36,INR,pending,
GM011792,ORDGM011792,3204.64,INR,pending,
GM011793,ORDGM011793,686.72,INR,pending,
GM011794,ORDGM011794,2750.45,INR,pending,
GM011795,ORDGM011795,2116.32,INR,pending,
GM011796,ORDGM011796,831.16,INR,pending,
GM011797,ORDGM011797,627.36,INR,pending,
GM011798,ORDGM011798,885.17,INR,pending,
GM011799,ORDGM011799,2334.08,INR,pending,
GM011800,ORDGM011800,843.96,INR,pending,
GM011801,ORDGM011801,103.25,INR,pending,
GM011802,ORDGM011802,1004.92,INR,pending,
GM011803,ORDGM011803,918.09,INR,pending,
GM011804,ORDGM011804,562.46,INR,pending,
GM011805,ORDGM011805,82.58,INR,pending,
GM011806,ORDGM011806,6107.99,INR,pending,
GM011807,ORDGM011807,177.10,INR,pending,
GM011808,ORDGM011808,293.05,INR,pending,
GM011809,ORDGM011809,3045.92,INR,pending,
GM011810,ORDGM011810,790.60,INR,pending,
GM011811,ORDGM011811,1536.86,INR,pending,
GM011812,ORDGM011812,263.23,INR,pending,
GM011813,ORDGM011813,271.96,INR,pending,
GM011814,ORDGM011814,1126.99,INR,pending,
GM011815,ORDGM011815,4568.50,INR,pending,
GM011816,ORDGM011816,52.08,INR,pending,
GM011817,ORDGM011817,2469.82,INR,pending,
GM011818,ORDGM011818,2928.61,INR,pending,
GM011819,ORDGM011819,2732.38,INR,pending,
GM011820,ORDGM011820,832.93,INR,pending,
GM011821,ORDGM011821,466.86,INR,pending,
GM011823,ORDGM011823,462.36,INR,pending,
GM011824,ORDGM011824,1091.80,INR,pending,
GM011825,ORDGM011825,1372.73,INR,pending,
GM011826,ORDGM011826,996.88,INR,pending,
GM011827,ORDGM011827,773.30,INR,pending,
GM011828,ORDGM011828,2195.80,INR,pending,
GM011829,ORDGM011829,1309.99,INR,pending,
GM011830,ORDGM011830,280.65,INR,pending,
GM011831,ORDGM011831,685.38,INR,pending,
GM011832,ORDGM011832,4125.21,INR,pending,
GM011833,ORDGM011833,592.97,INR,pending,
GM011834,ORDGM011834,0.96,INR,pending,
GM011835,ORDGM011835,303.90,INR,pending,
GM011836,ORDGM011836,3218.83,INR,pending,
GM011837,ORDGM011837,2378.52,INR,pending,
GM011838,ORDGM011838,3815.55,INR,pending,
GM011839,ORDGM011839,1416.50,INR,pending,
GM011840,ORDGM011840,1419.57,INR,pending,
GM011841,ORDGM011841,655.58,INR,pending,
GM011842,ORDGM011842,1164.79,INR,pending,
GM011843,ORDGM011843,6112.61,INR,pending,
GM011845,ORDGM011845,28.17,INR,pending,
GM011846,ORDGM011846,714.94,INR,pending,
GM011847,ORDGM011847,1270.73,INR,pending,
GM011848,ORDGM011848,2759.05,INR,pending,
GM011849,ORDGM011849,3993.55,INR,pending,
GM011850,ORDGM011850,1551.65,INR,pending,
GM011851,ORDGM011851,1511.70,INR,pending,
GM011852,ORDGM011852,4188.64,INR,pending,
GM011853,ORDGM011853,150.13,INR,pending,
GM011854,ORDGM011854,1583.24,INR,pending,
GM011855,ORDGM011855,408.20,INR,pending,
GM011856,ORDGM011856,3184.38,INR,pending,
GM011857,ORDGM011857,3293.22,INR,pending,
GM011858,ORDGM011858,7337.63,INR,pending,
GM011859,ORDGM011859,424.51,INR,pending,
GM011860,ORDGM011860,3845.23,INR,pending,
GM011862,ORDGM011862,2168.43,INR,pending,
GM011863,ORDGM011863,894.37,INR,pending,
GM011864,ORDGM011864,681.44,INR,pending,
GM011865,ORDGM011865,416.62,INR,pending,
GM011866,ORDGM011866,1930.72,INR,pending,
GM011867,ORDGM011867,68.85,INR,pending,
GM011868,ORDGM011868,1406.67,INR,pending,
GM011870,ORDGM011870,6386.46,INR,pending,
GM011871,ORDGM011871,540.54,INR,pending,
GM011872,ORDGM011872,1443.76,INR,pending,
GM011873,ORDGM011873,515.08,INR,pending,
GM011874,ORDGM011874,1684.57,INR,pending,
GM011875,ORDGM011875,622.85,INR,pending,
GM011876,ORDGM011876,950.33,INR,pending,
GM011877,ORDGM011877,1652.01,INR,pending,
GM011878,ORDGM011878,1292.20,INR,pending,
GM011879,ORDGM011879,241.67,INR,pending,
GM011880,ORDGM011880,566.46,INR,pending,
GM011881,ORDGM011881,518.12,INR,pending,
GM011882,ORDGM011882,356.30,INR,pending,
GM011883,ORDGM011883,6352.40,INR,pending,
GM011884,ORDGM011884,328.42,INR,pending,
GM011885,ORDGM011885,1147.47,INR,pending,
GM011886,ORDGM011886,1531.41,INR,pending,
GM011887,ORDGM011887,1.12,INR,pending,
GM011888,ORDGM011888,1709.31,INR,pending,
GM011889,ORDGM011889,5167.25,INR,pending,
GM011891,ORDGM011891,1472.01,INR,pending,
GM011892,ORDGM011892,1425.99,INR,pending,
GM011893,ORDGM011893,4019.26,INR,pending,
GM011894,ORDGM011894,3809.47,INR,pending,
GM011896,ORDGM011896,24.79,INR,pending,
GM011897,ORDGM011897,1833.06,INR,pending,
GM011898,ORDGM011898,1599.77,INR,pending,
GM011899,ORDGM011899,1535.38,INR,pending,
GM011900,ORDGM011900,376.89,INR,pending,
GM011901,ORDGM011901,552.48,INR,pending,
GM011902,ORDGM011902,278.04,INR,pending,
GM011903,ORDGM011903,1796.24,INR,pending,
GM011904,ORDGM011904,902.20,INR,pending,
GM011905,ORDGM011905,1562.03,INR,pending,
GM011906,ORDGM011906,7041.70,INR,pending,
GM011907,ORDGM011907,3353.96,INR,pending,
GM011908,ORDGM011908,6107.18,INR,pending,
GM011909,ORDGM011909,394.72,INR,pending,
GM011910,ORDGM011910,210.07,INR,pending,
GM011911,ORDGM011911,361.25,INR,pending,
GM011912,ORDGM011912,3518.53,INR,pending,
GM011913,ORDGM011913,1327.04,INR,pending,
GM011914,ORDGM011914,1414.41,INR,pending,
GM011915,ORDGM011915,1933.06,INR,pending,
GM011916,ORDGM011916,5105.93,INR,pending,
GM011917,ORDGM011917,1366.10,INR,pending,
GM011918,ORDGM011918,1430.26,INR,pending,
GM011919,ORDGM011919,3463.68,INR,pending,
GM011920,ORDGM011920,394.45,INR,pending,
GM011921,ORDGM011921,5431.22,INR,pending,
GM011922,ORDGM011922,2608.83,INR,pending,
GM011923,ORDGM011923,940.55,INR,pending,
GM011924,ORDGM011924,886.61,INR,pending,
GM011925,ORDGM011925,6769.10,INR,pending,
GM011926,ORDGM011926,1262.71,INR,pending,
GM011927,ORDGM011927,1940.74,INR,pending,
GM011928,ORDGM011928,2967.99,INR,pending,
GM011929,ORDGM011929,349.94,INR,pending,
GM011930,ORDGM011930,1889.19,INR,pending,
GM011931,ORDGM011931,6139.02,INR,pending,
GM011932,ORDGM011932,8390.06,INR,pending,
GM011933,ORDGM011933,2056.32,INR,pending,
GM011934,ORDGM011934,3421.36,INR,pending,
GM011935,ORDGM011935,1079.23,INR,pending,
GM011936,ORDGM011936,224.53,INR,pending,
GM011937,ORDGM011937,7739.80,INR,pending,
GM011938,ORDGM011938,3185.35,INR,pending,
GM011939,ORDGM011939,1931.99,INR,pending,
GM011940,ORDGM011940,2367.74,INR,pending,
GM011941,ORDGM011941,1306.85,INR,pending,
GM011942,ORDGM011942,697.27,INR,pending,
GM011944,ORDGM011944,2027.56,INR,pending,
GM011945,ORDGM011945,2955.19,INR,pending,
GM011946,ORDGM011946,802.84,INR,pending,
GM011947,ORDGM011947,102.30,INR,pending,
GM011948,ORDGM011948,535.40,INR,pending,
GM011949,ORDGM011949,2624.09,INR,pending,
GM011950,ORDGM011950,1274.03,INR,pending,
GM011951,ORDGM011951,1348.81,INR,pending,
GM011952,ORDGM011952,2684.04,INR,pending,
GM011953,ORDGM011953,1996.63,INR,pending,
GM011954,ORDGM011954,1713.16,INR,pending,
GM011955,ORDGM011955,1018.32,INR,pending,
GM011956,ORDGM011956,1812.25,INR,pending,
GM011957,ORDGM011957,214.46,INR,pending,
GM011958,ORDGM011958,303.53,INR,pending,
GM011959,ORDGM011959,8144.85,INR,pending,
GM011960,ORDGM011960,103.70,INR,pending,
GM011961,ORDGM011961,1151.97,INR,pending,
GM011962,ORDGM011962,2434.34,INR,pending,
GM011963,ORDGM011963,276.91,INR,pending,
GM011964,ORDGM011964,152.09,INR,pending,
GM011965,ORDGM011965,4746.37,INR,pending,
GM011966,ORDGM011966,4141.36,INR,pending,
GM011967,ORDGM011967,1309.76,INR,pending,
GM011968,ORDGM011968,353.44,INR,pending,
GM011969,ORDGM011969,2126.27,INR,pending,
GM011970,ORDGM011970,2325.44,INR,pending,
GM011971,ORDGM011971,1128.78,INR,pending,
GM011972,ORDGM011972,2363.82,INR,pending,
GM011973,ORDGM011973,2158.79,INR,pending,
GM011975,ORDGM011975,2814.98,INR,pending,
GM011976,ORDGM011976,163.96,INR,pending,
GM011977,ORDGM011977,260.13,INR,pending,
GM011978,ORDGM011978,985.90,INR,pending,
GM011979,ORDGM011979,4224.36,INR,pending,
GM011980,ORDGM011980,566.34,INR,pending,
GM011981,ORDGM011981,456.27,INR,pending,
GM011982,ORDGM011982,32.39,INR,pending,
GM011984,ORDGM011984,3043.13,INR,pending,
GM011985,ORDGM011985,3689.47,INR,pending,
GM011986,ORDGM011986,5367.50,INR,pending,
GM011987,ORDGM011987,8058.41,INR,pending,
GM011988,ORDGM011988,1335.71,INR,pending,
GM011989,ORDGM011989,984.23,INR,pending,
GM011990,ORDGM011990,1714.31,INR,pending,
GM011991,ORDGM011991,4624.70,INR,pending,
GM011992,ORDGM011992,354.29,INR,pending,
GM011993,ORDGM011993,2150.36,INR,pending,
GM011994,ORDGM011994,869.02,INR,pending,
GM011996,ORDGM011996,2038.10,INR,pending,
GM011997,ORDGM011997,581.34,INR,pending,
GM011998,ORDGM011998,175.24,INR,pending,
GM011999,ORDGM011999,496.84,INR,pending,
GM008461,ORDGM008461,2721.69,INR,pending,
GM003987,ORDGM003987,3926.11,INR,pending,
GM006897,ORDGM006897,6658.15,INR,pending,
GM011588,ORDGM011588,2377.22,INR,pending,
GM002128,ORDGM002128,1892.29,INR,pending,
GM005902,ORDGM005902,1560.35,INR,pending,
GM003630,ORDGM003630,2343.45,INR,pending,
GM004124,ORDGM004124,227.30,INR,pending,
GM006133,ORDGM006133,934.75,INR,pending,
GM002108,ORDGM002108,220.53,INR,pending,
GM004804,ORDGM004804,2913.80,INR,pending,
GM009677,ORDGM009677,1131.48,INR,pending,
GM006291,ORDGM006291,734.00,INR,pending,
GM007087,ORDGM007087,26.36,INR,pending,
GM005411,ORDGM005411,3405.68,INR,pending,
GM001900,ORDGM001900,5349.36,INR,pending,
GM005007,ORDGM005007,638.69,INR,pending,
GM000453,ORDGM000453,2058.44,INR,pending,
GM011168,ORDGM011168,4332.48,INR,pending,
GM003402,ORDGM003402,4513.98,INR,pending,
GM007448,ORDGM007448,1040.81,INR,pending,
GM010248,ORDGM010248,2022.58,INR,pending,
GM002889,ORDGM002889,1711.92,INR,pending,
GM002843,ORDGM002843,175.19,INR,pending,
GM000242,ORDGM000242,104.28,INR,pending,
GM004606,ORDGM004606,695.68,INR,pending,
GM001918,ORDGM001918,457.62,INR,pending,
GM007973,ORDGM007973,347.10,INR,pending,
GM000901,ORDGM000901,2.58,INR,pending,
GM009262,ORDGM009262,1008.10,INR,pending,
GM004256,ORDGM004256,65.50,INR,pending,
GM006273,ORDGM006273,6295.07,INR,pending,
GM010177,ORDGM010177,5308.07,INR,pending,
GM003634,ORDGM003634,4325.70,INR,pending,
GM010034,ORDGM010034,3259.25,INR,pending,
GM003881,ORDGM003881,27.98,INR,pending,
GM008095,ORDGM008095,262.14,INR,pending,
GM007377,ORDGM007377,407.33,INR,pending,
GM002186,ORDGM002186,372.32,INR,pending,
GM007307,ORDGM007307,1996.15,INR,pending,
GM002993,ORDGM002993,3985.45,INR,pending,
GM008999,ORDGM008999,3349.64,INR,pending,
GM007693,ORDGM007693,2039.91,INR,pending,
GM003773,ORDGM003773,203.20,INR,pending,
GM000095,ORDGM000095,569.21,INR,pending,
GM004428,ORDGM004428,1428.19,INR,pending,
GM005864,ORDGM005864,310.90,INR,pending,
GM006957,ORDGM006957,1258.33,INR,pending,
GM009866,ORDGM009866,3681.66,INR,pending,
GM003699,ORDGM003699,1131.33,INR,pending,
GM003156,ORDGM003156,55.94,INR,pending,
GM002204,ORDGM002204,469.94,INR,pending,
GM006870,ORDGM006870,983.58,INR,pending,
GM004433,ORDGM004433,1216.13,INR,pending,
GM009926,ORDGM009926,487.63,INR,pending,
GM011550,ORDGM011550,3153.64,INR,pending,
GM007540,ORDGM007540,6499.57,INR,pending,
GM007349,ORDGM007349,1077.87,INR,pending,
GM002344,ORDGM002344,1803.32,INR,pending,
GM002291,ORDGM002291,1389.02,INR,pending,
GM010303,ORDGM010303,23.73,INR,pending,
GM006561,ORDGM006561,1144.65,INR,pending,
GM003891,ORDGM003891,5628.39,INR,pending,
GM005279,ORDGM005279,4528.99,INR,pending,
GM011995,ORDGM011995,3095.66,INR,pending,
GM005701,ORDGM005701,101.72,INR,pending,
GM003509,ORDGM003509,2206.05,INR,pending,
GM009120,ORDGM009120,2823.52,INR,pending,
GM000054,ORDGM000054,452.38,INR,pending,
GM010905,ORDGM010905,1621.81,INR,pending,
GM011590,ORDGM011590,1609.51,INR,pending,
GM007990,ORDGM007990,4609.52,INR,pending,
GM006001,ORDGM006001,210.38,INR,pending,
GM002755,ORDGM002755,6244.60,INR,pending,
GM009130,ORDGM009130,215.81,INR,pending,
GM004443,ORDGM004443,844.07,INR,pending,
GM005098,ORDGM005098,2978.26,INR,pending,
GM006412,ORDGM006412,92.65,INR,pending,
GM010633,ORDGM010633,5248.14,INR,pending,
GM008564,ORDGM008564,1103.93,INR,pending,
GM008738,ORDGM008738,40.98,INR,pending,
GM011196,ORDGM011196,2429.95,INR,pending,
GM009259,ORDGM009259,683.17,INR,pending,
GM001965,ORDGM001965,1595.84,INR,pending,
GM004873,ORDGM004873,4905.69,INR,pending,
GM004243,ORDGM004243,22.50,INR,pending,
GM010641,ORDGM010641,71.73,INR,pending,
GM004310,ORDGM004310,2809.83,INR,pending,
GM001991,ORDGM001991,1309.09,INR,pending,
GM003196,ORDGM003196,2128.26,INR,pending,
GM011943,ORDGM011943,754.35,INR,pending,
GM008285,ORDGM008285,675.13,INR,pending,
GM007856,ORDGM007856,5086.34,INR,pending,
GM001516,ORDGM001516,2341.51,INR,pending,
GM002035,ORDGM002035,2844.38,INR,pending,
GM006165,ORDGM006165,5894.77,INR,pending,
GM008781,ORDGM008781,1181.71,INR,pending,
GM011461,ORDGM011461,1253.59,INR,pending,
GM010107,ORDGM010107,1252.92,INR,pending,
GM003858,ORDGM003858,2415.50,INR,pending,
GM000929,ORDGM000929,149.21,INR,pending,
GM010416,ORDGM010416,1691.50,INR,pending,
GM008224,ORDGM008224,1151.43,INR,pending,
GM006077,ORDGM006077,2216.76,INR,pending,
GM005752,ORDGM005752,1897.43,INR,pending,
GM002479,ORDGM002479,4680.14,INR,pending,
GM011869,ORDGM011869,104.14,INR,pending,
GM007749,ORDGM007749,653.80,INR,pending,
GM010857,ORDGM010857,263.33,INR,pending,
GM007933,ORDGM007933,2638.90,INR,pending,
GM000321,ORDGM000321,1669.18,INR,pending,
GM004051,ORDGM004051,292.45,INR,pending,
GM006703,ORDGM006703,7118.35,INR,pending,
GM002865,ORDGM002865,781.53,INR,pending,
GM007496,ORDGM007496,6337.60,INR,pending,
GM007895,ORDGM007895,1248.45,INR,pending,
GM005837,ORDGM005837,1431.77,INR,pending,
GM009684,ORDGM009684,548.55,INR,pending,
GM002570,ORDGM002570,571.72,INR,pending,
GM003900,ORDGM003900,648.08,INR,pending,
GM008656,ORDGM008656,773.46,INR,pending,
GM011766,ORDGM011766,938.41,INR,pending,
GM006743,ORDGM006743,85.74,INR,pending,
GM004874,ORDGM004874,100.89,INR,pending,
GM011022,ORDGM011022,226.13,INR,pending,
GM008423,ORDGM008423,623.47,INR,pending,
GM010690,ORDGM010690,6343.79,INR,pending,
GM007896,ORDGM007896,2112.37,INR,pending,
GM002719,ORDGM002719,4004.56,INR,pending,
GM009512,ORDGM009512,12.72,INR,pending,
GM000271,ORDGM000271,1121.28,INR,pending,
GM004409,ORDGM004409,95.62,INR,pending,
GM007043,ORDGM007043,907.85,INR,pending,
GM001584,ORDGM001584,3559.61,INR,pending,
GM005638,ORDGM005638,315.17,INR,pending,
GM007904,ORDGM007904,4390.25,INR,pending,
GM002499,ORDGM002499,369.80,INR,pending,
GM009806,ORDGM009806,896.01,INR,pending,
GM002609,ORDGM002609,234.66,INR,pending,
GM001407,ORDGM001407,1834.76,INR,pending,
GM003259,ORDGM003259,47.99,INR,pending,
GM001363,ORDGM001363,2850.51,INR,pending,
GM011895,ORDGM011895,738.83,INR,pending,
GM010737,ORDGM010737,1106.96,INR,pending,
GM010425,ORDGM010425,573.47,INR,pending,
GM011676,ORDGM011676,1031.13,INR,pending,
GM007613,ORDGM007613,1686.61,INR,pending,
GM006285,ORDGM006285,1848.13,INR,pending,
GM003194,ORDGM003194,394.78,INR,pending,
GM011427,ORDGM011427,2725.22,INR,pending,
GM000651,ORDGM000651,1212.50,INR,pending,
GM000212,ORDGM000212,1921.58,INR,pending,
GM002025,ORDGM002025,6088.30,INR,pending,
GM009486,ORDGM009486,2643.51,INR,pending,
GM005143,ORDGM005143,2707.06,INR,pending,
GM006231,ORDGM006231,602.75,INR,pending,
GM003203,ORDGM003203,104.35,INR,pending,
GM002403,ORDGM002403,82.72,INR,pending,
GM008904,ORDGM008904,2175.63,INR,pending,
GM000268,ORDGM000268,1122.15,INR,pending,
GM008663,ORDGM008663,1496.77,INR,pending,
GM004736,ORDGM004736,264.36,INR,pending,
GM007770,ORDGM007770,3527.33,INR,pending,
GM010285,ORDGM010285,3183.03,INR,pending,
GM011616,ORDGM011616,2268.38,INR,pending,
GM008159,ORDGM008159,1089.11,INR,pending,
GM005469,ORDGM005469,4036.78,INR,pending,
GM003503,ORDGM003503,5032.01,INR,pending,
GM009720,ORDGM009720,448.57,INR,pending,
GM008038,ORDGM008038,2409.84,INR,pending,
GM000814,ORDGM000814,1912.97,INR,pending,
GM006061,ORDGM006061,1399.89,INR,pending,
GM006888,ORDGM006888,563.62,INR,pending,
GM005066,ORDGM005066,509.50,INR,pending,
GM007909,ORDGM007909,75.64,INR,pending,
GM006037,ORDGM006037,3463.55,INR,pending,
GM004162,ORDGM004162,3215.18,INR,pending,
GM007714,ORDGM007714,137.89,INR,pending,
GM009884,ORDGM009884,5338.20,INR,pending,
GM010535,ORDGM010535,8267.19,INR,pending,
GM004300,ORDGM004300,1324.89,INR,pending,
GM003187,ORDGM003187,1385.40,INR,pending,
GM008098,ORDGM008098,931.73,INR,pending,
GM004901,ORDGM004901,876.93,INR,pending,
GM010354,ORDGM010354,507.72,INR,pending,
GM002748,ORDGM002748,4263.02,INR,pending,
GM007837,ORDGM007837,4932.99,INR,pending,
GM008821,ORDGM008821,2736.73,INR,pending,
GM004138,ORDGM004138,4125.13,INR,pending,
GM003425,ORDGM003425,980.45,INR,pending,
GM011719,ORDGM011719,7185.79,INR,pending,
GM002042,ORDGM002042,3113.99,INR,pending,
GM005741,ORDGM005741,665.43,INR,pending,
GM005851,ORDGM005851,1465.51,INR,pending,
GM005711,ORDGM005711,3031.45,INR,pending,
GM004863,ORDGM004863,808.90,INR,pending,
GM009880,ORDGM009880,547.48,INR,pending,
GM010480,ORDGM010480,1176.08,INR,pending,
GM006597,ORDGM006597,920.64,INR,pending,
GM010164,ORDGM010164,4189.26,INR,pending,
GM005621,ORDGM005621,2115.57,INR,pending,
GM005614,ORDGM005614,5653.98,INR,pending,
GM009004,ORDGM009004,3293.93,INR,pending,
GM000752,ORDGM000752,3517.39,INR,pending,
GM002273,ORDGM002273,387.37,INR,pending,
GM005678,ORDGM005678,198.61,INR,pending,
GM011533,ORDGM011533,1152.31,INR,pending,
GM008525,ORDGM008525,3831.94,INR,pending,
GM006204,ORDGM006204,855.29,INR,pending,
GM009148,ORDGM009148,3609.99,INR,pending,
GM011301,ORDGM011301,503.71,INR,pending,
GM003176,ORDGM003176,437.84,INR,pending,
GM004341,ORDGM004341,3497.61,INR,pending,
GM008218,ORDGM008218,825.28,INR,pending,
GM001710,ORDGM001710,259.74,INR,pending,
GM004102,ORDGM004102,279.14,INR,pending,
GM010646,ORDGM010646,911.29,INR,pending,
GM011671,ORDGM011671,957.84,INR,pending,
GM003814,ORDGM003814,935.93,INR,pending,
GM005790,ORDGM005790,1330.74,INR,pending,
GM000688,ORDGM000688,1606.48,INR,pending,
GM011624,ORDGM011624,873.67,INR,pending,
GM007112,ORDGM007112,3528.88,INR,pending,
GM002845,ORDGM002845,1815.81,INR,pending,
GM011782,ORDGM011782,390.39,INR,pending,
GM007867,ORDGM007867,231.57,INR,pending,
GM009055,ORDGM009055,374.55,INR,pending,
GM003282,ORDGM003282,1202.76,INR,pending,
GM008426,ORDGM008426,1543.36,INR,pending,
GM002523,ORDGM002523,1159.03,INR,pending,
GM009527,ORDGM009527,105.58,INR,pending,
GM005223,ORDGM005223,1438.26,INR,pending,
GM007296,ORDGM007296,1093.14,INR,pending,
GM008257,ORDGM008257,686.76,INR,pending,
GM002208,ORDGM002208,174.09,INR,pending,
GM003352,ORDGM003352,122.67,INR,pending,
GM002343,ORDGM002343,7231.25,INR,pending,
GM002162,ORDGM002162,850.84,INR,pending,
GM007987,ORDGM007987,313.85,INR,pending,
GM008863,ORDGM008863,3632.17,INR,pending,
GM005026,ORDGM005026,4200.27,INR,pending,
GM011974,ORDGM011974,77.73,INR,pending,
GM011068,ORDGM011068,1729.54,INR,pending,
GM003907,ORDGM003907,1488.64,INR,pending,
GM003386,ORDGM003386,137.68,INR,pending,
GM010099,ORDGM010099,571.74,INR,pending,
GM005868,ORDGM005868,341.37,INR,pending,
GM001094,ORDGM001094,5105.08,INR,pending,
GM003422,ORDGM003422,1297.26,INR,pending,
GM010588,ORDGM010588,506.91,INR,pending,
GM000520,ORDGM000520,1732.09,INR,pending,
GM002505,ORDGM002505,299.52,INR,pending,
GM008682,ORDGM008682,70.23,INR,pending,
GM002473,ORDGM002473,2580.17,INR,pending,
GM000533,ORDGM000533,94.23,INR,pending,
GM003941,ORDGM003941,943.20,INR,pending,
GM006568,ORDGM006568,502.76,INR,pending,
GM010496,ORDGM010496,682.75,INR,pending,
GM003189,ORDGM003189,34.88,INR,pending,
GM009849,ORDGM009849,759.17,INR,pending,
GM006201,ORDGM006201,900.96,INR,pending,
GM008123,ORDGM008123,1998.39,INR,pending,
GM001017,ORDGM001017,1456.41,INR,pending,
GM007699,ORDGM007699,30.66,INR,pending,
GM005911,ORDGM005911,1418.03,INR,pending,
GM011430,ORDGM011430,2705.12,INR,pending,
GM008907,ORDGM008907,1196.55,INR,pending,
GM001163,ORDGM001163,1883.46,INR,pending,
GM003150,ORDGM003150,460.45,INR,pending,
GM005690,ORDGM005690,6322.73,INR,pending,
GM003400,ORDGM003400,2862.18,INR,pending,
GM009352,ORDGM009352,2703.97,INR,pending,
GM005511,ORDGM005511,2806.51,INR,pending,
GM003101,ORDGM003101,434.75,INR,pending,
GM004759,ORDGM004759,1304.14,INR,pending,
GM004608,ORDGM004608,3078.14,INR,pending,
GM006793,ORDGM006793,12.00,INR,pending,
GM011765,ORDGM011765,939.04,INR,pending,
GM002178,ORDGM002178,1807.09,INR,pending,
GM004485,ORDGM004485,95.62,INR,pending,
GM002734,ORDGM002734,254.10,INR,pending,
GM003516,ORDGM003516,2385.65,INR,pending,
GM011279,ORDGM011279,1249.03,INR,pending,
GM010558,ORDGM010558,988.20,INR,pending,
GM010955,ORDGM010955,5137.56,INR,pending,
GM004507,ORDGM004507,2232.37,INR,pending,
GM007352,ORDGM007352,1576.43,INR,pending,
GM009526,ORDGM009526,472.56,INR,pending,
GM005481,ORDGM005481,2451.18,INR,pending,
GM005493,ORDGM005493,2347.04,INR,pending,
GM004311,ORDGM004311,1046.54,INR,pending,
GM005988,ORDGM005988,645.35,INR,pending,
GM008704,ORDGM008704,3465.99,INR,pending,
GM002868,ORDGM002868,410.35,INR,pending,
GM011352,ORDGM011352,3880.97,INR,pending,
GM007261,ORDGM007261,809.40,INR,pending,
GM004052,ORDGM004052,1341.83,INR,pending,
GM002356,ORDGM002356,7158.68,INR,pending,
GM007109,ORDGM007109,670.75,INR,pending,
GM003581,ORDGM003581,71.36,INR,pending,
GM011167,ORDGM011167,276.30,INR,pending,
GM000715,ORDGM000715,12.96,INR,pending,
GM007059,ORDGM007059,354.33,INR,pending,
GM006690,ORDGM006690,2362.70,INR,pending,
GM003640,ORDGM003640,307.54,INR,pending,
GM006687,ORDGM006687,2856.04,INR,pending,
GM006018,ORDGM006018,1118.10,INR,pending,
GM007208,ORDGM007208,402.78,INR,pending,
GM008070,ORDGM008070,3395.45,INR,pending,
GM006078,ORDGM006078,637.24,INR,pending,
GM008832,ORDGM008832,1944.85,INR,pending,
GM007963,ORDGM007963,3456.31,INR,pending,
GM008767,ORDGM008767,1650.81,INR,pending,
GM000637,ORDGM000637,1019.63,INR,pending,
GM004285,ORDGM004285,2180.52,INR,pending,
GM011655,ORDGM011655,728.27,INR,pending,
GM008355,ORDGM008355,1832.96,INR,pending,
GM001420,ORDGM001420,504.12,INR,pending,
GM001611,ORDGM001611,615.79,INR,pending,
GM000810,ORDGM000810,2480.42,INR,pending,
GM006551,ORDGM006551,1299.16,INR,pending,
GM011844,ORDGM011844,1144.81,INR,pending,
GM005397,ORDGM005397,687.02,INR,pending,
GM011129,ORDGM011129,2274.10,INR,pending,
GM006857,ORDGM006857,1726.40,INR,pending,
GM000609,ORDGM000609,641.69,INR,pending,
GM006423,ORDGM006423,1469.51,INR,pending,
GM004257,ORDGM004257,1240.48,INR,pending,
GM010532,ORDGM010532,450.10,INR,pending,
GM007276,ORDGM007276,2933.18,INR,pending,
GM003882,ORDGM003882,721.91,INR,pending,
GM002309,ORDGM002309,19.07,INR,pending,
GM001024,ORDGM001024,2496.88,INR,pending,
GM006287,ORDGM006287,1042.09,INR,pending,
GM009894,ORDGM009894,3339.91,INR,pending,
GM010555,ORDGM010555,6508.70,INR,pending,
GM002751,ORDGM002751,125.41,INR,pending,
GM003301,ORDGM003301,758.19,INR,pending,
GM000028,ORDGM000028,3708.93,INR,pending,
GM006070,ORDGM006070,3091.70,INR,pending,
GM005974,ORDGM005974,519.37,INR,pending,
GM011861,ORDGM011861,9531.37,INR,pending,
GM004612,ORDGM004612,2276.46,INR,pending,
GM008136,ORDGM008136,3155.31,INR,pending,
GM000935,ORDGM000935,4213.15,INR,pending,
GM005162,ORDGM005162,579.63,INR,pending,
GM005231,ORDGM005231,2408.16,INR,pending,
GM009853,ORDGM009853,1231.65,INR,pending,
GM005692,ORDGM005692,1051.13,INR,pending,
GM006668,ORDGM006668,38.18,INR,pending,
GM003178,ORDGM003178,5354.17,INR,pending,
GM000965,ORDGM000965,49.00,INR,pending,
GM002672,ORDGM002672,3271.71,INR,pending,
GM010547,ORDGM010547,2950.02,INR,pending,
GM005982,ORDGM005982,4731.72,INR,pending,
GM004513,ORDGM004513,155.32,INR,pending,
GM009837,ORDGM009837,3596.66,INR,pending,
GM010039,ORDGM010039,1419.09,INR,pending,
GM007241,ORDGM007241,1809.62,INR,pending,
GM007246,ORDGM007246,66.43,INR,pending,
GM002132,ORDGM002132,792.13,INR,pending,
GM009119,ORDGM009119,160.96,INR,pending,
GM005593,ORDGM005593,1402.44,INR,pending,
GM005242,ORDGM005242,2616.51,INR,pending,
GM011890,ORDGM011890,3016.14,INR,pending,
GM003229,ORDGM003229,2974.17,INR,pending,
GM005232,ORDGM005232,463.26,INR,pending,
GM008630,ORDGM008630,2399.32,INR,pending,
GM005387,ORDGM005387,2394.22,INR,pending,
GM005054,ORDGM005054,4739.39,INR,pending,
GM000292,ORDGM000292,1107.76,INR,pending,
GM011553,ORDGM011553,6169.87,INR,pending,
GM005805,ORDGM005805,922.41,INR,pending,
GM004084,ORDGM004084,947.73,INR,pending,
GM005210,ORDGM005210,680.17,INR,pending,
GM001717,ORDGM001717,803.57,INR,pending,
GM005608,ORDGM005608,812.50,INR,pending,
GM009477,ORDGM009477,2438.07,INR,pending,
GM007044,ORDGM007044,2307.52,INR,pending,
GM009532,ORDGM009532,1981.68,INR,pending,
GM009622,ORDGM009622,316.60,INR,pending,
GM006048,ORDGM006048,1027.39,INR,pending,
GM010341,ORDGM010341,1914.59,INR,pending,
GM011177,ORDGM011177,33.93,INR,pending,
GM003190,ORDGM003190,656.09,INR,pending,
GM000729,ORDGM000729,1569.97,INR,pending,
GM011390,ORDGM011390,1599.41,INR,pending,
GM010813,ORDGM010813,5578.34,INR,pending,
GM001901,ORDGM001901,11656.34,INR,pending,
GM005029,ORDGM005029,531.81,INR,pending,
GM008362,ORDGM008362,1264.17,INR,pending,
GM005142,ORDGM005142,6311.14,INR,pending,
GM001633,ORDGM001633,50.59,INR,pending,
GM011428,ORDGM011428,2298.27,INR,pending,
GM006805,ORDGM006805,1936.58,INR,pending,
GM007206,ORDGM007206,149.54,INR,pending,
GM001468,ORDGM001468,595.43,INR,pending,
GM009405,ORDGM009405,4276.28,INR,pending,
GM011060,ORDGM011060,415.06,INR,pending,
GM011404,ORDGM011404,809.34,INR,pending,
GM002365,ORDGM002365,463.68,INR,pending,
GM006352,ORDGM006352,1475.71,INR,pending,
GM008493,ORDGM008493,43.36,INR,pending,
GM010331,ORDGM010331,263.52,INR,pending,
GM009160,ORDGM009160,182.40,INR,pending,
GM000457,ORDGM000457,493.35,INR,pending,
GM003015,ORDGM003015,1004.65,INR,pending,
GM007278,ORDGM007278,257.93,INR,pending,
GM002198,ORDGM002198,4129.60,INR,pending,
GM011983,ORDGM011983,1509.09,INR,pending,
GM007217,ORDGM007217,615.46,INR,pending,
GM006430,ORDGM006430,628.56,INR,pending,
GM007428,ORDGM007428,4540.58,INR,pending,
GM004768,ORDGM004768,687.27,INR,pending,
GM009969,ORDGM009969,1429.79,INR,pending,
GM004528,ORDGM004528,2921.03,INR,pending,
GM006825,ORDGM006825,1164.15,INR,pending,
GM008558,ORDGM008558,2138.67,INR,pending,
GM007964,ORDGM007964,1187.42,INR,pending,
GM010342,ORDGM010342,2182.34,INR,pending,
GM003049,ORDGM003049,1248.02,INR,pending,
GM008409,ORDGM008409,571.98,INR,pending,
GM002910,ORDGM002910,1915.40,INR,pending,
GM008250,ORDGM008250,811.29,INR,pending,
GM000577,ORDGM000577,1714.32,INR,pending,
GM007758,ORDGM007758,2463.59,INR,pending,
GM000058,ORDGM000058,8.22,INR,pending,
GM005788,ORDGM005788,742.14,INR,pending,
GM004914,ORDGM004914,5.81,INR,pending,
GM011115,ORDGM011115,1170.30,INR,pending,
GM008176,ORDGM008176,1506.64,INR,pending,
GM005746,ORDGM005746,387.94,INR,pending,
GM010887,ORDGM010887,263.78,INR,pending,
GM010798,ORDGM010798,540.38,INR,pending,
GM010631,ORDGM010631,1515.65,INR,pending,
GM008831,ORDGM008831,2973.05,INR,pending,
GM002650,ORDGM002650,1093.73,INR,pending,
GM008086,ORDGM008086,1838.13,INR,pending,
GM003237,ORDGM003237,435.32,INR,pending,
GM011416,ORDGM011416,113.30,INR,pending,
GM000905,ORDGM000905,1848.75,INR,pending,
GM006713,ORDGM006713,5205.91,INR,pending,
GM006599,ORDGM006599,3021.90,INR,pending,
GM004393,ORDGM004393,6395.54,INR,pending,
GM003550,ORDGM003550,4164.60,INR,pending,
GM005504,ORDGM005504,2046.68,INR,pending,
GM001293,ORDGM001293,420.19,INR,pending,
GM001803,ORDGM001803,2972.95,INR,pending,
GM005018,ORDGM005018,921.05,INR,pending,
GM008604,ORDGM008604,84.04,INR,pending,
GM007604,ORDGM007604,1034.87,INR,pending,
GM009108,ORDGM009108,2582.57,INR,pending,
GM007293,ORDGM007293,53.76,INR,pending,
GM003436,ORDGM003436,410.23,INR,pending,
GM002846,ORDGM002846,1844.20,INR,pending,
GM003000,ORDGM003000,1202.61,INR,pending,
GM008405,ORDGM008405,3095.82,INR,pending,
GM000568,ORDGM000568,42.62,INR,pending,
GM000900,ORDGM000900,2850.17,INR,pending,
GM004040,ORDGM004040,92.35,INR,pending,
GM006604,ORDGM006604,4140.74,INR,pending,
GM004196,ORDGM004196,2547.41,INR,pending,
GM008379,ORDGM008379,571.40,INR,pending,
GM008343,ORDGM008343,383.01,INR,pending,
GM000200,ORDGM000200,1750.28,INR,pending,
GM005101,ORDGM005101,3050.58,INR,pending,
GM010133,ORDGM010133,76.30,INR,pending,
GM009214,ORDGM009214,21.67,INR,pending,
GM003541,ORDGM003541,233.41,INR,pending,
GM009057,ORDGM009057,594.00,INR,pending,
GM003529,ORDGM003529,247.13,INR,pending,
GM003096,ORDGM003096,24.45,INR,pending,
GM009567,ORDGM009567,1694.49,INR,pending,
GM010709,ORDGM010709,7002.39,INR,pending,
GM006635,ORDGM006635,1394.30,INR,pending,
GM006930,ORDGM006930,930.52,INR,pending,
GM010925,ORDGM010925,1738.37,INR,pending,
GM001256,ORDGM001256,710.25,INR,pending,
GM005363,ORDGM005363,2052.81,INR,pending,
GM004302,ORDGM004302,4439.15,INR,pending,
GM003788,ORDGM003788,1628.37,INR,pending,
GM007498,ORDGM007498,2526.51,INR,pending,
GM003294,ORDGM003294,1939.00,INR,pending,
GM005049,ORDGM005049,2041.09,INR,pending,
GM004908,ORDGM004908,2925.59,INR,pending,
GM010875,ORDGM010875,210.78,INR,pending,
GM005853,ORDGM005853,828.75,INR,pending,
GM005819,ORDGM005819,335.39,INR,pending,
GM003488,ORDGM003488,1070.48,INR,pending,
GM009165,ORDGM009165,1502.77,INR,pending,
GM008977,ORDGM008977,3219.57,INR,pending,
GM003184,ORDGM003184,183.76,INR,pending,
GM003960,ORDGM003960,198.07,INR,pending,
GM010846,ORDGM010846,2056.98,INR,pending,
GM004355,ORDGM004355,1261.71,INR,pending,
GM009227,ORDGM009227,1402.77,INR,pending,
GM008622,ORDGM008622,4062.83,INR,pending,
GM011444,ORDGM011444,465.19,INR,pending,
GM010862,ORDGM010862,7424.90,INR,pending,
GM001144,ORDGM001144,100.63,INR,pending,
GM004708,ORDGM004708,1251.67,INR,pending,
GM009171,ORDGM009171,269.67,INR,pending,
GM003649,ORDGM003649,3262.99,INR,pending,
GM002414,ORDGM002414,5099.64,INR,pending,
GM005146,ORDGM005146,282.84,INR,pending,
GM005072,ORDGM005072,7621.25,INR,pending,
GM005514,ORDGM005514,3374.44,INR,pending,
GM011621,ORDGM011621,366.97,INR,pending,
GM007553,ORDGM007553,1970.05,INR,pending,
GM007069,ORDGM007069,5155.91,INR,pending,
GM009992,ORDGM009992,2016.65,INR,pending,
GM007277,ORDGM007277,571.70,INR,pending,
GM004448,ORDGM004448,2899.15,INR,pending,
GM006932,ORDGM006932,5582.14,INR,pending,
GM010238,ORDGM010238,402.46,INR,pending,
GM005921,ORDGM005921,2395.85,INR,pending,
GM007368,ORDGM007368,2393.45,INR,pending,
GM000948,ORDGM000948,4619.70,INR,pending,
GM011070,ORDGM011070,725.10,INR,pending,
GM004771,ORDGM004771,1018.61,INR,pending,
GM009261,ORDGM009261,839.47,INR,pending,
GM000858,ORDGM000858,703.94,INR,pending,
GM004132,ORDGM004132,2197.70,INR,pending,
GM002060,ORDGM002060,66.79,INR,pending,
GM010913,ORDGM010913,341.39,INR,pending,
GM000570,ORDGM000570,2031.79,INR,pending,
GM005108,ORDGM005108,484.45,INR,pending,
GM011054,ORDGM011054,501.68,INR,pending,
GM000275,ORDGM000275,2220.61,INR,pending,
GM007969,ORDGM007969,356.52,INR,pending,
GM002045,ORDGM002045,470.02,INR,pending,
GM002349,ORDGM002349,429.37,INR,pending,
GM006268,ORDGM006268,2529.14,INR,pending,
GM009584,ORDGM009584,2075.16,INR,pending,
GM002131,ORDGM002131,2273.64,INR,pending,
GM001456,ORDGM001456,5323.01,INR,pending,
GM009303,ORDGM009303,10884.56,INR,pending,
GM010234,ORDGM010234,8.02,INR,pending,
GM008693,ORDGM008693,5620.33,INR,pending,
GM001016,ORDGM001016,2975.59,INR,pending,
GM004747,ORDGM004747,4623.20,INR,pending,
GM007575,ORDGM007575,2186.10,INR,pending,
GM011160,ORDGM011160,761.98,INR,pending,
GM005015,ORDGM005015,2451.71,INR,pending,
GM001466,ORDGM001466,813.57,INR,pending,
GM008702,ORDGM008702,1984.60,INR,pending,
GM006461,ORDGM006461,6320.67,INR,pending,
GM006650,ORDGM006650,2224.60,INR,pending,
GM011602,ORDGM011602,68.68,INR,pending,
GM006123,ORDGM006123,853.97,INR,pending,
GM009223,ORDGM009223,1041.11,INR,pending,
GM009168,ORDGM009168,3708.04,INR,pending,
GM002746,ORDGM002746,1149.54,INR,pending,
GM000931,ORDGM000931,1131.08,INR,pending,
GM004043,ORDGM004043,159.30,INR,pending,
GM006349,ORDGM006349,96.50,INR,pending,
GM010918,ORDGM010918,2562.06,INR,pending,
GM000870,ORDGM000870,277.09,INR,pending,
GM004237,ORDGM004237,919.20,INR,pending,
GM010429,ORDGM010429,1871.99,INR,pending,
GM010189,ORDGM010189,2157.78,INR,pending,
GM008865,ORDGM008865,357.78,INR,pending,
GM004633,ORDGM004633,1504.84,INR,pending,
GM007312,ORDGM007312,503.26,INR,pending,
GM007297,ORDGM007297,10908.06,INR,pending,
GM006907,ORDGM006907,1249.58,INR,pending,
GM001132,ORDGM001132,3316.81,INR,pending,
GM007270,ORDGM007270,1307.92,INR,pending,
GM005632,ORDGM005632,62.08,INR,pending,
GM001160,ORDGM001160,3601.96,INR,pending,
GM011159,ORDGM011159,3812.18,INR,pending,
GM010098,ORDGM010098,205.79,INR,pending,
GM008539,ORDGM008539,2364.75,INR,pending,
GM003431,ORDGM003431,2583.94,INR,pending,
GM011755,ORDGM011755,435.99,INR,pending,
GM004396,ORDGM004396,206.84,INR,pending,
GM010233,ORDGM010233,351.11,INR,pending,
GM010198,ORDGM010198,4135.44,INR,pending,
GM004152,ORDGM004152,533.86,INR,pending,
GM001351,ORDGM001351,1106.98,INR,pending,
GM011109,ORDGM011109,72.24,INR,pending,
GM008365,ORDGM008365,230.48,INR,pending,
GM011162,ORDGM011162,462.68,INR,pending,
GM003682,ORDGM003682,3441.50,INR,pending,
GM004128,ORDGM004128,13900.79,INR,pending,
GM007194,ORDGM007194,593.68,INR,pending,
GM008559,ORDGM008559,963.27,INR,pending,
GM003263,ORDGM003263,902.99,INR,pending,
GM000838,ORDGM000838,269.46,INR,pending,
GM008320,ORDGM008320,1966.09,INR,pending,
GM008196,ORDGM008196,1761.89,INR,pending,
GM008494,ORDGM008494,1427.88,INR,pending,
GM010649,ORDGM010649,2447.32,INR,pending,
GM007544,ORDGM007544,567.52,INR,pending,
GM010945,ORDGM010945,3135.75,INR,pending,
GM007542,ORDGM007542,27.79,INR,pending,
GM008441,ORDGM008441,412.12,INR,pending,
GM007892,ORDGM007892,157.25,INR,pending,
GM008209,ORDGM008209,240.43,INR,pending,
GM010059,ORDGM010059,1074.91,INR,pending,
GM007703,ORDGM007703,1866.17,INR,pending,
GM008231,ORDGM008231,1278.03,INR,pending,
GM000857,ORDGM000857,1423.48,INR,pending,
GM002582,ORDGM002582,853.97,INR,pending,
GM008467,ORDGM008467,4172.37,INR,pending,
GM005227,ORDGM005227,7376.16,INR,pending,
GM004407,ORDGM004407,1520.48,INR,pending,
GM000920,ORDGM000920,2833.86,INR,pending,
GM000364,ORDGM000364,3094.99,INR,pending,
GM005094,ORDGM005094,89.61,INR,pending,
GM011619,ORDGM011619,467.26,INR,pending,
GM008424,ORDGM008424,6141.81,INR,pending,
GM007894,ORDGM007894,2256.66,INR,pending,
GM001813,ORDGM001813,405.50,INR,pending,
GM003889,ORDGM003889,2756.61,INR,pending,
GM000350,ORDGM000350,3168.93,INR,pending,
GM007202,ORDGM007202,821.00,INR,pending,
GM004571,ORDGM004571,1445.86,INR,pending,
GM005205,ORDGM005205,1454.98,INR,pending,
GM000507,ORDGM000507,6305.77,INR,pending,
GM011478,ORDGM011478,4934.98,INR,pending,
GM005569,ORDGM005569,235.41,INR,pending,
GM011822,ORDGM011822,349.21,INR,pending,
GM003369,ORDGM003369,1902.60,INR,pending,
GM003318,ORDGM003318,435.16,INR,pending,
GM007519,ORDGM007519,522.16,INR,pending,
GM000964,ORDGM000964,2408.60,INR,pending,
GM010544,ORDGM010544,6615.01,INR,pending,
GM000716,ORDGM000716,2590.35,INR,pending,
GM008905,ORDGM008905,485.04,INR,pending,
GM000020,ORDGM000020,4945.55,INR,pending,
GM004072,ORDGM004072,777.99,INR,pending,
GM001146,ORDGM001146,1091.72,INR,pending,
GM002294,ORDGM002294,1417.70,INR,pending,
GM000096,ORDGM000096,191.64,INR,pending,
GM008504,ORDGM008504,2523.68,INR,pending,
GM010377,ORDGM010377,2685.88,INR,pending,
GM004069,ORDGM004069,1427.01,INR,pending,
GM009562,ORDGM009562,1048.11,INR,pending,
GM007075,ORDGM007075,180.56,INR,pending,
GM007220,ORDGM007220,1129.18,INR,pending,
GM002490,ORDGM002490,3593.92,INR,pending,
GM004637,ORDGM004637,301.60,INR,pending,
GM007793,ORDGM007793,1155.36,INR,pending,
GM007253,ORDGM007253,57.47,INR,pending,
GM006574,ORDGM006574,4695.23,INR,pending,
GM008281,ORDGM008281,1206.91,INR,pending,
GM003784,ORDGM003784,2281.19,INR,pending,
GM009711,ORDGM009711,165.97,INR,pending,
GM008434,ORDGM008434,4648.13,INR,pending,
GM008870,ORDGM008870,3481.90,INR,pending,
GM003135,ORDGM003135,3160.56,INR,pending,
GM004927,ORDGM004927,1661.74,INR,pending,
GM001643,ORDGM001643,964.73,INR,pending,
GM002949,ORDGM002949,4149.42,INR,pending,
GM010485,ORDGM010485,2359.16,INR,pending,
GM001311,ORDGM001311,3141.70,INR,pending,
GM007153,ORDGM007153,603.72,INR,pending,
GM004479,ORDGM004479,477.20,INR,pending,
GM009158,ORDGM009158,5851.34,INR,pending,
GM010628,ORDGM010628,1495.53,INR,pending,
GM010169,ORDGM010169,1299.66,INR,pending,
GM005961,ORDGM005961,2301.59,INR,pending,
GM001515,ORDGM001515,926.75,INR,pending,
GM002662,ORDGM002662,1201.09,INR,pending,
GM002524,ORDGM002524,2453.74,INR,pending,
GM010402,ORDGM010402,3412.78,INR,pending,
GM000852,ORDGM000852,560.29,INR,pending,
GM000487,ORDGM000487,1690.87,INR,pending,
GM001787,ORDGM001787,1462.63,INR,pending,
GM008263,ORDGM008263,960.86,INR,pending,
GM000700,ORDGM000700,1611.81,INR,pending,
GM002351,ORDGM002351,1395.46,INR,pending,
GM010257,ORDGM010257,3931.27,INR,pending,
GM002894,ORDGM002894,3252.24,INR,pending,
GM005370,ORDGM005370,5625.61,INR,pending,
GM007371,ORDGM007371,945.57,INR,pending,
GM006836,ORDGM006836,23.93,INR,pending,
GM003545,ORDGM003545,2203.16,INR,pending,
GM002795,ORDGM002795,828.23,INR,pending,
GM011197,ORDGM011197,341.59,INR,pending,
GM005023,ORDGM005023,1009.10,INR,pending,
GM003944,ORDGM003944,638.88,INR,pending,
GM005437,ORDGM005437,1374.09,INR,pending,
GM009491,ORDGM009491,1898.98,INR,pending,
GM000833,ORDGM000833,846.07,INR,pending,
GM002069,ORDGM002069,5172.74,INR,pending,
GM011654,ORDGM011654,6839.66,INR,pending,
GM002815,ORDGM002815,2067.40,INR,pending,
GM008353,ORDGM008353,2012.19,INR,pending,
GM004404,ORDGM004404,1000.60,INR,pending,
GM002231,ORDGM002231,305.26,INR,pending,
GM006780,ORDGM006780,2691.45,INR,pending,
GM010818,ORDGM010818,658.51,INR,pending,
GM003916,ORDGM003916,1548.10,INR,pending,
GM005968,ORDGM005968,652.07,INR,pending,
GM007755,ORDGM007755,1850.71,INR,pending,
GM006162,ORDGM006162,934.05,INR,pending,
GM007741,ORDGM007741,133.22,INR,pending,
GM006381,ORDGM006381,59.92,INR,pending,
GM007009,ORDGM007009,646.83,INR,pending,
GM006184,ORDGM006184,2184.46,INR,pending,
GM000851,ORDGM000851,368.10,INR,pending,
GM005464,ORDGM005464,878.99,INR,pending,
GM004712,ORDGM004712,1978.86,INR,pending,
GM003490,ORDGM003490,1169.43,INR,pending,
GM002623,ORDGM002623,10705.69,INR,pending,
GM003328,ORDGM003328,9643.18,INR,pending,
GM005424,ORDGM005424,6136.21,INR,pending,
GM007231,ORDGM007231,7218.34,INR,pending,
GM007528,ORDGM007528,1449.90,INR,pending,
GM005181,ORDGM005181,1730.71,INR,pending,
GM007440,ORDGM007440,326.79,INR,pending,
GM000663,ORDGM000663,955.82,INR,pending,
GM008031,ORDGM008031,2822.86,INR,pending,
GM006100,ORDGM006100,6557.19,INR,pending,
GM004144,ORDGM004144,4872.97,INR,pending,
GM009536,ORDGM009536,912.86,INR,pending,
GM005973,ORDGM005973,547.50,INR,pending,
GM011236,ORDGM011236,335.41,INR,pending,
